scene,config,j,threshold,process_seed,row,kind,attempt,status,reason,alias_of,data_device,rho,rho_cv,lam_cv,n_ckpt,n_pruned,n_kept_colour,n_colour_quantized,c3dgs_PSNR,c3dgs_SSIM,c3dgs_LPIPS,npz_bytes,size_MiB,size_MB,index_entropy_bits,distinct_indices,codebook_entropy_bits,codebook_distinct,arrays,PSNR_ii,SSIM_ii,LPIPS_ii,psnr_ii_per_view,resolution_ii,n_views_ii,eval_ii_time_s,fidelity_psnr,fidelity_pooled_psnr,fidelity_time_s,fidelity_cuda_peak,fidelity_rss_peak,vq_iterations,vq_stopped_because,vq_last_relative_drop,vq_reseeded_total,vq_time_s,spec,table_range,qa_at_save,row_time_s,row_cuda_peak_allocated,row_cuda_peak_reserved,row_rss_start_bytes,row_rss_peak_bytes,checks_ok,geometry_sha1,npz2ply_time_s,process_wall_s,process_peak_allocated,process_peak_reserved,process_rss_peak,model_sha1,c3dgs_commit,ogc_commit,gsplat_commit,timestamp
treehill,uncompressed,,,,,uncompressed,,ok,,,,,,,,,,,,,,,,,,,,,,22.31263754102919,0.626823859082328,0.3238324671983719,"[17.280332565307617, 18.957571029663086, 19.39141082763672, 19.70623207092285, 20.002479553222656, 21.679203033447266, 23.58184814453125, 24.973388671875, 21.803781509399414, 24.905683517456055, 24.537994384765625, 21.362947463989258, 24.665691375732422, 24.127700805664062, 21.46239471435547, 25.700876235961914, 23.25376319885254, 24.234176635742188]","[[1267, 832]]",18,7.957781841000042,,,,,,,,,,,,,,,,,,,,,,,,,,3dd0f6a4ff4bfa92df229816d13921d1b4a7a774,2a234af55fbe8b90c8829c1436ce80088c4b622b,49ccae72e75eec9877354ed72074827531f7fd79,c0e34e8efa57,2026-10-02T11:54:45
treehill,p0_c3dgs,0,6e-07,0,c3dgs,fork,0,ok,,,cpu,,0.1,0.001,3783761,377859,81863,3324039,,,,34856980,33.24220657348633,34.85698,9.382566108738535,83846,9.04412775561725,1983,"{""quantization"": {""compressed_bytes"": 67, ""uncompressed_bytes"": 129}, ""xyz"": {""compressed_bytes"": 13828959, ""uncompressed_bytes"": 20435540}, ""features_dc"": {""compressed_bytes"": 164571, ""uncompressed_bytes"": 258005}, ""features_dc_scale"": {""compressed_bytes"": 72, ""uncompressed_bytes"": 132}, ""features_dc_zero_point"": {""compressed_bytes"": 73, ""uncompressed_bytes"": 132}, ""features_rest"": {""compressed_bytes"": 2323407, ""uncompressed_bytes"": 3868283}, ""features_rest_scale"": {""compressed_bytes"": 72, ""uncompressed_bytes"": 132}, ""features_rest_zero_point"": {""compressed_bytes"": 72, ""uncompressed_bytes"": 132}, ""opacity"": {""compressed_bytes"": 2781651, ""uncompressed_bytes"": 3406030}, ""opacity_scale"": {""compressed_bytes"": 72, ""uncompressed_bytes"": 132}, ""opacity_zero_point"": {""compressed_bytes"": 73, ""uncompressed_bytes"": 132}, ""feature_indices"": {""compressed_bytes"": 4474412, ""uncompressed_bytes"": 13623736}, ""gaussian_indices"": {""compressed_bytes"": 6495963, ""uncompressed_bytes"": 13623736}, ""scaling"": {""compressed_bytes"": 811119, ""uncompressed_bytes"": 1282853}, ""scaling_scale"": {""compressed_bytes"": 72, ""uncompressed_bytes"": 132}, ""scaling_zero_point"": {""compressed_bytes"": 73, ""uncompressed_bytes"": 132}, ""scaling_factor"": {""compressed_bytes"": 2618357, ""uncompressed_bytes"": 3406030}, ""scaling_factor_scale"": {""compressed_bytes"": 72, ""uncompressed_bytes"": 132}, ""scaling_factor_zero_point"": {""compressed_bytes"": 72, ""uncompressed_bytes"": 132}, ""rotation"": {""compressed_bytes"": 1354640, ""uncompressed_bytes"": 1710428}, ""rotation_scale"": {""compressed_bytes"": 72, ""uncompressed_bytes"": 132}, ""rotation_zero_point"": {""compressed_bytes"": 73, ""uncompressed_bytes"": 132}}",22.098660151163738,0.5981741282675002,0.3644857141706679,"[17.336456298828125, 18.9746036529541, 19.365264892578125, 19.764892578125, 19.939599990844727, 21.628026962280273, 23.35570526123047, 24.262765884399414, 21.596431732177734, 24.176855087280273, 24.0961971282959, 21.26335334777832, 24.27085304260254, 24.161752700805664, 21.35239601135254, 25.244075775146484, 23.254854202270508, 23.73179817199707]","[[1267, 832]]",18,6.986775037999905,"{""-40"": 31.840449863009983, ""-20"": 31.749013900756836, ""-10"": 31.66410795847575, ""0"": 31.628001530965168, ""10"": 31.69854270087348, ""20"": 31.693082067701553, ""40"": 31.59794372982449}","{""-40"": 31.766656537152116, ""-20"": 31.70997296806185, ""-10"": 31.63368000072699, ""0"": 31.602440872396382, ""10"": 31.650331066785103, ""20"": 31.61931327794701, ""40"": 31.53033067286717}",3.440812195000035,2781704192,4741996544,,,,,,,"{""bits"": 8, ""dtype"": ""qint8"", ""step"": 0.007416927721351385, ""dc"": {""scale"": 0.05522720143198967, ""zero_point"": -83, ""grid_min"": -2.485224064439535, ""grid_max"": 11.59771230071783, ""codebook_min"": -1.7606971263885498, ""codebook_max"": 5.270696640014648, ""n_outside_grid"": 0, ""n_values"": 12288}, ""rest"": {""scale"": 0.007416927721351385, ""zero_point"": 2, ""grid_min"": -0.9642006037756801, ""grid_max"": 0.9271159651689231, ""codebook_min"": -0.6250208020210266, ""codebook_max"": 0.6710372567176819, ""n_outside_grid"": 0, ""n_values"": 184320}}","{""dc_scale"": 0.05522720143198967, ""dc_zero_point"": -83, ""rest_scale"": 0.007416927721351385, ""rest_zero_point"": 2}",138.95901210900047,3763421696,4339007488,4104306688,4106690560,True,db6f320473510d99e5ddd47e09a2730607f5054c,35.507729291915894,4588.133476018906,7759008768,8510242816,14247030784,3dd0f6a4ff4bfa92df229816d13921d1b4a7a774,2a234af55fbe8b90c8829c1436ce80088c4b622b,49ccae72e75eec9877354ed72074827531f7fd79,c0e34e8efa57,2026-10-02T14:22:00
treehill,p0_gnvq_cv,0,6e-07,0,gnvq_cv,fork,0,ok,,,cpu,0.1,0.1,0.001,3783761,377859,81863,3324039,,,,35691601,34.03816318511963,35.691601,9.966135371989061,84259,9.642068911194395,2396,"{""quantization"": {""compressed_bytes"": 67, ""uncompressed_bytes"": 129}, ""xyz"": {""compressed_bytes"": 13828959, ""uncompressed_bytes"": 20435540}, ""features_dc"": {""compressed_bytes"": 165050, ""uncompressed_bytes"": 258005}, ""features_dc_scale"": {""compressed_bytes"": 72, ""uncompressed_bytes"": 132}, ""features_dc_zero_point"": {""compressed_bytes"": 73, ""uncompressed_bytes"": 132}, ""features_rest"": {""compressed_bytes"": 2341234, ""uncompressed_bytes"": 3868283}, ""features_rest_scale"": {""compressed_bytes"": 72, ""uncompressed_bytes"": 132}, ""features_rest_zero_point"": {""compressed_bytes"": 72, ""uncompressed_bytes"": 132}, ""opacity"": {""compressed_bytes"": 2781651, ""uncompressed_bytes"": 3406030}, ""opacity_scale"": {""compressed_bytes"": 72, ""uncompressed_bytes"": 132}, ""opacity_zero_point"": {""compressed_bytes"": 73, ""uncompressed_bytes"": 132}, ""feature_indices"": {""compressed_bytes"": 5290727, ""uncompressed_bytes"": 13623736}, ""gaussian_indices"": {""compressed_bytes"": 6495963, ""uncompressed_bytes"": 13623736}, ""scaling"": {""compressed_bytes"": 811119, ""uncompressed_bytes"": 1282853}, ""scaling_scale"": {""compressed_bytes"": 72, ""uncompressed_bytes"": 132}, ""scaling_zero_point"": {""compressed_bytes"": 73, ""uncompressed_bytes"": 132}, ""scaling_factor"": {""compressed_bytes"": 2618357, ""uncompressed_bytes"": 3406030}, ""scaling_factor_scale"": {""compressed_bytes"": 72, ""uncompressed_bytes"": 132}, ""scaling_factor_zero_point"": {""compressed_bytes"": 72, ""uncompressed_bytes"": 132}, ""rotation"": {""compressed_bytes"": 1354640, ""uncompressed_bytes"": 1710428}, ""rotation_scale"": {""compressed_bytes"": 72, ""uncompressed_bytes"": 132}, ""rotation_zero_point"": {""compressed_bytes"": 73, ""uncompressed_bytes"": 132}}",22.187232547336155,0.6102582448058658,0.3479685170782937,"[17.276443481445312, 18.924976348876953, 19.339832305908203, 19.71942710876465, 19.938777923583984, 21.618022918701172, 23.465869903564453, 24.664142608642578, 21.773571014404297, 24.64716911315918, 24.316524505615234, 21.284889221191406, 24.49434471130371, 24.09900665283203, 21.360864639282227, 25.422409057617188, 23.149988174438477, 23.873926162719727]","[[1267, 832]]",18,6.576359810000213,"{""-40"": 34.25494299994575, ""-20"": 34.2101559109158, ""-10"": 34.039391623602974, ""0"": 33.96455510457357, ""10"": 34.06021711561415, ""20"": 34.145876460605194, ""40"": 34.10368484920926}","{""-40"": 34.164680232283764, ""-20"": 34.144683844477434, ""-10"": 33.97285132575755, ""0"": 33.90277016537313, ""10"": 33.97997250762614, ""20"": 34.03544046654336, ""40"": 33.989827922793424}",3.437729629000387,2781713408,3924119552,20,max_iters,0.002283314377248473,,399.57967809300044,"{""rho"": ""cv"", ""start"": ""c3dgs"", ""reseed"": false, ""clip"": ""global"", ""update"": ""ridge"", ""eps"": 0.01, ""max_iters"": 20, ""rel_tol"": 0.001, ""final"": ""int8""}","{""bits"": 8, ""dtype"": ""qint8"", ""step"": 0.007416927721351385, ""dc"": {""scale"": 0.05522720143198967, ""zero_point"": -83, ""grid_min"": -2.485224064439535, ""grid_max"": 11.59771230071783, ""codebook_min"": -1.7467955350875854, ""codebook_max"": 5.270696640014648, ""n_outside_grid"": 0, ""n_values"": 12288}, ""rest"": {""scale"": 0.007416927721351385, ""zero_point"": 2, ""grid_min"": -0.9642006037756801, ""grid_max"": 0.9271159651689231, ""codebook_min"": -1.026895523071289, ""codebook_max"": 0.7427729964256287, ""n_outside_grid"": 1, ""n_values"": 184320}}","{""dc_scale"": 0.05522720143198967, ""dc_zero_point"": -83, ""rest_scale"": 0.007416927721351385, ""rest_zero_point"": 2}",400.9674233320002,5982710784,6692012032,8051097600,8245186560,True,db6f320473510d99e5ddd47e09a2730607f5054c,37.02294206619263,4588.133476018906,7759008768,8510242816,14247030784,3dd0f6a4ff4bfa92df229816d13921d1b4a7a774,2a234af55fbe8b90c8829c1436ce80088c4b622b,49ccae72e75eec9877354ed72074827531f7fd79,c0e34e8efa57,2026-10-02T14:22:00
treehill,p0_lad_reseed,0,6e-07,0,lad_reseed,fork,0,ok,,,cpu,0.1,0.1,0.001,3783761,377859,81863,3324039,,,,36273558,34.59316062927246,36.273558,11.114978575366738,85959,10.819205329891778,4096,"{""quantization"": {""compressed_bytes"": 67, ""uncompressed_bytes"": 129}, ""xyz"": {""compressed_bytes"": 13828959, ""uncompressed_bytes"": 20435540}, ""features_dc"": {""compressed_bytes"": 169186, ""uncompressed_bytes"": 258005}, ""features_dc_scale"": {""compressed_bytes"": 72, ""uncompressed_bytes"": 132}, ""features_dc_zero_point"": {""compressed_bytes"": 73, ""uncompressed_bytes"": 132}, ""features_rest"": {""compressed_bytes"": 2404159, ""uncompressed_bytes"": 3868283}, ""features_rest_scale"": {""compressed_bytes"": 72, ""uncompressed_bytes"": 132}, ""features_rest_zero_point"": {""compressed_bytes"": 72, ""uncompressed_bytes"": 132}, ""opacity"": {""compressed_bytes"": 2781651, ""uncompressed_bytes"": 3406030}, ""opacity_scale"": {""compressed_bytes"": 72, ""uncompressed_bytes"": 132}, ""opacity_zero_point"": {""compressed_bytes"": 73, ""uncompressed_bytes"": 132}, ""feature_indices"": {""compressed_bytes"": 5805623, ""uncompressed_bytes"": 13623736}, ""gaussian_indices"": {""compressed_bytes"": 6495963, ""uncompressed_bytes"": 13623736}, ""scaling"": {""compressed_bytes"": 811119, ""uncompressed_bytes"": 1282853}, ""scaling_scale"": {""compressed_bytes"": 72, ""uncompressed_bytes"": 132}, ""scaling_zero_point"": {""compressed_bytes"": 73, ""uncompressed_bytes"": 132}, ""scaling_factor"": {""compressed_bytes"": 2618357, ""uncompressed_bytes"": 3406030}, ""scaling_factor_scale"": {""compressed_bytes"": 72, ""uncompressed_bytes"": 132}, ""scaling_factor_zero_point"": {""compressed_bytes"": 72, ""uncompressed_bytes"": 132}, ""rotation"": {""compressed_bytes"": 1354640, ""uncompressed_bytes"": 1710428}, ""rotation_scale"": {""compressed_bytes"": 72, ""uncompressed_bytes"": 132}, ""rotation_zero_point"": {""compressed_bytes"": 73, ""uncompressed_bytes"": 132}}",22.181456353929306,0.611468536986245,0.34657324850559235,"[17.268436431884766, 18.91127586364746, 19.326196670532227, 19.65415382385254, 19.926631927490234, 21.620220184326172, 23.455078125, 24.657550811767578, 21.736087799072266, 24.653606414794922, 24.320045471191406, 21.271808624267578, 24.50786590576172, 24.09951400756836, 21.358827590942383, 25.445810317993164, 23.183515548706055, 23.86958885192871]","[[1267, 832]]",18,6.56045903499944,"{""-40"": 34.47553168402778, ""-20"": 34.46071815490723, ""-10"": 34.278969022962784, ""0"": 34.1958433787028, ""10"": 34.28680610656738, ""20"": 34.35829226175944, ""40"": 34.326908111572266}","{""-40"": 34.3878335591068, ""-20"": 34.39251350488576, ""-10"": 34.21501332475116, ""0"": 34.13390826890911, ""10"": 34.2076113975036, ""20"": 34.252320613643654, ""40"": 34.212954876060905}",3.4296469509990857,2781722624,3924119552,19,rel_tol,0.0009560936823747937,0,382.6132862630002,"{""rho"": ""cv"", ""start"": ""c3dgs"", ""reseed"": true, ""clip"": ""global"", ""update"": ""ridge"", ""eps"": 0.01, ""max_iters"": 20, ""rel_tol"": 0.001, ""final"": ""int8""}","{""bits"": 8, ""dtype"": ""qint8"", ""step"": 0.007416927721351385, ""dc"": {""scale"": 0.05522720143198967, ""zero_point"": -83, ""grid_min"": -2.485224064439535, ""grid_max"": 11.59771230071783, ""codebook_min"": -2.374769687652588, ""codebook_max"": 11.266348838806152, ""n_outside_grid"": 0, ""n_values"": 12288}, ""rest"": {""scale"": 0.007416927721351385, ""zero_point"": 2, ""grid_min"": -0.9642006037756801, ""grid_max"": 0.9271159651689231, ""codebook_min"": -0.8600770235061646, ""codebook_max"": 0.8765019178390503, ""n_outside_grid"": 0, ""n_values"": 184320}}","{""dc_scale"": 0.05522720143198967, ""dc_zero_point"": -83, ""rest_scale"": 0.007416927721351385, ""rest_zero_point"": 2}",384.0879972950006,7156718592,8501854208,8102576128,8246280192,True,db6f320473510d99e5ddd47e09a2730607f5054c,36.634039640426636,4588.133476018906,7759008768,8510242816,14247030784,3dd0f6a4ff4bfa92df229816d13921d1b4a7a774,2a234af55fbe8b90c8829c1436ce80088c4b622b,49ccae72e75eec9877354ed72074827531f7fd79,c0e34e8efa57,2026-10-02T14:22:00
treehill,p0_lad_init_tr,0,6e-07,0,lad_init_tr,fork,0,ok,,,cpu,0.1,0.1,0.001,3783761,377859,81863,3324039,,,,36392860,34.70693588256836,36.39286,11.657336198914317,85927,11.374919903263496,4064,"{""quantization"": {""compressed_bytes"": 67, ""uncompressed_bytes"": 129}, ""xyz"": {""compressed_bytes"": 13828959, ""uncompressed_bytes"": 20435540}, ""features_dc"": {""compressed_bytes"": 166885, ""uncompressed_bytes"": 258005}, ""features_dc_scale"": {""compressed_bytes"": 72, ""uncompressed_bytes"": 132}, ""features_dc_zero_point"": {""compressed_bytes"": 73, ""uncompressed_bytes"": 132}, ""features_rest"": {""compressed_bytes"": 2383446, ""uncompressed_bytes"": 3868283}, ""features_rest_scale"": {""compressed_bytes"": 72, ""uncompressed_bytes"": 132}, ""features_rest_zero_point"": {""compressed_bytes"": 72, ""uncompressed_bytes"": 132}, ""opacity"": {""compressed_bytes"": 2781651, ""uncompressed_bytes"": 3406030}, ""opacity_scale"": {""compressed_bytes"": 72, ""uncompressed_bytes"": 132}, ""opacity_zero_point"": {""compressed_bytes"": 73, ""uncompressed_bytes"": 132}, ""feature_indices"": {""compressed_bytes"": 5947939, ""uncompressed_bytes"": 13623736}, ""gaussian_indices"": {""compressed_bytes"": 6495963, ""uncompressed_bytes"": 13623736}, ""scaling"": {""compressed_bytes"": 811119, ""uncompressed_bytes"": 1282853}, ""scaling_scale"": {""compressed_bytes"": 72, ""uncompressed_bytes"": 132}, ""scaling_zero_point"": {""compressed_bytes"": 73, ""uncompressed_bytes"": 132}, ""scaling_factor"": {""compressed_bytes"": 2618357, ""uncompressed_bytes"": 3406030}, ""scaling_factor_scale"": {""compressed_bytes"": 72, ""uncompressed_bytes"": 132}, ""scaling_factor_zero_point"": {""compressed_bytes"": 72, ""uncompressed_bytes"": 132}, ""rotation"": {""compressed_bytes"": 1354640, ""uncompressed_bytes"": 1710428}, ""rotation_scale"": {""compressed_bytes"": 72, ""uncompressed_bytes"": 132}, ""rotation_zero_point"": {""compressed_bytes"": 73, ""uncompressed_bytes"": 132}}",22.204115867614746,0.6124107274744246,0.34507346981101567,"[17.28484344482422, 18.92600440979004, 19.36278533935547, 19.73750877380371, 19.963476181030273, 21.623092651367188, 23.51466178894043, 24.76680564880371, 21.785160064697266, 24.72283363342285, 24.33664321899414, 21.272371292114258, 24.50438690185547, 24.051603317260742, 21.35547637939453, 25.43724250793457, 23.13011360168457, 23.899076461791992]","[[1267, 832]]",18,6.543189760001042,"{""-40"": 34.67112625969781, ""-20"": 34.667193518744575, ""-10"": 34.48878309461806, ""0"": 34.39192348056369, ""10"": 34.49555312262641, ""20"": 34.57435332404243, ""40"": 34.518220371670196}","{""-40"": 34.57990919676846, ""-20"": 34.59155735295059, ""-10"": 34.413051474059756, ""0"": 34.31719153654021, ""10"": 34.408927632206414, ""20"": 34.4636549778286, ""40"": 34.40199850961977}",3.4338136080004915,2781731840,3924119552,18,rel_tol,0.000959868169955388,,362.46698329300034,"{""rho"": ""cv"", ""start"": ""ogc_init"", ""reseed"": false, ""clip"": ""global"", ""update"": ""ridge"", ""eps"": 0.01, ""max_iters"": 20, ""rel_tol"": 0.001, ""final"": ""int8""}","{""bits"": 8, ""dtype"": ""qint8"", ""step"": 0.007416927721351385, ""dc"": {""scale"": 0.05522720143198967, ""zero_point"": -83, ""grid_min"": -2.485224064439535, ""grid_max"": 11.59771230071783, ""codebook_min"": -1.9881792068481445, ""codebook_max"": 5.270696640014648, ""n_outside_grid"": 0, ""n_values"": 12288}, ""rest"": {""scale"": 0.007416927721351385, ""zero_point"": 2, ""grid_min"": -0.9642006037756801, ""grid_max"": 0.9271159651689231, ""codebook_min"": -0.6455230116844177, ""codebook_max"": 0.6563970446586609, ""n_outside_grid"": 0, ""n_values"": 184320}}","{""dc_scale"": 0.05522720143198967, ""dc_zero_point"": -83, ""rest_scale"": 0.007416927721351385, ""rest_zero_point"": 2}",378.2916254389993,7759008768,8503951360,8103665664,8286658560,True,db6f320473510d99e5ddd47e09a2730607f5054c,37.0516197681427,4588.133476018906,7759008768,8510242816,14247030784,3dd0f6a4ff4bfa92df229816d13921d1b4a7a774,2a234af55fbe8b90c8829c1436ce80088c4b622b,49ccae72e75eec9877354ed72074827531f7fd79,c0e34e8efa57,2026-10-02T14:22:00
treehill,p0_lad_clip_part,0,6e-07,0,lad_clip_part,fork,0,ok,,,cpu,0.1,0.1,0.001,3783761,377859,81863,3324039,,,,35692332,34.03886032104492,35.692332,9.968326359655533,84275,9.64431385756091,2412,"{""quantization"": {""compressed_bytes"": 67, ""uncompressed_bytes"": 129}, ""xyz"": {""compressed_bytes"": 13828959, ""uncompressed_bytes"": 20435540}, ""features_dc"": {""compressed_bytes"": 165083, ""uncompressed_bytes"": 258005}, ""features_dc_scale"": {""compressed_bytes"": 72, ""uncompressed_bytes"": 132}, ""features_dc_zero_point"": {""compressed_bytes"": 73, ""uncompressed_bytes"": 132}, ""features_rest"": {""compressed_bytes"": 2341739, ""uncompressed_bytes"": 3868283}, ""features_rest_scale"": {""compressed_bytes"": 72, ""uncompressed_bytes"": 132}, ""features_rest_zero_point"": {""compressed_bytes"": 72, ""uncompressed_bytes"": 132}, ""opacity"": {""compressed_bytes"": 2781651, ""uncompressed_bytes"": 3406030}, ""opacity_scale"": {""compressed_bytes"": 72, ""uncompressed_bytes"": 132}, ""opacity_zero_point"": {""compressed_bytes"": 73, ""uncompressed_bytes"": 132}, ""feature_indices"": {""compressed_bytes"": 5290920, ""uncompressed_bytes"": 13623736}, ""gaussian_indices"": {""compressed_bytes"": 6495963, ""uncompressed_bytes"": 13623736}, ""scaling"": {""compressed_bytes"": 811119, ""uncompressed_bytes"": 1282853}, ""scaling_scale"": {""compressed_bytes"": 72, ""uncompressed_bytes"": 132}, ""scaling_zero_point"": {""compressed_bytes"": 73, ""uncompressed_bytes"": 132}, ""scaling_factor"": {""compressed_bytes"": 2618357, ""uncompressed_bytes"": 3406030}, ""scaling_factor_scale"": {""compressed_bytes"": 72, ""uncompressed_bytes"": 132}, ""scaling_factor_zero_point"": {""compressed_bytes"": 72, ""uncompressed_bytes"": 132}, ""rotation"": {""compressed_bytes"": 1354640, ""uncompressed_bytes"": 1710428}, ""rotation_scale"": {""compressed_bytes"": 72, ""uncompressed_bytes"": 132}, ""rotation_zero_point"": {""compressed_bytes"": 73, ""uncompressed_bytes"": 132}}",22.18737644619412,0.610236277182897,0.34797230031755233,"[17.277345657348633, 18.92921257019043, 19.346281051635742, 19.731639862060547, 19.93940544128418, 21.616756439208984, 23.462665557861328, 24.65635871887207, 21.773147583007812, 24.653898239135742, 24.318208694458008, 21.282806396484375, 24.492427825927734, 24.094629287719727, 21.358318328857422, 25.416513442993164, 23.15122413635254, 23.871936798095703]","[[1267, 832]]",18,6.5935438230008,"{""-40"": 34.25947062174479, ""-20"": 34.21877924601237, ""-10"": 34.04502614339193, ""0"": 33.972594790988495, ""10"": 34.068766064114044, ""20"": 34.150540033976235, ""40"": 34.107298639085556}","{""-40"": 34.168856670553495, ""-20"": 34.15264922313727, ""-10"": 33.97831114772789, ""0"": 33.91094143481499, ""10"": 33.98862681740466, ""20"": 34.03989605070614, ""40"": 33.993196849758135}",3.449100809999436,2781741056,3924119552,20,max_iters,0.0023303224577635247,,399.730577843,"{""rho"": ""cv"", ""start"": ""c3dgs"", ""reseed"": false, ""clip"": ""part"", ""update"": ""ridge"", ""eps"": 0.01, ""max_iters"": 20, ""rel_tol"": 0.001, ""final"": ""int8""}","{""bits"": 8, ""dtype"": ""qint8"", ""step"": 0.007416927721351385, ""dc"": {""scale"": 0.05522720143198967, ""zero_point"": -83, ""grid_min"": -2.485224064439535, ""grid_max"": 11.59771230071783, ""codebook_min"": -1.7467955350875854, ""codebook_max"": 5.270696640014648, ""n_outside_grid"": 0, ""n_values"": 12288}, ""rest"": {""scale"": 0.007416927721351385, ""zero_point"": 2, ""grid_min"": -0.9642006037756801, ""grid_max"": 0.9271159651689231, ""codebook_min"": -0.6250208020210266, ""codebook_max"": 0.6710372567176819, ""n_outside_grid"": 0, ""n_values"": 184320}}","{""dc_scale"": 0.05522720143198967, ""dc_zero_point"": -83, ""rest_scale"": 0.007416927721351385, ""rest_zero_point"": 2}",401.2331344100003,7240487936,8503951360,8144044032,8286670848,True,db6f320473510d99e5ddd47e09a2730607f5054c,36.13248372077942,4588.133476018906,7759008768,8510242816,14247030784,3dd0f6a4ff4bfa92df229816d13921d1b4a7a774,2a234af55fbe8b90c8829c1436ce80088c4b622b,49ccae72e75eec9877354ed72074827531f7fd79,c0e34e8efa57,2026-10-02T14:22:00
treehill,p0_lad_no_clip,0,6e-07,0,lad_no_clip,fork,0,ok,,,cpu,0.1,0.1,0.001,3783761,377859,81863,3324039,,,,35672564,34.0200080871582,35.672564,9.917915392687359,84257,9.59266139102281,2394,"{""quantization"": {""compressed_bytes"": 67, ""uncompressed_bytes"": 129}, ""xyz"": {""compressed_bytes"": 13828959, ""uncompressed_bytes"": 20435540}, ""features_dc"": {""compressed_bytes"": 165020, ""uncompressed_bytes"": 258005}, ""features_dc_scale"": {""compressed_bytes"": 72, ""uncompressed_bytes"": 132}, ""features_dc_zero_point"": {""compressed_bytes"": 73, ""uncompressed_bytes"": 132}, ""features_rest"": {""compressed_bytes"": 2341204, ""uncompressed_bytes"": 3868283}, ""features_rest_scale"": {""compressed_bytes"": 72, ""uncompressed_bytes"": 132}, ""features_rest_zero_point"": {""compressed_bytes"": 72, ""uncompressed_bytes"": 132}, ""opacity"": {""compressed_bytes"": 2781651, ""uncompressed_bytes"": 3406030}, ""opacity_scale"": {""compressed_bytes"": 72, ""uncompressed_bytes"": 132}, ""opacity_zero_point"": {""compressed_bytes"": 73, ""uncompressed_bytes"": 132}, ""feature_indices"": {""compressed_bytes"": 5271750, ""uncompressed_bytes"": 13623736}, ""gaussian_indices"": {""compressed_bytes"": 6495963, ""uncompressed_bytes"": 13623736}, ""scaling"": {""compressed_bytes"": 811119, ""uncompressed_bytes"": 1282853}, ""scaling_scale"": {""compressed_bytes"": 72, ""uncompressed_bytes"": 132}, ""scaling_zero_point"": {""compressed_bytes"": 73, ""uncompressed_bytes"": 132}, ""scaling_factor"": {""compressed_bytes"": 2618357, ""uncompressed_bytes"": 3406030}, ""scaling_factor_scale"": {""compressed_bytes"": 72, ""uncompressed_bytes"": 132}, ""scaling_factor_zero_point"": {""compressed_bytes"": 72, ""uncompressed_bytes"": 132}, ""rotation"": {""compressed_bytes"": 1354640, ""uncompressed_bytes"": 1710428}, ""rotation_scale"": {""compressed_bytes"": 72, ""uncompressed_bytes"": 132}, ""rotation_zero_point"": {""compressed_bytes"": 73, ""uncompressed_bytes"": 132}}",22.187940703497993,0.6103615529007382,0.3477762391169866,"[17.274473190307617, 18.928546905517578, 19.341955184936523, 19.716901779174805, 19.939523696899414, 21.617141723632812, 23.467370986938477, 24.66803741455078, 21.77570915222168, 24.655391693115234, 24.314056396484375, 21.2835636138916, 24.497922897338867, 24.09562110900879, 21.36238670349121, 25.42028045654297, 23.147891998291016, 23.876157760620117]","[[1267, 832]]",18,6.635080605999974,"{""-40"": 34.265465630425346, ""-20"": 34.22491031222873, ""-10"": 34.051992416381836, ""0"": 33.972827699449326, ""10"": 34.071838802761505, ""20"": 34.15709739261203, ""40"": 34.11369069417318}","{""-40"": 34.17543410426174, ""-20"": 34.15858983220649, ""-10"": 33.98605964130783, ""0"": 33.91031499773877, ""10"": 33.991177866011824, ""20"": 34.046311071096696, ""40"": 33.999940407217586}",3.4365988690005906,2781750272,3921530880,20,max_iters,0.002217492819434309,,314.6142348929998,"{""rho"": ""cv"", ""start"": ""c3dgs"", ""reseed"": false, ""clip"": null, ""update"": ""ridge"", ""eps"": 0.01, ""max_iters"": 20, ""rel_tol"": 0.001, ""final"": ""int8""}","{""bits"": 8, ""dtype"": ""qint8"", ""step"": 0.007416927721351385, ""dc"": {""scale"": 0.05522720143198967, ""zero_point"": -83, ""grid_min"": -2.485224064439535, ""grid_max"": 11.59771230071783, ""codebook_min"": -1.7197587490081787, ""codebook_max"": 5.527734756469727, ""n_outside_grid"": 0, ""n_values"": 12288}, ""rest"": {""scale"": 0.007416927721351385, ""zero_point"": 2, ""grid_min"": -0.9642006037756801, ""grid_max"": 0.9271159651689231, ""codebook_min"": -1.0196245908737183, ""codebook_max"": 0.7446532845497131, ""n_outside_grid"": 1, ""n_values"": 184320}}","{""dc_scale"": 0.05522720143198967, ""dc_zero_point"": -83, ""rest_scale"": 0.007416927721351385, ""rest_zero_point"": 2}",316.09297060100016,7240488960,8506048512,8144056320,8286695424,True,db6f320473510d99e5ddd47e09a2730607f5054c,37.40616846084595,4588.133476018906,7759008768,8510242816,14247030784,3dd0f6a4ff4bfa92df229816d13921d1b4a7a774,2a234af55fbe8b90c8829c1436ce80088c4b622b,49ccae72e75eec9877354ed72074827531f7fd79,c0e34e8efa57,2026-10-02T14:22:00
treehill,p0_lad_ridge_mean,0,6e-07,0,lad_ridge_mean,fork,0,ok,,,cpu,0.0,0.1,0.001,3783761,377859,81863,3324039,,,,36253460,34.57399368286133,36.25346,10.60406217340141,84580,10.29570629895787,2717,"{""quantization"": {""compressed_bytes"": 67, ""uncompressed_bytes"": 129}, ""xyz"": {""compressed_bytes"": 13828959, ""uncompressed_bytes"": 20435540}, ""features_dc"": {""compressed_bytes"": 165681, ""uncompressed_bytes"": 258005}, ""features_dc_scale"": {""compressed_bytes"": 72, ""uncompressed_bytes"": 132}, ""features_dc_zero_point"": {""compressed_bytes"": 73, ""uncompressed_bytes"": 132}, ""features_rest"": {""compressed_bytes"": 2358140, ""uncompressed_bytes"": 3868283}, ""features_rest_scale"": {""compressed_bytes"": 72, ""uncompressed_bytes"": 132}, ""features_rest_zero_point"": {""compressed_bytes"": 72, ""uncompressed_bytes"": 132}, ""opacity"": {""compressed_bytes"": 2781651, ""uncompressed_bytes"": 3406030}, ""opacity_scale"": {""compressed_bytes"": 72, ""uncompressed_bytes"": 132}, ""opacity_zero_point"": {""compressed_bytes"": 73, ""uncompressed_bytes"": 132}, ""feature_indices"": {""compressed_bytes"": 5835049, ""uncompressed_bytes"": 13623736}, ""gaussian_indices"": {""compressed_bytes"": 6495963, ""uncompressed_bytes"": 13623736}, ""scaling"": {""compressed_bytes"": 811119, ""uncompressed_bytes"": 1282853}, ""scaling_scale"": {""compressed_bytes"": 72, ""uncompressed_bytes"": 132}, ""scaling_zero_point"": {""compressed_bytes"": 73, ""uncompressed_bytes"": 132}, ""scaling_factor"": {""compressed_bytes"": 2618357, ""uncompressed_bytes"": 3406030}, ""scaling_factor_scale"": {""compressed_bytes"": 72, ""uncompressed_bytes"": 132}, ""scaling_factor_zero_point"": {""compressed_bytes"": 72, ""uncompressed_bytes"": 132}, ""rotation"": {""compressed_bytes"": 1354640, ""uncompressed_bytes"": 1710428}, ""rotation_scale"": {""compressed_bytes"": 72, ""uncompressed_bytes"": 132}, ""rotation_zero_point"": {""compressed_bytes"": 73, ""uncompressed_bytes"": 132}}",22.191778394911026,0.6113440990447998,0.34552932613425785,"[17.28345489501953, 18.967147827148438, 19.312009811401367, 19.732330322265625, 19.952651977539062, 21.618040084838867, 23.479005813598633, 24.710220336914062, 21.77609634399414, 24.6956844329834, 24.32277488708496, 21.263404846191406, 24.497804641723633, 24.05064582824707, 21.352012634277344, 25.423263549804688, 23.12949562072754, 23.885967254638672]","[[1267, 832]]",18,6.543014437000238,"{""-40"": 34.47552617390951, ""-20"": 34.4855228000217, ""-10"": 34.27631717258029, ""0"": 34.2047496371799, ""10"": 34.312630547417534, ""20"": 34.42186196645101, ""40"": 34.367569075690376}","{""-40"": 34.38153073472509, ""-20"": 34.40988774876874, ""-10"": 34.188489490124724, ""0"": 34.123925275035084, ""10"": 34.22428066704675, ""20"": 34.30692807720097, ""40"": 34.24171932976254}",3.4337231190002058,2781759488,3921547264,20,max_iters,0.0052937249999747,,399.98070475700024,"{""rho"": 0.0, ""start"": ""c3dgs"", ""reseed"": false, ""clip"": ""global"", ""update"": ""ridge_mean"", ""eps"": 0.001, ""max_iters"": 20, ""rel_tol"": 0.001, ""final"": ""int8""}","{""bits"": 8, ""dtype"": ""qint8"", ""step"": 0.007416927721351385, ""dc"": {""scale"": 0.05522720143198967, ""zero_point"": -83, ""grid_min"": -2.485224064439535, ""grid_max"": 11.59771230071783, ""codebook_min"": -1.7606971263885498, ""codebook_max"": 5.270696640014648, ""n_outside_grid"": 0, ""n_values"": 12288}, ""rest"": {""scale"": 0.007416927721351385, ""zero_point"": 2, ""grid_min"": -0.9642006037756801, ""grid_max"": 0.9271159651689231, ""codebook_min"": -1.7606971263885498, ""codebook_max"": 1.8074097633361816, ""n_outside_grid"": 31, ""n_values"": 184320}}","{""dc_scale"": 0.05522720143198967, ""dc_zero_point"": -83, ""rest_scale"": 0.007416927721351385, ""rest_zero_point"": 2}",401.2967080110002,7089025024,8508145664,8144080896,8286711808,True,db6f320473510d99e5ddd47e09a2730607f5054c,36.346946477890015,4588.133476018906,7759008768,8510242816,14247030784,3dd0f6a4ff4bfa92df229816d13921d1b4a7a774,2a234af55fbe8b90c8829c1436ce80088c4b622b,49ccae72e75eec9877354ed72074827531f7fd79,c0e34e8efa57,2026-10-02T14:22:00
treehill,p0_lad_iters15,0,6e-07,0,lad_iters15,fork,0,ok,,,cpu,0.1,0.1,0.001,3783761,377859,81863,3324039,,,,35668487,34.016119956970215,35.668487,9.92236210535475,84177,9.597217615413468,2314,"{""quantization"": {""compressed_bytes"": 67, ""uncompressed_bytes"": 129}, ""xyz"": {""compressed_bytes"": 13828959, ""uncompressed_bytes"": 20435540}, ""features_dc"": {""compressed_bytes"": 164933, ""uncompressed_bytes"": 258005}, ""features_dc_scale"": {""compressed_bytes"": 72, ""uncompressed_bytes"": 132}, ""features_dc_zero_point"": {""compressed_bytes"": 73, ""uncompressed_bytes"": 132}, ""features_rest"": {""compressed_bytes"": 2338753, ""uncompressed_bytes"": 3868283}, ""features_rest_scale"": {""compressed_bytes"": 72, ""uncompressed_bytes"": 132}, ""features_rest_zero_point"": {""compressed_bytes"": 72, ""uncompressed_bytes"": 132}, ""opacity"": {""compressed_bytes"": 2781651, ""uncompressed_bytes"": 3406030}, ""opacity_scale"": {""compressed_bytes"": 72, ""uncompressed_bytes"": 132}, ""opacity_zero_point"": {""compressed_bytes"": 73, ""uncompressed_bytes"": 132}, ""feature_indices"": {""compressed_bytes"": 5270211, ""uncompressed_bytes"": 13623736}, ""gaussian_indices"": {""compressed_bytes"": 6495963, ""uncompressed_bytes"": 13623736}, ""scaling"": {""compressed_bytes"": 811119, ""uncompressed_bytes"": 1282853}, ""scaling_scale"": {""compressed_bytes"": 72, ""uncompressed_bytes"": 132}, ""scaling_zero_point"": {""compressed_bytes"": 73, ""uncompressed_bytes"": 132}, ""scaling_factor"": {""compressed_bytes"": 2618357, ""uncompressed_bytes"": 3406030}, ""scaling_factor_scale"": {""compressed_bytes"": 72, ""uncompressed_bytes"": 132}, ""scaling_factor_zero_point"": {""compressed_bytes"": 72, ""uncompressed_bytes"": 132}, ""rotation"": {""compressed_bytes"": 1354640, ""uncompressed_bytes"": 1710428}, ""rotation_scale"": {""compressed_bytes"": 72, ""uncompressed_bytes"": 132}, ""rotation_zero_point"": {""compressed_bytes"": 73, ""uncompressed_bytes"": 132}}",22.185269673665363,0.610076798333062,0.34799683259593117,"[17.277219772338867, 18.936174392700195, 19.332353591918945, 19.705034255981445, 19.940471649169922, 21.616613388061523, 23.461503982543945, 24.655698776245117, 21.770336151123047, 24.64870834350586, 24.31869888305664, 21.2811222076416, 24.49359703063965, 24.10076332092285, 21.357500076293945, 25.41627311706543, 23.154895782470703, 23.867889404296875]","[[1267, 832]]",18,6.568974281000919,"{""-40"": 34.22710736592611, ""-20"": 34.187881257798935, ""-10"": 34.01198641459147, ""0"": 33.93649419148763, ""10"": 34.03203031751845, ""20"": 34.11848990122477, ""40"": 34.072560734219024}","{""-40"": 34.137708625343, ""-20"": 34.121674755802474, ""-10"": 33.946040505280635, ""0"": 33.87460572577781, ""10"": 33.9521142458223, ""20"": 34.00828772681913, ""40"": 33.95894236809499}",3.440290182001263,2781768704,3921547264,15,max_iters,0.0034160783544200635,,305.4755431229996,"{""rho"": ""cv"", ""start"": ""c3dgs"", ""reseed"": false, ""clip"": ""global"", ""update"": ""ridge"", ""eps"": 0.01, ""max_iters"": 15, ""rel_tol"": 0.001, ""final"": ""int8""}","{""bits"": 8, ""dtype"": ""qint8"", ""step"": 0.007416927721351385, ""dc"": {""scale"": 0.05522720143198967, ""zero_point"": -83, ""grid_min"": -2.485224064439535, ""grid_max"": 11.59771230071783, ""codebook_min"": -1.7467955350875854, ""codebook_max"": 5.270696640014648, ""n_outside_grid"": 0, ""n_values"": 12288}, ""rest"": {""scale"": 0.007416927721351385, ""zero_point"": 2, ""grid_min"": -0.9642006037756801, ""grid_max"": 0.9271159651689231, ""codebook_min"": -0.8690709471702576, ""codebook_max"": 0.7467358708381653, ""n_outside_grid"": 0, ""n_values"": 184320}}","{""dc_scale"": 0.05522720143198967, ""dc_zero_point"": -83, ""rest_scale"": 0.007416927721351385, ""rest_zero_point"": 2}",306.8421948360001,7294662656,8508145664,8144097280,8286711808,True,db6f320473510d99e5ddd47e09a2730607f5054c,36.33127403259277,4588.133476018906,7759008768,8510242816,14247030784,3dd0f6a4ff4bfa92df229816d13921d1b4a7a774,2a234af55fbe8b90c8829c1436ce80088c4b622b,49ccae72e75eec9877354ed72074827531f7fd79,c0e34e8efa57,2026-10-02T14:22:00
treehill,p0_lad_iters50,0,6e-07,0,lad_iters50,fork,0,ok,,,cpu,0.1,0.1,0.001,3783761,377859,81863,3324039,,,,35763752,34.106971740722656,35.763752,10.11127631070242,84651,9.790784318398012,2788,"{""quantization"": {""compressed_bytes"": 67, ""uncompressed_bytes"": 129}, ""xyz"": {""compressed_bytes"": 13828959, ""uncompressed_bytes"": 20435540}, ""features_dc"": {""compressed_bytes"": 165487, ""uncompressed_bytes"": 258005}, ""features_dc_scale"": {""compressed_bytes"": 72, ""uncompressed_bytes"": 132}, ""features_dc_zero_point"": {""compressed_bytes"": 73, ""uncompressed_bytes"": 132}, ""features_rest"": {""compressed_bytes"": 2352004, ""uncompressed_bytes"": 3868283}, ""features_rest_scale"": {""compressed_bytes"": 72, ""uncompressed_bytes"": 132}, ""features_rest_zero_point"": {""compressed_bytes"": 72, ""uncompressed_bytes"": 132}, ""opacity"": {""compressed_bytes"": 2781651, ""uncompressed_bytes"": 3406030}, ""opacity_scale"": {""compressed_bytes"": 72, ""uncompressed_bytes"": 132}, ""opacity_zero_point"": {""compressed_bytes"": 73, ""uncompressed_bytes"": 132}, ""feature_indices"": {""compressed_bytes"": 5351671, ""uncompressed_bytes"": 13623736}, ""gaussian_indices"": {""compressed_bytes"": 6495963, ""uncompressed_bytes"": 13623736}, ""scaling"": {""compressed_bytes"": 811119, ""uncompressed_bytes"": 1282853}, ""scaling_scale"": {""compressed_bytes"": 72, ""uncompressed_bytes"": 132}, ""scaling_zero_point"": {""compressed_bytes"": 73, ""uncompressed_bytes"": 132}, ""scaling_factor"": {""compressed_bytes"": 2618357, ""uncompressed_bytes"": 3406030}, ""scaling_factor_scale"": {""compressed_bytes"": 72, ""uncompressed_bytes"": 132}, ""scaling_factor_zero_point"": {""compressed_bytes"": 72, ""uncompressed_bytes"": 132}, ""rotation"": {""compressed_bytes"": 1354640, ""uncompressed_bytes"": 1710428}, ""rotation_scale"": {""compressed_bytes"": 72, ""uncompressed_bytes"": 132}, ""rotation_zero_point"": {""compressed_bytes"": 73, ""uncompressed_bytes"": 132}}",22.191040992736816,0.6106778118345473,0.34739892681439716,"[17.27741241455078, 18.933650970458984, 19.337783813476562, 19.731260299682617, 19.94044303894043, 21.621549606323242, 23.47056770324707, 24.675003051757812, 21.770904541015625, 24.677949905395508, 24.32114028930664, 21.281108856201172, 24.499267578125, 24.08629035949707, 21.35618782043457, 25.422372817993164, 23.151033401489258, 23.884811401367188]","[[1267, 832]]",18,6.55206068500047,"{""-40"": 34.34888225131564, ""-20"": 34.31422805786133, ""-10"": 34.136172188652885, ""0"": 34.06323687235514, ""10"": 34.16381475660536, ""20"": 34.244110425313316, ""40"": 34.207416746351456}","{""-40"": 34.2563617961881, ""-20"": 34.246243154482116, ""-10"": 34.06697094720085, ""0"": 33.99858371432889, ""10"": 34.08209297128203, ""20"": 34.13175329473277, ""40"": 34.08980119660743}",3.427766005999729,2781777920,3921547264,45,rel_tol,0.0009698701228189291,,870.2039032680004,"{""rho"": ""cv"", ""start"": ""c3dgs"", ""reseed"": false, ""clip"": ""global"", ""update"": ""ridge"", ""eps"": 0.01, ""max_iters"": 50, ""rel_tol"": 0.001, ""final"": ""int8""}","{""bits"": 8, ""dtype"": ""qint8"", ""step"": 0.007416927721351385, ""dc"": {""scale"": 0.05522720143198967, ""zero_point"": -83, ""grid_min"": -2.485224064439535, ""grid_max"": 11.59771230071783, ""codebook_min"": -1.7512717247009277, ""codebook_max"": 5.270696640014648, ""n_outside_grid"": 0, ""n_values"": 12288}, ""rest"": {""scale"": 0.007416927721351385, ""zero_point"": 2, ""grid_min"": -0.9642006037756801, ""grid_max"": 0.9271159651689231, ""codebook_min"": -0.6163541674613953, ""codebook_max"": 0.7862911820411682, ""n_outside_grid"": 0, ""n_values"": 184320}}","{""dc_scale"": 0.05522720143198967, ""dc_zero_point"": -83, ""rest_scale"": 0.007416927721351385, ""rest_zero_point"": 2}",871.6834134720011,7322041856,8508145664,8144097280,8286711808,True,db6f320473510d99e5ddd47e09a2730607f5054c,36.78883194923401,4588.133476018906,7759008768,8510242816,14247030784,3dd0f6a4ff4bfa92df229816d13921d1b4a7a774,2a234af55fbe8b90c8829c1436ce80088c4b622b,49ccae72e75eec9877354ed72074827531f7fd79,c0e34e8efa57,2026-10-02T14:22:00
treehill,p0_lad_no_final_int8,0,6e-07,0,lad_no_final_int8,fork,0,ok,,,cpu,0.1,0.1,0.001,3783761,377859,81863,3324039,,,,35681343,34.028380393981934,35.681343,9.950802770083769,84259,9.626358704576953,2396,"{""quantization"": {""compressed_bytes"": 67, ""uncompressed_bytes"": 129}, ""xyz"": {""compressed_bytes"": 13828959, ""uncompressed_bytes"": 20435540}, ""features_dc"": {""compressed_bytes"": 165050, ""uncompressed_bytes"": 258005}, ""features_dc_scale"": {""compressed_bytes"": 72, ""uncompressed_bytes"": 132}, ""features_dc_zero_point"": {""compressed_bytes"": 73, ""uncompressed_bytes"": 132}, ""features_rest"": {""compressed_bytes"": 2341234, ""uncompressed_bytes"": 3868283}, ""features_rest_scale"": {""compressed_bytes"": 72, ""uncompressed_bytes"": 132}, ""features_rest_zero_point"": {""compressed_bytes"": 72, ""uncompressed_bytes"": 132}, ""opacity"": {""compressed_bytes"": 2781651, ""uncompressed_bytes"": 3406030}, ""opacity_scale"": {""compressed_bytes"": 72, ""uncompressed_bytes"": 132}, ""opacity_zero_point"": {""compressed_bytes"": 73, ""uncompressed_bytes"": 132}, ""feature_indices"": {""compressed_bytes"": 5280469, ""uncompressed_bytes"": 13623736}, ""gaussian_indices"": {""compressed_bytes"": 6495963, ""uncompressed_bytes"": 13623736}, ""scaling"": {""compressed_bytes"": 811119, ""uncompressed_bytes"": 1282853}, ""scaling_scale"": {""compressed_bytes"": 72, ""uncompressed_bytes"": 132}, ""scaling_zero_point"": {""compressed_bytes"": 73, ""uncompressed_bytes"": 132}, ""scaling_factor"": {""compressed_bytes"": 2618357, ""uncompressed_bytes"": 3406030}, ""scaling_factor_scale"": {""compressed_bytes"": 72, ""uncompressed_bytes"": 132}, ""scaling_factor_zero_point"": {""compressed_bytes"": 72, ""uncompressed_bytes"": 132}, ""rotation"": {""compressed_bytes"": 1354640, ""uncompressed_bytes"": 1710428}, ""rotation_scale"": {""compressed_bytes"": 72, ""uncompressed_bytes"": 132}, ""rotation_zero_point"": {""compressed_bytes"": 73, ""uncompressed_bytes"": 132}}",22.187023798624676,0.6102028224203322,0.34810730152659947,"[17.27631378173828, 18.92007827758789, 19.34113883972168, 19.71773910522461, 19.9393253326416, 21.616228103637695, 23.46855926513672, 24.680343627929688, 21.778112411499023, 24.65970802307129, 24.319477081298828, 21.278705596923828, 24.493999481201172, 24.08814811706543, 21.356868743896484, 25.417810440063477, 23.139972686767578, 23.873899459838867]","[[1267, 832]]",18,6.562816273999488,"{""-40"": 34.243538750542534, ""-20"": 34.204846700032554, ""-10"": 34.038140614827476, ""0"": 33.95675404866537, ""10"": 34.051635106404625, ""20"": 34.13875495062934, ""40"": 34.093054877387154}","{""-40"": 34.15433195146732, ""-20"": 34.138738096196406, ""-10"": 33.972385769318734, ""0"": 33.89497411522936, ""10"": 33.9718875101874, ""20"": 34.02906085243883, ""40"": 33.9809553773202}",3.43744138799957,2781787136,3921547264,20,max_iters,0.002283314377270558,,391.2528792539997,"{""rho"": ""cv"", ""start"": ""c3dgs"", ""reseed"": false, ""clip"": ""global"", ""update"": ""ridge"", ""eps"": 0.01, ""max_iters"": 20, ""rel_tol"": 0.001, ""final"": ""none""}","{""bits"": 8, ""dtype"": ""qint8"", ""step"": 0.007416927721351385, ""dc"": {""scale"": 0.05522720143198967, ""zero_point"": -83, ""grid_min"": -2.485224064439535, ""grid_max"": 11.59771230071783, ""codebook_min"": -1.7467955350875854, ""codebook_max"": 5.270696640014648, ""n_outside_grid"": 0, ""n_values"": 12288}, ""rest"": {""scale"": 0.007416927721351385, ""zero_point"": 2, ""grid_min"": -0.9642006037756801, ""grid_max"": 0.9271159651689231, ""codebook_min"": -1.026895523071289, ""codebook_max"": 0.7427729964256287, ""n_outside_grid"": 1, ""n_values"": 184320}}","{""dc_scale"": 0.05522720143198967, ""dc_zero_point"": -83, ""rest_scale"": 0.007416927721351385, ""rest_zero_point"": 2}",392.7607629039994,7349421056,8510242816,8144097280,8286711808,True,db6f320473510d99e5ddd47e09a2730607f5054c,36.2560601234436,4588.133476018906,7759008768,8510242816,14247030784,3dd0f6a4ff4bfa92df229816d13921d1b4a7a774,2a234af55fbe8b90c8829c1436ce80088c4b622b,49ccae72e75eec9877354ed72074827531f7fd79,c0e34e8efa57,2026-10-02T14:22:00
treehill,p0_lad_all,0,6e-07,0,lad_all,fork,0,ok,,,cpu,0.0,0.1,0.001,3783761,377859,81863,3324039,,,,36813994,35.10856056213379,36.813994,11.75796187761761,85959,11.478023747817335,4096,"{""quantization"": {""compressed_bytes"": 67, ""uncompressed_bytes"": 129}, ""xyz"": {""compressed_bytes"": 13828959, ""uncompressed_bytes"": 20435540}, ""features_dc"": {""compressed_bytes"": 167092, ""uncompressed_bytes"": 258005}, ""features_dc_scale"": {""compressed_bytes"": 72, ""uncompressed_bytes"": 132}, ""features_dc_zero_point"": {""compressed_bytes"": 73, ""uncompressed_bytes"": 132}, ""features_rest"": {""compressed_bytes"": 2398301, ""uncompressed_bytes"": 3868283}, ""features_rest_scale"": {""compressed_bytes"": 72, ""uncompressed_bytes"": 132}, ""features_rest_zero_point"": {""compressed_bytes"": 72, ""uncompressed_bytes"": 132}, ""opacity"": {""compressed_bytes"": 2781651, ""uncompressed_bytes"": 3406030}, ""opacity_scale"": {""compressed_bytes"": 72, ""uncompressed_bytes"": 132}, ""opacity_zero_point"": {""compressed_bytes"": 73, ""uncompressed_bytes"": 132}, ""feature_indices"": {""compressed_bytes"": 6354011, ""uncompressed_bytes"": 13623736}, ""gaussian_indices"": {""compressed_bytes"": 6495963, ""uncompressed_bytes"": 13623736}, ""scaling"": {""compressed_bytes"": 811119, ""uncompressed_bytes"": 1282853}, ""scaling_scale"": {""compressed_bytes"": 72, ""uncompressed_bytes"": 132}, ""scaling_zero_point"": {""compressed_bytes"": 73, ""uncompressed_bytes"": 132}, ""scaling_factor"": {""compressed_bytes"": 2618357, ""uncompressed_bytes"": 3406030}, ""scaling_factor_scale"": {""compressed_bytes"": 72, ""uncompressed_bytes"": 132}, ""scaling_factor_zero_point"": {""compressed_bytes"": 72, ""uncompressed_bytes"": 132}, ""rotation"": {""compressed_bytes"": 1354640, ""uncompressed_bytes"": 1710428}, ""rotation_scale"": {""compressed_bytes"": 72, ""uncompressed_bytes"": 132}, ""rotation_zero_point"": {""compressed_bytes"": 73, ""uncompressed_bytes"": 132}}",22.20366891225179,0.6128788921568129,0.34392618470721775,"[17.287723541259766, 18.981029510498047, 19.35260772705078, 19.736116409301758, 19.96265983581543, 21.6217098236084, 23.50303840637207, 24.7642765045166, 21.774965286254883, 24.710628509521484, 24.329198837280273, 21.261653900146484, 24.498525619506836, 24.036731719970703, 21.352928161621094, 25.44330596923828, 23.132474899291992, 23.916465759277344]","[[1267, 832]]",18,6.607878201000858,"{""-40"": 34.84047423468696, ""-20"": 34.820808198716904, ""-10"": 34.61666785346137, ""0"": 34.52123239305284, ""10"": 34.62311935424805, ""20"": 34.74889924791124, ""40"": 34.68542628818088}","{""-40"": 34.74760622790575, ""-20"": 34.74692795675655, ""-10"": 34.52544119913879, ""0"": 34.430196512897126, ""10"": 34.52649116876823, ""20"": 34.63350832346237, ""40"": 34.559117198402895}",3.4531995530014683,2781796352,3852312576,15,max_iters,0.003911556711284983,0,244.55740935499853,"{""rho"": 0.0, ""start"": ""ogc_init"", ""reseed"": true, ""clip"": null, ""update"": ""ridge_mean"", ""eps"": 0.001, ""max_iters"": 15, ""rel_tol"": ""-inf"", ""final"": ""float""}","{""bits"": 8, ""dtype"": ""qint8"", ""step"": 0.007416927721351385, ""dc"": {""scale"": 0.05522720143198967, ""zero_point"": -83, ""grid_min"": -2.485224064439535, ""grid_max"": 11.59771230071783, ""codebook_min"": -2.100174903869629, ""codebook_max"": 8.142098426818848, ""n_outside_grid"": 0, ""n_values"": 12288}, ""rest"": {""scale"": 0.007416927721351385, ""zero_point"": 2, ""grid_min"": -0.9642006037756801, ""grid_max"": 0.9271159651689231, ""codebook_min"": -1.9092493057250977, ""codebook_max"": 1.5103358030319214, ""n_outside_grid"": 46, ""n_values"": 184320}}","{""dc_scale"": 0.05522720143198967, ""dc_zero_point"": -83, ""rest_scale"": 0.007416927721351385, ""rest_zero_point"": 2}",261.2133445689997,7198541824,8510242816,8144097280,8286797824,True,db6f320473510d99e5ddd47e09a2730607f5054c,37.025206327438354,4588.133476018906,7759008768,8510242816,14247030784,3dd0f6a4ff4bfa92df229816d13921d1b4a7a774,2a234af55fbe8b90c8829c1436ce80088c4b622b,49ccae72e75eec9877354ed72074827531f7fd79,c0e34e8efa57,2026-10-02T14:22:00
treehill,p0_ogc,0,6e-07,0,ogc,fork,0,ok,,,cpu,,0.1,0.001,3783761,377859,81863,3324039,,,,36813589,35.108174324035645,36.813589,11.757692125612332,85959,11.47774735247592,4096,"{""quantization"": {""compressed_bytes"": 67, ""uncompressed_bytes"": 129}, ""xyz"": {""compressed_bytes"": 13828959, ""uncompressed_bytes"": 20435540}, ""features_dc"": {""compressed_bytes"": 167123, ""uncompressed_bytes"": 258005}, ""features_dc_scale"": {""compressed_bytes"": 72, ""uncompressed_bytes"": 132}, ""features_dc_zero_point"": {""compressed_bytes"": 73, ""uncompressed_bytes"": 132}, ""features_rest"": {""compressed_bytes"": 2398163, ""uncompressed_bytes"": 3868283}, ""features_rest_scale"": {""compressed_bytes"": 72, ""uncompressed_bytes"": 132}, ""features_rest_zero_point"": {""compressed_bytes"": 72, ""uncompressed_bytes"": 132}, ""opacity"": {""compressed_bytes"": 2781651, ""uncompressed_bytes"": 3406030}, ""opacity_scale"": {""compressed_bytes"": 72, ""uncompressed_bytes"": 132}, ""opacity_zero_point"": {""compressed_bytes"": 73, ""uncompressed_bytes"": 132}, ""feature_indices"": {""compressed_bytes"": 6353713, ""uncompressed_bytes"": 13623736}, ""gaussian_indices"": {""compressed_bytes"": 6495963, ""uncompressed_bytes"": 13623736}, ""scaling"": {""compressed_bytes"": 811119, ""uncompressed_bytes"": 1282853}, ""scaling_scale"": {""compressed_bytes"": 72, ""uncompressed_bytes"": 132}, ""scaling_zero_point"": {""compressed_bytes"": 73, ""uncompressed_bytes"": 132}, ""scaling_factor"": {""compressed_bytes"": 2618357, ""uncompressed_bytes"": 3406030}, ""scaling_factor_scale"": {""compressed_bytes"": 72, ""uncompressed_bytes"": 132}, ""scaling_factor_zero_point"": {""compressed_bytes"": 72, ""uncompressed_bytes"": 132}, ""rotation"": {""compressed_bytes"": 1354640, ""uncompressed_bytes"": 1710428}, ""rotation_scale"": {""compressed_bytes"": 72, ""uncompressed_bytes"": 132}, ""rotation_zero_point"": {""compressed_bytes"": 73, ""uncompressed_bytes"": 132}}",22.204645050896538,0.6128637194633484,0.34410373535421157,"[17.290868759155273, 18.985610961914062, 19.35651969909668, 19.72416877746582, 19.96306610107422, 21.623071670532227, 23.502798080444336, 24.746692657470703, 21.771692276000977, 24.699792861938477, 24.333715438842773, 21.2655086517334, 24.502002716064453, 24.044225692749023, 21.3571834564209, 25.451026916503906, 23.1461238861084, 23.91954231262207]","[[1267, 832]]",18,6.692759793000732,"{""-40"": 34.83487065633138, ""-20"": 34.82098515828451, ""-10"": 34.61953099568685, ""0"": 34.518943786621094, ""10"": 34.62479167514377, ""20"": 34.74781968858507, ""40"": 34.68724589877658}","{""-40"": 34.74188797558223, ""-20"": 34.746968845248404, ""-10"": 34.53011005769616, ""0"": 34.428045533219496, ""10"": 34.52748808868887, ""20"": 34.63195266407062, ""40"": 34.56056346325694}",3.450582122999549,2781805568,3727675392,,,,,,,"{""bits"": 8, ""dtype"": ""qint8"", ""step"": 0.007416927721351385, ""dc"": {""scale"": 0.05522720143198967, ""zero_point"": -83, ""grid_min"": -2.485224064439535, ""grid_max"": 11.59771230071783, ""codebook_min"": -2.1038029193878174, ""codebook_max"": 8.172314643859863, ""n_outside_grid"": 0, ""n_values"": 12288}, ""rest"": {""scale"": 0.007416927721351385, ""zero_point"": 2, ""grid_min"": -0.9642006037756801, ""grid_max"": 0.9271159651689231, ""codebook_min"": -1.9301012754440308, ""codebook_max"": 1.523674488067627, ""n_outside_grid"": 44, ""n_values"": 184320}}","{""dc_scale"": 0.05522720143198967, ""dc_zero_point"": -83, ""rest_scale"": 0.007416927721351385, ""rest_zero_point"": 2}",108.62196423000023,6871235072,8510242816,8144183296,14247030784,True,db6f320473510d99e5ddd47e09a2730607f5054c,38.20703101158142,4588.133476018906,7759008768,8510242816,14247030784,3dd0f6a4ff4bfa92df229816d13921d1b4a7a774,2a234af55fbe8b90c8829c1436ce80088c4b622b,49ccae72e75eec9877354ed72074827531f7fd79,c0e34e8efa57,2026-10-02T14:22:00
treehill,p0_ogc_lamcv,0,6e-07,0,ogc_lamcv,fork,0,alias,lam_cv = 1e-3: ogc_lamcv is ogc and is not run again (Amendment 16 b),ogc,cpu,,0.1,0.001,3783761,377859,81863,3324039,,,,36813589,35.108174324035645,36.813589,11.757692125612332,85959,11.47774735247592,4096,"{""quantization"": {""compressed_bytes"": 67, ""uncompressed_bytes"": 129}, ""xyz"": {""compressed_bytes"": 13828959, ""uncompressed_bytes"": 20435540}, ""features_dc"": {""compressed_bytes"": 167123, ""uncompressed_bytes"": 258005}, ""features_dc_scale"": {""compressed_bytes"": 72, ""uncompressed_bytes"": 132}, ""features_dc_zero_point"": {""compressed_bytes"": 73, ""uncompressed_bytes"": 132}, ""features_rest"": {""compressed_bytes"": 2398163, ""uncompressed_bytes"": 3868283}, ""features_rest_scale"": {""compressed_bytes"": 72, ""uncompressed_bytes"": 132}, ""features_rest_zero_point"": {""compressed_bytes"": 72, ""uncompressed_bytes"": 132}, ""opacity"": {""compressed_bytes"": 2781651, ""uncompressed_bytes"": 3406030}, ""opacity_scale"": {""compressed_bytes"": 72, ""uncompressed_bytes"": 132}, ""opacity_zero_point"": {""compressed_bytes"": 73, ""uncompressed_bytes"": 132}, ""feature_indices"": {""compressed_bytes"": 6353713, ""uncompressed_bytes"": 13623736}, ""gaussian_indices"": {""compressed_bytes"": 6495963, ""uncompressed_bytes"": 13623736}, ""scaling"": {""compressed_bytes"": 811119, ""uncompressed_bytes"": 1282853}, ""scaling_scale"": {""compressed_bytes"": 72, ""uncompressed_bytes"": 132}, ""scaling_zero_point"": {""compressed_bytes"": 73, ""uncompressed_bytes"": 132}, ""scaling_factor"": {""compressed_bytes"": 2618357, ""uncompressed_bytes"": 3406030}, ""scaling_factor_scale"": {""compressed_bytes"": 72, ""uncompressed_bytes"": 132}, ""scaling_factor_zero_point"": {""compressed_bytes"": 72, ""uncompressed_bytes"": 132}, ""rotation"": {""compressed_bytes"": 1354640, ""uncompressed_bytes"": 1710428}, ""rotation_scale"": {""compressed_bytes"": 72, ""uncompressed_bytes"": 132}, ""rotation_zero_point"": {""compressed_bytes"": 73, ""uncompressed_bytes"": 132}}",22.204645050896538,0.6128637194633484,0.34410373535421157,"[17.290868759155273, 18.985610961914062, 19.35651969909668, 19.72416877746582, 19.96306610107422, 21.623071670532227, 23.502798080444336, 24.746692657470703, 21.771692276000977, 24.699792861938477, 24.333715438842773, 21.2655086517334, 24.502002716064453, 24.044225692749023, 21.3571834564209, 25.451026916503906, 23.1461238861084, 23.91954231262207]","[[1267, 832]]",18,6.692759793000732,"{""-40"": 34.83487065633138, ""-20"": 34.82098515828451, ""-10"": 34.61953099568685, ""0"": 34.518943786621094, ""10"": 34.62479167514377, ""20"": 34.74781968858507, ""40"": 34.68724589877658}","{""-40"": 34.74188797558223, ""-20"": 34.746968845248404, ""-10"": 34.53011005769616, ""0"": 34.428045533219496, ""10"": 34.52748808868887, ""20"": 34.63195266407062, ""40"": 34.56056346325694}",3.450582122999549,2781805568,3727675392,,,,,,,"{""bits"": 8, ""dtype"": ""qint8"", ""step"": 0.007416927721351385, ""dc"": {""scale"": 0.05522720143198967, ""zero_point"": -83, ""grid_min"": -2.485224064439535, ""grid_max"": 11.59771230071783, ""codebook_min"": -2.1038029193878174, ""codebook_max"": 8.172314643859863, ""n_outside_grid"": 0, ""n_values"": 12288}, ""rest"": {""scale"": 0.007416927721351385, ""zero_point"": 2, ""grid_min"": -0.9642006037756801, ""grid_max"": 0.9271159651689231, ""codebook_min"": -1.9301012754440308, ""codebook_max"": 1.523674488067627, ""n_outside_grid"": 44, ""n_values"": 184320}}","{""dc_scale"": 0.05522720143198967, ""dc_zero_point"": -83, ""rest_scale"": 0.007416927721351385, ""rest_zero_point"": 2}",108.62196423000023,6871235072,8510242816,8144183296,14247030784,True,db6f320473510d99e5ddd47e09a2730607f5054c,38.20703101158142,4588.133476018906,7759008768,8510242816,14247030784,3dd0f6a4ff4bfa92df229816d13921d1b4a7a774,2a234af55fbe8b90c8829c1436ce80088c4b622b,49ccae72e75eec9877354ed72074827531f7fd79,c0e34e8efa57,2026-10-02T14:22:00
treehill,probe,0,6e-07,0,c3dgs,probe,,failed,"context only: evaluated from its decoded .npz, as E4p",,cpu,,,,3783761,377859,81863,3324039,,,,34865843,,,9.383708790127537,83847,,1984,"{""quantization"": {""compressed_bytes"": 67, ""uncompressed_bytes"": 129}, ""xyz"": {""compressed_bytes"": 13828959, ""uncompressed_bytes"": 20435540}, ""features_dc"": {""compressed_bytes"": 164572, ""uncompressed_bytes"": 258005}, ""features_dc_scale"": {""compressed_bytes"": 72, ""uncompressed_bytes"": 132}, ""features_dc_zero_point"": {""compressed_bytes"": 73, ""uncompressed_bytes"": 132}, ""features_rest"": {""compressed_bytes"": 2323656, ""uncompressed_bytes"": 3868283}, ""features_rest_scale"": {""compressed_bytes"": 72, ""uncompressed_bytes"": 132}, ""features_rest_zero_point"": {""compressed_bytes"": 72, ""uncompressed_bytes"": 132}, ""opacity"": {""compressed_bytes"": 2781651, ""uncompressed_bytes"": 3406030}, ""opacity_scale"": {""compressed_bytes"": 72, ""uncompressed_bytes"": 132}, ""opacity_zero_point"": {""compressed_bytes"": 73, ""uncompressed_bytes"": 132}, ""feature_indices"": {""compressed_bytes"": 4476430, ""uncompressed_bytes"": 13623736}, ""gaussian_indices"": {""compressed_bytes"": 6502517, ""uncompressed_bytes"": 13623736}, ""scaling"": {""compressed_bytes"": 811163, ""uncompressed_bytes"": 1282856}, ""scaling_scale"": {""compressed_bytes"": 72, ""uncompressed_bytes"": 132}, ""scaling_zero_point"": {""compressed_bytes"": 73, ""uncompressed_bytes"": 132}, ""scaling_factor"": {""compressed_bytes"": 2618357, ""uncompressed_bytes"": 3406030}, ""scaling_factor_scale"": {""compressed_bytes"": 72, ""uncompressed_bytes"": 132}, ""scaling_factor_zero_point"": {""compressed_bytes"": 72, ""uncompressed_bytes"": 132}, ""rotation"": {""compressed_bytes"": 1354637, ""uncompressed_bytes"": 1710432}, ""rotation_scale"": {""compressed_bytes"": 72, ""uncompressed_bytes"": 132}, ""rotation_zero_point"": {""compressed_bytes"": 73, ""uncompressed_bytes"": 132}}",22.098312695821125,0.5982261796792349,0.3648226459821065,"[17.338422775268555, 18.967897415161133, 19.361207962036133, 19.767438888549805, 19.937238693237305, 21.62624168395996, 23.34429359436035, 24.26815414428711, 21.594470977783203, 24.160694122314453, 24.100019454956055, 21.267786026000977, 24.271371841430664, 24.17828941345215, 21.359302520751953, 25.24138641357422, 23.256515502929688, 23.728897094726562]",,18,,,,,,,,,,,,,,,,,,,,,6124f46f40a8731ed92d4d2f867255a397e51cfc,,,,,,3dd0f6a4ff4bfa92df229816d13921d1b4a7a774,2a234af55fbe8b90c8829c1436ce80088c4b622b,49ccae72e75eec9877354ed72074827531f7fd79,c0e34e8efa57,2026-10-02T14:23:09
treehill,p1_c3dgs,0,6e-07,1,c3dgs,fork,0,ok,,,cpu,,0.1,0.001,3783761,377859,81863,3324039,,,,34800381,33.18822956085205,34.800381,9.286534031350484,83717,8.945730641612233,1854,"{""quantization"": {""compressed_bytes"": 67, ""uncompressed_bytes"": 129}, ""xyz"": {""compressed_bytes"": 13828959, ""uncompressed_bytes"": 20435540}, ""features_dc"": {""compressed_bytes"": 164307, ""uncompressed_bytes"": 258005}, ""features_dc_scale"": {""compressed_bytes"": 72, ""uncompressed_bytes"": 132}, ""features_dc_zero_point"": {""compressed_bytes"": 73, ""uncompressed_bytes"": 132}, ""features_rest"": {""compressed_bytes"": 2319416, ""uncompressed_bytes"": 3868283}, ""features_rest_scale"": {""compressed_bytes"": 72, ""uncompressed_bytes"": 132}, ""features_rest_zero_point"": {""compressed_bytes"": 72, ""uncompressed_bytes"": 132}, ""opacity"": {""compressed_bytes"": 2781651, ""uncompressed_bytes"": 3406030}, ""opacity_scale"": {""compressed_bytes"": 72, ""uncompressed_bytes"": 132}, ""opacity_zero_point"": {""compressed_bytes"": 73, ""uncompressed_bytes"": 132}, ""feature_indices"": {""compressed_bytes"": 4426057, ""uncompressed_bytes"": 13623736}, ""gaussian_indices"": {""compressed_bytes"": 6491953, ""uncompressed_bytes"": 13623736}, ""scaling"": {""compressed_bytes"": 811147, ""uncompressed_bytes"": 1282853}, ""scaling_scale"": {""compressed_bytes"": 72, ""uncompressed_bytes"": 132}, ""scaling_zero_point"": {""compressed_bytes"": 73, ""uncompressed_bytes"": 132}, ""scaling_factor"": {""compressed_bytes"": 2618357, ""uncompressed_bytes"": 3406030}, ""scaling_factor_scale"": {""compressed_bytes"": 72, ""uncompressed_bytes"": 132}, ""scaling_factor_zero_point"": {""compressed_bytes"": 72, ""uncompressed_bytes"": 132}, ""rotation"": {""compressed_bytes"": 1354633, ""uncompressed_bytes"": 1710428}, ""rotation_scale"": {""compressed_bytes"": 72, ""uncompressed_bytes"": 132}, ""rotation_zero_point"": {""compressed_bytes"": 73, ""uncompressed_bytes"": 132}}",22.09374385409885,0.597839719719357,0.3650448934899436,"[17.32358169555664, 18.95155906677246, 19.36591148376465, 19.77216148376465, 19.93798828125, 21.627832412719727, 23.353496551513672, 24.2383975982666, 21.600236892700195, 24.150609970092773, 24.11890411376953, 21.275676727294922, 24.24308204650879, 24.168088912963867, 21.358652114868164, 25.211950302124023, 23.26645851135254, 23.722801208496094]","[[1267, 832]]",18,7.104547717999594,"{""-40"": 31.802171389261883, ""-20"": 31.70265483856201, ""-10"": 31.63107607099745, ""0"": 31.5916043387519, ""10"": 31.663089646233452, ""20"": 31.652183108859592, ""40"": 31.547146055433487}","{""-40"": 31.72858166327314, ""-20"": 31.668153240294444, ""-10"": 31.60360528522383, ""0"": 31.56725474994568, ""10"": 31.61602737331129, ""20"": 31.5803117094992, ""40"": 31.47962756591233}",3.4736849410001014,2781711360,4358471680,,,,,,,"{""bits"": 8, ""dtype"": ""qint8"", ""step"": 0.007416927721351385, ""dc"": {""scale"": 0.05522720143198967, ""zero_point"": -83, ""grid_min"": -2.485224064439535, ""grid_max"": 11.59771230071783, ""codebook_min"": -1.7604739665985107, ""codebook_max"": 5.540593147277832, ""n_outside_grid"": 0, ""n_values"": 12288}, ""rest"": {""scale"": 0.007416927721351385, ""zero_point"": 2, ""grid_min"": -0.9642006037756801, ""grid_max"": 0.9271159651689231, ""codebook_min"": -0.6499289274215698, ""codebook_max"": 0.6988186836242676, ""n_outside_grid"": 0, ""n_values"": 184320}}","{""dc_scale"": 0.05522720143198967, ""dc_zero_point"": -83, ""rest_scale"": 0.007416927721351385, ""rest_zero_point"": 2}",137.99518480299957,3764862464,4208984064,4166557696,4168835072,True,a7a81b5858dc01a5ad5460bcadf75f09406cbbcf,35.79376244544983,4522.792079925537,7758863872,8382316544,14325477376,3dd0f6a4ff4bfa92df229816d13921d1b4a7a774,2a234af55fbe8b90c8829c1436ce80088c4b622b,49ccae72e75eec9877354ed72074827531f7fd79,c0e34e8efa57,2026-10-02T15:48:14
treehill,p1_gnvq_cv,0,6e-07,1,gnvq_cv,fork,0,ok,,,cpu,0.1,0.1,0.001,3783761,377859,81863,3324039,,,,35633819,33.98305797576904,35.633819,9.879574664075927,84167,9.553376423470045,2304,"{""quantization"": {""compressed_bytes"": 67, ""uncompressed_bytes"": 129}, ""xyz"": {""compressed_bytes"": 13828959, ""uncompressed_bytes"": 20435540}, ""features_dc"": {""compressed_bytes"": 164874, ""uncompressed_bytes"": 258005}, ""features_dc_scale"": {""compressed_bytes"": 72, ""uncompressed_bytes"": 132}, ""features_dc_zero_point"": {""compressed_bytes"": 73, ""uncompressed_bytes"": 132}, ""features_rest"": {""compressed_bytes"": 2338146, ""uncompressed_bytes"": 3868283}, ""features_rest_scale"": {""compressed_bytes"": 72, ""uncompressed_bytes"": 132}, ""features_rest_zero_point"": {""compressed_bytes"": 72, ""uncompressed_bytes"": 132}, ""opacity"": {""compressed_bytes"": 2781651, ""uncompressed_bytes"": 3406030}, ""opacity_scale"": {""compressed_bytes"": 72, ""uncompressed_bytes"": 132}, ""opacity_zero_point"": {""compressed_bytes"": 73, ""uncompressed_bytes"": 132}, ""feature_indices"": {""compressed_bytes"": 5240198, ""uncompressed_bytes"": 13623736}, ""gaussian_indices"": {""compressed_bytes"": 6491953, ""uncompressed_bytes"": 13623736}, ""scaling"": {""compressed_bytes"": 811147, ""uncompressed_bytes"": 1282853}, ""scaling_scale"": {""compressed_bytes"": 72, ""uncompressed_bytes"": 132}, ""scaling_zero_point"": {""compressed_bytes"": 73, ""uncompressed_bytes"": 132}, ""scaling_factor"": {""compressed_bytes"": 2618357, ""uncompressed_bytes"": 3406030}, ""scaling_factor_scale"": {""compressed_bytes"": 72, ""uncompressed_bytes"": 132}, ""scaling_factor_zero_point"": {""compressed_bytes"": 72, ""uncompressed_bytes"": 132}, ""rotation"": {""compressed_bytes"": 1354633, ""uncompressed_bytes"": 1710428}, ""rotation_scale"": {""compressed_bytes"": 72, ""uncompressed_bytes"": 132}, ""rotation_zero_point"": {""compressed_bytes"": 73, ""uncompressed_bytes"": 132}}",22.184769948323567,0.610133151213328,0.34838498963250053,"[17.282390594482422, 18.929973602294922, 19.345809936523438, 19.722305297851562, 19.93858528137207, 21.62269401550293, 23.470121383666992, 24.649921417236328, 21.77805519104004, 24.651052474975586, 24.310625076293945, 21.282577514648438, 24.488996505737305, 24.087146759033203, 21.357559204101562, 25.402379989624023, 23.134681701660156, 23.870983123779297]","[[1267, 832]]",18,6.887154830999862,"{""-40"": 34.22503450181749, ""-20"": 34.19943152533637, ""-10"": 34.0168465508355, ""0"": 33.93563355339898, ""10"": 34.03895674811469, ""20"": 34.1228158738878, ""40"": 34.07492860158285}","{""-40"": 34.1337981232263, ""-20"": 34.127906436687, ""-10"": 33.952885245030735, ""0"": 33.87229155599721, ""10"": 33.95739606730597, ""20"": 34.01163322478371, ""40"": 33.959771353839244}",3.492785593000008,2781720576,3745406976,20,max_iters,0.0024166727722539105,,398.7895679989997,"{""rho"": ""cv"", ""start"": ""c3dgs"", ""reseed"": false, ""clip"": ""global"", ""update"": ""ridge"", ""eps"": 0.01, ""max_iters"": 20, ""rel_tol"": 0.001, ""final"": ""int8""}","{""bits"": 8, ""dtype"": ""qint8"", ""step"": 0.007416927721351385, ""dc"": {""scale"": 0.05522720143198967, ""zero_point"": -83, ""grid_min"": -2.485224064439535, ""grid_max"": 11.59771230071783, ""codebook_min"": -1.7340757846832275, ""codebook_max"": 5.5326828956604, ""n_outside_grid"": 0, ""n_values"": 12288}, ""rest"": {""scale"": 0.007416927721351385, ""zero_point"": 2, ""grid_min"": -0.9642006037756801, ""grid_max"": 0.9271159651689231, ""codebook_min"": -0.9914464950561523, ""codebook_max"": 0.7397294044494629, ""n_outside_grid"": 1, ""n_values"": 184320}}","{""dc_scale"": 0.05522720143198967, ""dc_zero_point"": -83, ""rest_scale"": 0.007416927721351385, ""rest_zero_point"": 2}",400.362474001,5982710784,6561988608,8113242112,8307314688,True,a7a81b5858dc01a5ad5460bcadf75f09406cbbcf,35.87052536010742,4522.792079925537,7758863872,8382316544,14325477376,3dd0f6a4ff4bfa92df229816d13921d1b4a7a774,2a234af55fbe8b90c8829c1436ce80088c4b622b,49ccae72e75eec9877354ed72074827531f7fd79,c0e34e8efa57,2026-10-02T15:48:14
treehill,p1_lad_reseed,0,6e-07,1,lad_reseed,fork,0,ok,,,cpu,0.1,0.1,0.001,3783761,377859,81863,3324039,,,,36306736,34.62480163574219,36.306736,11.238060905660467,85959,10.945318878773747,4096,"{""quantization"": {""compressed_bytes"": 67, ""uncompressed_bytes"": 129}, ""xyz"": {""compressed_bytes"": 13828959, ""uncompressed_bytes"": 20435540}, ""features_dc"": {""compressed_bytes"": 169065, ""uncompressed_bytes"": 258005}, ""features_dc_scale"": {""compressed_bytes"": 72, ""uncompressed_bytes"": 132}, ""features_dc_zero_point"": {""compressed_bytes"": 73, ""uncompressed_bytes"": 132}, ""features_rest"": {""compressed_bytes"": 2403546, ""uncompressed_bytes"": 3868283}, ""features_rest_scale"": {""compressed_bytes"": 72, ""uncompressed_bytes"": 132}, ""features_rest_zero_point"": {""compressed_bytes"": 72, ""uncompressed_bytes"": 132}, ""opacity"": {""compressed_bytes"": 2781651, ""uncompressed_bytes"": 3406030}, ""opacity_scale"": {""compressed_bytes"": 72, ""uncompressed_bytes"": 132}, ""opacity_zero_point"": {""compressed_bytes"": 73, ""uncompressed_bytes"": 132}, ""feature_indices"": {""compressed_bytes"": 5843524, ""uncompressed_bytes"": 13623736}, ""gaussian_indices"": {""compressed_bytes"": 6491953, ""uncompressed_bytes"": 13623736}, ""scaling"": {""compressed_bytes"": 811147, ""uncompressed_bytes"": 1282853}, ""scaling_scale"": {""compressed_bytes"": 72, ""uncompressed_bytes"": 132}, ""scaling_zero_point"": {""compressed_bytes"": 73, ""uncompressed_bytes"": 132}, ""scaling_factor"": {""compressed_bytes"": 2618357, ""uncompressed_bytes"": 3406030}, ""scaling_factor_scale"": {""compressed_bytes"": 72, ""uncompressed_bytes"": 132}, ""scaling_factor_zero_point"": {""compressed_bytes"": 72, ""uncompressed_bytes"": 132}, ""rotation"": {""compressed_bytes"": 1354633, ""uncompressed_bytes"": 1710428}, ""rotation_scale"": {""compressed_bytes"": 72, ""uncompressed_bytes"": 132}, ""rotation_zero_point"": {""compressed_bytes"": 73, ""uncompressed_bytes"": 132}}",22.178985807630752,0.6114243964354197,0.3465261244111591,"[17.269994735717773, 18.850412368774414, 19.349336624145508, 19.657047271728516, 19.931386947631836, 21.619962692260742, 23.46615982055664, 24.65174102783203, 21.734067916870117, 24.649211883544922, 24.32076072692871, 21.272613525390625, 24.50153160095215, 24.1015567779541, 21.35463523864746, 25.436771392822266, 23.17953872680664, 23.875015258789062]","[[1267, 832]]",18,6.882396176999464,"{""-40"": 34.51194508870443, ""-20"": 34.48070187038846, ""-10"": 34.30161264207628, ""0"": 34.212591807047524, ""10"": 34.31191825866699, ""20"": 34.38663694593642, ""40"": 34.35056082407633}","{""-40"": 34.423063880418795, ""-20"": 34.41075523555814, ""-10"": 34.240856628510684, ""0"": 34.14774388300725, ""10"": 34.2322593779349, ""20"": 34.278249135115566, ""40"": 34.233455855450465}",3.486512006000339,2781729792,3745406976,18,rel_tol,0.0009359840767070083,0,363.50642158199844,"{""rho"": ""cv"", ""start"": ""c3dgs"", ""reseed"": true, ""clip"": ""global"", ""update"": ""ridge"", ""eps"": 0.01, ""max_iters"": 20, ""rel_tol"": 0.001, ""final"": ""int8""}","{""bits"": 8, ""dtype"": ""qint8"", ""step"": 0.007416927721351385, ""dc"": {""scale"": 0.05522720143198967, ""zero_point"": -83, ""grid_min"": -2.485224064439535, ""grid_max"": 11.59771230071783, ""codebook_min"": -2.374769687652588, ""codebook_max"": 11.266348838806152, ""n_outside_grid"": 0, ""n_values"": 12288}, ""rest"": {""scale"": 0.007416927721351385, ""zero_point"": 2, ""grid_min"": -0.9642006037756801, ""grid_max"": 0.9271159651689231, ""codebook_min"": -0.778814971446991, ""codebook_max"": 0.8911039233207703, ""n_outside_grid"": 0, ""n_values"": 184320}}","{""dc_scale"": 0.05522720143198967, ""dc_zero_point"": -83, ""rest_scale"": 0.007416927721351385, ""rest_zero_point"": 2}",364.7590151819986,7157111808,8371830784,8164704256,8308408320,True,a7a81b5858dc01a5ad5460bcadf75f09406cbbcf,35.882601499557495,4522.792079925537,7758863872,8382316544,14325477376,3dd0f6a4ff4bfa92df229816d13921d1b4a7a774,2a234af55fbe8b90c8829c1436ce80088c4b622b,49ccae72e75eec9877354ed72074827531f7fd79,c0e34e8efa57,2026-10-02T15:48:14
treehill,p1_lad_init_tr,0,6e-07,1,lad_init_tr,fork,0,ok,,,cpu,0.1,0.1,0.001,3783761,377859,81863,3324039,,,,36389244,34.703487396240234,36.389244,11.657248053738769,85927,11.374829587286552,4064,"{""quantization"": {""compressed_bytes"": 67, ""uncompressed_bytes"": 129}, ""xyz"": {""compressed_bytes"": 13828959, ""uncompressed_bytes"": 20435540}, ""features_dc"": {""compressed_bytes"": 166855, ""uncompressed_bytes"": 258005}, ""features_dc_scale"": {""compressed_bytes"": 72, ""uncompressed_bytes"": 132}, ""features_dc_zero_point"": {""compressed_bytes"": 73, ""uncompressed_bytes"": 132}, ""features_rest"": {""compressed_bytes"": 2383519, ""uncompressed_bytes"": 3868283}, ""features_rest_scale"": {""compressed_bytes"": 72, ""uncompressed_bytes"": 132}, ""features_rest_zero_point"": {""compressed_bytes"": 72, ""uncompressed_bytes"": 132}, ""opacity"": {""compressed_bytes"": 2781651, ""uncompressed_bytes"": 3406030}, ""opacity_scale"": {""compressed_bytes"": 72, ""uncompressed_bytes"": 132}, ""opacity_zero_point"": {""compressed_bytes"": 73, ""uncompressed_bytes"": 132}, ""feature_indices"": {""compressed_bytes"": 5948269, ""uncompressed_bytes"": 13623736}, ""gaussian_indices"": {""compressed_bytes"": 6491953, ""uncompressed_bytes"": 13623736}, ""scaling"": {""compressed_bytes"": 811147, ""uncompressed_bytes"": 1282853}, ""scaling_scale"": {""compressed_bytes"": 72, ""uncompressed_bytes"": 132}, ""scaling_zero_point"": {""compressed_bytes"": 73, ""uncompressed_bytes"": 132}, ""scaling_factor"": {""compressed_bytes"": 2618357, ""uncompressed_bytes"": 3406030}, ""scaling_factor_scale"": {""compressed_bytes"": 72, ""uncompressed_bytes"": 132}, ""scaling_factor_zero_point"": {""compressed_bytes"": 72, ""uncompressed_bytes"": 132}, ""rotation"": {""compressed_bytes"": 1354633, ""uncompressed_bytes"": 1710428}, ""rotation_scale"": {""compressed_bytes"": 72, ""uncompressed_bytes"": 132}, ""rotation_zero_point"": {""compressed_bytes"": 73, ""uncompressed_bytes"": 132}}",22.203681204054092,0.6123265326023102,0.3452373858955171,"[17.285890579223633, 18.915802001953125, 19.37665367126465, 19.7418155670166, 19.965038299560547, 21.627912521362305, 23.517196655273438, 24.761924743652344, 21.786739349365234, 24.7159423828125, 24.33854103088379, 21.275611877441406, 24.49285125732422, 24.053102493286133, 21.352659225463867, 25.434566497802734, 23.122753143310547, 23.901260375976562]","[[1267, 832]]",18,6.915191658001277,"{""-40"": 34.683059480455185, ""-20"": 34.65248446994357, ""-10"": 34.48314645555284, ""0"": 34.39191924201118, ""10"": 34.49505848354764, ""20"": 34.56551615397135, ""40"": 34.5082737604777}","{""-40"": 34.58865848020429, ""-20"": 34.57869121185756, ""-10"": 34.40929049759677, ""0"": 34.31707350578441, ""10"": 34.407653536490784, ""20"": 34.45290271961794, ""40"": 34.389614819339215}",3.491273703000843,2781739008,3745406976,18,rel_tol,0.0009676454318574793,,361.7887185799991,"{""rho"": ""cv"", ""start"": ""ogc_init"", ""reseed"": false, ""clip"": ""global"", ""update"": ""ridge"", ""eps"": 0.01, ""max_iters"": 20, ""rel_tol"": 0.001, ""final"": ""int8""}","{""bits"": 8, ""dtype"": ""qint8"", ""step"": 0.007416927721351385, ""dc"": {""scale"": 0.05522720143198967, ""zero_point"": -83, ""grid_min"": -2.485224064439535, ""grid_max"": 11.59771230071783, ""codebook_min"": -1.9881792068481445, ""codebook_max"": 5.540593147277832, ""n_outside_grid"": 0, ""n_values"": 12288}, ""rest"": {""scale"": 0.007416927721351385, ""zero_point"": 2, ""grid_min"": -0.9642006037756801, ""grid_max"": 0.9271159651689231, ""codebook_min"": -0.6468719244003296, ""codebook_max"": 0.6893284916877747, ""n_outside_grid"": 0, ""n_values"": 184320}}","{""dc_scale"": 0.05522720143198967, ""dc_zero_point"": -83, ""rest_scale"": 0.007416927721351385, ""rest_zero_point"": 2}",375.7183206919999,7758863872,8373927936,8165793792,8348807168,True,a7a81b5858dc01a5ad5460bcadf75f09406cbbcf,35.793301582336426,4522.792079925537,7758863872,8382316544,14325477376,3dd0f6a4ff4bfa92df229816d13921d1b4a7a774,2a234af55fbe8b90c8829c1436ce80088c4b622b,49ccae72e75eec9877354ed72074827531f7fd79,c0e34e8efa57,2026-10-02T15:48:14
treehill,p1_lad_clip_part,0,6e-07,1,lad_clip_part,fork,0,ok,,,cpu,0.1,0.1,0.001,3783761,377859,81863,3324039,,,,35634249,33.9834680557251,35.634249,9.881869568598855,84164,9.555727845912577,2301,"{""quantization"": {""compressed_bytes"": 67, ""uncompressed_bytes"": 129}, ""xyz"": {""compressed_bytes"": 13828959, ""uncompressed_bytes"": 20435540}, ""features_dc"": {""compressed_bytes"": 164870, ""uncompressed_bytes"": 258005}, ""features_dc_scale"": {""compressed_bytes"": 72, ""uncompressed_bytes"": 132}, ""features_dc_zero_point"": {""compressed_bytes"": 73, ""uncompressed_bytes"": 132}, ""features_rest"": {""compressed_bytes"": 2337994, ""uncompressed_bytes"": 3868283}, ""features_rest_scale"": {""compressed_bytes"": 72, ""uncompressed_bytes"": 132}, ""features_rest_zero_point"": {""compressed_bytes"": 72, ""uncompressed_bytes"": 132}, ""opacity"": {""compressed_bytes"": 2781651, ""uncompressed_bytes"": 3406030}, ""opacity_scale"": {""compressed_bytes"": 72, ""uncompressed_bytes"": 132}, ""opacity_zero_point"": {""compressed_bytes"": 73, ""uncompressed_bytes"": 132}, ""feature_indices"": {""compressed_bytes"": 5240784, ""uncompressed_bytes"": 13623736}, ""gaussian_indices"": {""compressed_bytes"": 6491953, ""uncompressed_bytes"": 13623736}, ""scaling"": {""compressed_bytes"": 811147, ""uncompressed_bytes"": 1282853}, ""scaling_scale"": {""compressed_bytes"": 72, ""uncompressed_bytes"": 132}, ""scaling_zero_point"": {""compressed_bytes"": 73, ""uncompressed_bytes"": 132}, ""scaling_factor"": {""compressed_bytes"": 2618357, ""uncompressed_bytes"": 3406030}, ""scaling_factor_scale"": {""compressed_bytes"": 72, ""uncompressed_bytes"": 132}, ""scaling_factor_zero_point"": {""compressed_bytes"": 72, ""uncompressed_bytes"": 132}, ""rotation"": {""compressed_bytes"": 1354633, ""uncompressed_bytes"": 1710428}, ""rotation_scale"": {""compressed_bytes"": 72, ""uncompressed_bytes"": 132}, ""rotation_zero_point"": {""compressed_bytes"": 73, ""uncompressed_bytes"": 132}}",22.18317190806071,0.6100871099366082,0.34843532741069794,"[17.283544540405273, 18.929574966430664, 19.344234466552734, 19.733808517456055, 19.937803268432617, 21.623001098632812, 23.46723747253418, 24.647369384765625, 21.775203704833984, 24.652095794677734, 24.30730438232422, 21.277114868164062, 24.48697853088379, 24.079050064086914, 21.352127075195312, 25.397052764892578, 23.13399314880371, 23.869600296020508]","[[1267, 832]]",18,6.882591434999995,"{""-40"": 34.22987704806857, ""-20"": 34.19916661580404, ""-10"": 34.016236199273, ""0"": 33.94207912021213, ""10"": 34.042570537991, ""20"": 34.124921056959366, ""40"": 34.08066177368164}","{""-40"": 34.138288979099336, ""-20"": 34.12892586169265, ""-10"": 33.9522407740314, ""0"": 33.87888121459739, ""10"": 33.96083319162229, ""20"": 34.01406213172554, ""40"": 33.96553511297097}",3.48772734799968,2781748224,3745406976,20,max_iters,0.0024017581737457144,,398.7628592889996,"{""rho"": ""cv"", ""start"": ""c3dgs"", ""reseed"": false, ""clip"": ""part"", ""update"": ""ridge"", ""eps"": 0.01, ""max_iters"": 20, ""rel_tol"": 0.001, ""final"": ""int8""}","{""bits"": 8, ""dtype"": ""qint8"", ""step"": 0.007416927721351385, ""dc"": {""scale"": 0.05522720143198967, ""zero_point"": -83, ""grid_min"": -2.485224064439535, ""grid_max"": 11.59771230071783, ""codebook_min"": -1.734483003616333, ""codebook_max"": 5.532259941101074, ""n_outside_grid"": 0, ""n_values"": 12288}, ""rest"": {""scale"": 0.007416927721351385, ""zero_point"": 2, ""grid_min"": -0.9642006037756801, ""grid_max"": 0.9271159651689231, ""codebook_min"": -0.6499289274215698, ""codebook_max"": 0.6988186836242676, ""n_outside_grid"": 0, ""n_values"": 184320}}","{""dc_scale"": 0.05522720143198967, ""dc_zero_point"": -83, ""rest_scale"": 0.007416927721351385, ""rest_zero_point"": 2}",400.0396208840011,7239249408,8373927936,8206192640,8348835840,True,a7a81b5858dc01a5ad5460bcadf75f09406cbbcf,35.2544367313385,4522.792079925537,7758863872,8382316544,14325477376,3dd0f6a4ff4bfa92df229816d13921d1b4a7a774,2a234af55fbe8b90c8829c1436ce80088c4b622b,49ccae72e75eec9877354ed72074827531f7fd79,c0e34e8efa57,2026-10-02T15:48:14
treehill,p1_lad_no_clip,0,6e-07,1,lad_no_clip,fork,0,ok,,,cpu,0.1,0.1,0.001,3783761,377859,81863,3324039,,,,35627466,33.976999282836914,35.627466,9.84715315814196,84179,9.520156454659958,2316,"{""quantization"": {""compressed_bytes"": 67, ""uncompressed_bytes"": 129}, ""xyz"": {""compressed_bytes"": 13828959, ""uncompressed_bytes"": 20435540}, ""features_dc"": {""compressed_bytes"": 164893, ""uncompressed_bytes"": 258005}, ""features_dc_scale"": {""compressed_bytes"": 72, ""uncompressed_bytes"": 132}, ""features_dc_zero_point"": {""compressed_bytes"": 73, ""uncompressed_bytes"": 132}, ""features_rest"": {""compressed_bytes"": 2338443, ""uncompressed_bytes"": 3868283}, ""features_rest_scale"": {""compressed_bytes"": 72, ""uncompressed_bytes"": 132}, ""features_rest_zero_point"": {""compressed_bytes"": 72, ""uncompressed_bytes"": 132}, ""opacity"": {""compressed_bytes"": 2781651, ""uncompressed_bytes"": 3406030}, ""opacity_scale"": {""compressed_bytes"": 72, ""uncompressed_bytes"": 132}, ""opacity_zero_point"": {""compressed_bytes"": 73, ""uncompressed_bytes"": 132}, ""feature_indices"": {""compressed_bytes"": 5233529, ""uncompressed_bytes"": 13623736}, ""gaussian_indices"": {""compressed_bytes"": 6491953, ""uncompressed_bytes"": 13623736}, ""scaling"": {""compressed_bytes"": 811147, ""uncompressed_bytes"": 1282853}, ""scaling_scale"": {""compressed_bytes"": 72, ""uncompressed_bytes"": 132}, ""scaling_zero_point"": {""compressed_bytes"": 73, ""uncompressed_bytes"": 132}, ""scaling_factor"": {""compressed_bytes"": 2618357, ""uncompressed_bytes"": 3406030}, ""scaling_factor_scale"": {""compressed_bytes"": 72, ""uncompressed_bytes"": 132}, ""scaling_factor_zero_point"": {""compressed_bytes"": 72, ""uncompressed_bytes"": 132}, ""rotation"": {""compressed_bytes"": 1354633, ""uncompressed_bytes"": 1710428}, ""rotation_scale"": {""compressed_bytes"": 72, ""uncompressed_bytes"": 132}, ""rotation_zero_point"": {""compressed_bytes"": 73, ""uncompressed_bytes"": 132}}",22.185341093275284,0.6102150281270345,0.3481622156169679,"[17.280508041381836, 18.93708610534668, 19.329120635986328, 19.720674514770508, 19.937471389770508, 21.62240982055664, 23.4676570892334, 24.657001495361328, 21.780094146728516, 24.645715713500977, 24.318681716918945, 21.280492782592773, 24.4925537109375, 24.089698791503906, 21.357315063476562, 25.406614303588867, 23.135574340820312, 23.877470016479492]","[[1267, 832]]",18,6.92732368399993,"{""-40"": 34.24488300747342, ""-20"": 34.20902654859755, ""-10"": 34.02344852023654, ""0"": 33.94249704149034, ""10"": 34.042941411336265, ""20"": 34.12675476074219, ""40"": 34.07729625701904}","{""-40"": 34.15274869670762, ""-20"": 34.13798709989286, ""-10"": 33.95983461862465, ""0"": 33.87924884713865, ""10"": 33.96289253590882, ""20"": 34.015853762616956, ""40"": 33.96191412223637}",3.490683796999292,2781757440,3745406976,20,max_iters,0.002120367275111334,,313.7784347729994,"{""rho"": ""cv"", ""start"": ""c3dgs"", ""reseed"": false, ""clip"": null, ""update"": ""ridge"", ""eps"": 0.01, ""max_iters"": 20, ""rel_tol"": 0.001, ""final"": ""int8""}","{""bits"": 8, ""dtype"": ""qint8"", ""step"": 0.007416927721351385, ""dc"": {""scale"": 0.05522720143198967, ""zero_point"": -83, ""grid_min"": -2.485224064439535, ""grid_max"": 11.59771230071783, ""codebook_min"": -1.7131807804107666, ""codebook_max"": 5.527697563171387, ""n_outside_grid"": 0, ""n_values"": 12288}, ""rest"": {""scale"": 0.007416927721351385, ""zero_point"": 2, ""grid_min"": -0.9642006037756801, ""grid_max"": 0.9271159651689231, ""codebook_min"": -1.0237027406692505, ""codebook_max"": 0.7388210296630859, ""n_outside_grid"": 1, ""n_values"": 184320}}","{""dc_scale"": 0.05522720143198967, ""dc_zero_point"": -83, ""rest_scale"": 0.007416927721351385, ""rest_zero_point"": 2}",315.0497286560003,7239905280,8376025088,8206221312,8348835840,True,a7a81b5858dc01a5ad5460bcadf75f09406cbbcf,35.26535391807556,4522.792079925537,7758863872,8382316544,14325477376,3dd0f6a4ff4bfa92df229816d13921d1b4a7a774,2a234af55fbe8b90c8829c1436ce80088c4b622b,49ccae72e75eec9877354ed72074827531f7fd79,c0e34e8efa57,2026-10-02T15:48:14
treehill,p1_lad_ridge_mean,0,6e-07,1,lad_ridge_mean,fork,0,ok,,,cpu,0.0,0.1,0.001,3783761,377859,81863,3324039,,,,36211598,34.53407096862793,36.211598,10.535628513238967,84473,10.225587284104378,2610,"{""quantization"": {""compressed_bytes"": 67, ""uncompressed_bytes"": 129}, ""xyz"": {""compressed_bytes"": 13828959, ""uncompressed_bytes"": 20435540}, ""features_dc"": {""compressed_bytes"": 165463, ""uncompressed_bytes"": 258005}, ""features_dc_scale"": {""compressed_bytes"": 72, ""uncompressed_bytes"": 132}, ""features_dc_zero_point"": {""compressed_bytes"": 73, ""uncompressed_bytes"": 132}, ""features_rest"": {""compressed_bytes"": 2354539, ""uncompressed_bytes"": 3868283}, ""features_rest_scale"": {""compressed_bytes"": 72, ""uncompressed_bytes"": 132}, ""features_rest_zero_point"": {""compressed_bytes"": 72, ""uncompressed_bytes"": 132}, ""opacity"": {""compressed_bytes"": 2781651, ""uncompressed_bytes"": 3406030}, ""opacity_scale"": {""compressed_bytes"": 72, ""uncompressed_bytes"": 132}, ""opacity_zero_point"": {""compressed_bytes"": 73, ""uncompressed_bytes"": 132}, ""feature_indices"": {""compressed_bytes"": 5800995, ""uncompressed_bytes"": 13623736}, ""gaussian_indices"": {""compressed_bytes"": 6491953, ""uncompressed_bytes"": 13623736}, ""scaling"": {""compressed_bytes"": 811147, ""uncompressed_bytes"": 1282853}, ""scaling_scale"": {""compressed_bytes"": 72, ""uncompressed_bytes"": 132}, ""scaling_zero_point"": {""compressed_bytes"": 73, ""uncompressed_bytes"": 132}, ""scaling_factor"": {""compressed_bytes"": 2618357, ""uncompressed_bytes"": 3406030}, ""scaling_factor_scale"": {""compressed_bytes"": 72, ""uncompressed_bytes"": 132}, ""scaling_factor_zero_point"": {""compressed_bytes"": 72, ""uncompressed_bytes"": 132}, ""rotation"": {""compressed_bytes"": 1354633, ""uncompressed_bytes"": 1710428}, ""rotation_scale"": {""compressed_bytes"": 72, ""uncompressed_bytes"": 132}, ""rotation_zero_point"": {""compressed_bytes"": 73, ""uncompressed_bytes"": 132}}",22.18993377685547,0.611178371641371,0.3457368397050434,"[17.283233642578125, 18.972272872924805, 19.324748992919922, 19.733556747436523, 19.957231521606445, 21.625980377197266, 23.478660583496094, 24.687923431396484, 21.771772384643555, 24.68567657470703, 24.316036224365234, 21.267005920410156, 24.482444763183594, 24.045530319213867, 21.348731994628906, 25.424346923828125, 23.1170654296875, 23.896589279174805]","[[1267, 832]]",18,6.9271366160010075,"{""-40"": 34.437309688991974, ""-20"": 34.47769186231825, ""-10"": 34.24857521057129, ""0"": 34.17554537455241, ""10"": 34.28374205695258, ""20"": 34.39653343624539, ""40"": 34.35940021938748}","{""-40"": 34.34359157807187, ""-20"": 34.404452147213476, ""-10"": 34.15746540288887, ""0"": 34.08876267826652, ""10"": 34.19433468960343, ""20"": 34.28268824466704, ""40"": 34.232331329399194}",3.4915254220013594,2781766656,3745406976,20,max_iters,0.005538878423045553,,399.30965345299956,"{""rho"": 0.0, ""start"": ""c3dgs"", ""reseed"": false, ""clip"": ""global"", ""update"": ""ridge_mean"", ""eps"": 0.001, ""max_iters"": 20, ""rel_tol"": 0.001, ""final"": ""int8""}","{""bits"": 8, ""dtype"": ""qint8"", ""step"": 0.007416927721351385, ""dc"": {""scale"": 0.05522720143198967, ""zero_point"": -83, ""grid_min"": -2.485224064439535, ""grid_max"": 11.59771230071783, ""codebook_min"": -1.7604739665985107, ""codebook_max"": 5.540593147277832, ""n_outside_grid"": 0, ""n_values"": 12288}, ""rest"": {""scale"": 0.007416927721351385, ""zero_point"": 2, ""grid_min"": -0.9642006037756801, ""grid_max"": 0.9271159651689231, ""codebook_min"": -1.7604739665985107, ""codebook_max"": 3.0973970890045166, ""n_outside_grid"": 33, ""n_values"": 184320}}","{""dc_scale"": 0.05522720143198967, ""dc_zero_point"": -83, ""rest_scale"": 0.007416927721351385, ""rest_zero_point"": 2}",400.556637357,7089025024,8378122240,8206221312,8348835840,True,a7a81b5858dc01a5ad5460bcadf75f09406cbbcf,35.9612512588501,4522.792079925537,7758863872,8382316544,14325477376,3dd0f6a4ff4bfa92df229816d13921d1b4a7a774,2a234af55fbe8b90c8829c1436ce80088c4b622b,49ccae72e75eec9877354ed72074827531f7fd79,c0e34e8efa57,2026-10-02T15:48:14
treehill,p1_lad_iters15,0,6e-07,1,lad_iters15,fork,0,ok,,,cpu,0.1,0.1,0.001,3783761,377859,81863,3324039,,,,35607959,33.95839595794678,35.607959,9.82874436766003,84080,9.501294300419293,2217,"{""quantization"": {""compressed_bytes"": 67, ""uncompressed_bytes"": 129}, ""xyz"": {""compressed_bytes"": 13828959, ""uncompressed_bytes"": 20435540}, ""features_dc"": {""compressed_bytes"": 164785, ""uncompressed_bytes"": 258005}, ""features_dc_scale"": {""compressed_bytes"": 72, ""uncompressed_bytes"": 132}, ""features_dc_zero_point"": {""compressed_bytes"": 73, ""uncompressed_bytes"": 132}, ""features_rest"": {""compressed_bytes"": 2335490, ""uncompressed_bytes"": 3868283}, ""features_rest_scale"": {""compressed_bytes"": 72, ""uncompressed_bytes"": 132}, ""features_rest_zero_point"": {""compressed_bytes"": 72, ""uncompressed_bytes"": 132}, ""opacity"": {""compressed_bytes"": 2781651, ""uncompressed_bytes"": 3406030}, ""opacity_scale"": {""compressed_bytes"": 72, ""uncompressed_bytes"": 132}, ""opacity_zero_point"": {""compressed_bytes"": 73, ""uncompressed_bytes"": 132}, ""feature_indices"": {""compressed_bytes"": 5217083, ""uncompressed_bytes"": 13623736}, ""gaussian_indices"": {""compressed_bytes"": 6491953, ""uncompressed_bytes"": 13623736}, ""scaling"": {""compressed_bytes"": 811147, ""uncompressed_bytes"": 1282853}, ""scaling_scale"": {""compressed_bytes"": 72, ""uncompressed_bytes"": 132}, ""scaling_zero_point"": {""compressed_bytes"": 73, ""uncompressed_bytes"": 132}, ""scaling_factor"": {""compressed_bytes"": 2618357, ""uncompressed_bytes"": 3406030}, ""scaling_factor_scale"": {""compressed_bytes"": 72, ""uncompressed_bytes"": 132}, ""scaling_factor_zero_point"": {""compressed_bytes"": 72, ""uncompressed_bytes"": 132}, ""rotation"": {""compressed_bytes"": 1354633, ""uncompressed_bytes"": 1710428}, ""rotation_scale"": {""compressed_bytes"": 72, ""uncompressed_bytes"": 132}, ""rotation_zero_point"": {""compressed_bytes"": 73, ""uncompressed_bytes"": 132}}",22.1821321911282,0.6099002659320831,0.3488336486948861,"[17.28302001953125, 18.930465698242188, 19.3331298828125, 19.7209415435791, 19.937578201293945, 21.6231689453125, 23.470458984375, 24.64116668701172, 21.768882751464844, 24.647048950195312, 24.308914184570312, 21.283306121826172, 24.486024856567383, 24.085906982421875, 21.358165740966797, 25.39484214782715, 23.136999130249023, 23.868358612060547]","[[1267, 832]]",18,6.92866031900121,"{""-40"": 34.211309644911026, ""-20"": 34.16744168599447, ""-10"": 33.98743777804904, ""0"": 33.9129524230957, ""10"": 34.01603423224555, ""20"": 34.094288720024956, ""40"": 34.045038011338974}","{""-40"": 34.118272071839776, ""-20"": 34.09789632367313, ""-10"": 33.924706105352044, ""0"": 33.85091732233282, ""10"": 33.93425474513114, ""20"": 33.98370499413793, ""40"": 33.93003674847466}",3.4934211029994913,2781775872,3745406976,15,max_iters,0.0034653383755053843,,304.7312660460011,"{""rho"": ""cv"", ""start"": ""c3dgs"", ""reseed"": false, ""clip"": ""global"", ""update"": ""ridge"", ""eps"": 0.01, ""max_iters"": 15, ""rel_tol"": 0.001, ""final"": ""int8""}","{""bits"": 8, ""dtype"": ""qint8"", ""step"": 0.007416927721351385, ""dc"": {""scale"": 0.05522720143198967, ""zero_point"": -83, ""grid_min"": -2.485224064439535, ""grid_max"": 11.59771230071783, ""codebook_min"": -1.7586705684661865, ""codebook_max"": 5.4432549476623535, ""n_outside_grid"": 0, ""n_values"": 12288}, ""rest"": {""scale"": 0.007416927721351385, ""zero_point"": 2, ""grid_min"": -0.9642006037756801, ""grid_max"": 0.9271159651689231, ""codebook_min"": -0.8772849440574646, ""codebook_max"": 0.7241331934928894, ""n_outside_grid"": 0, ""n_values"": 184320}}","{""dc_scale"": 0.05522720143198967, ""dc_zero_point"": -83, ""rest_scale"": 0.007416927721351385, ""rest_zero_point"": 2}",306.005892313,7294662656,8378122240,8206221312,8348835840,True,a7a81b5858dc01a5ad5460bcadf75f09406cbbcf,36.937631368637085,4522.792079925537,7758863872,8382316544,14325477376,3dd0f6a4ff4bfa92df229816d13921d1b4a7a774,2a234af55fbe8b90c8829c1436ce80088c4b622b,49ccae72e75eec9877354ed72074827531f7fd79,c0e34e8efa57,2026-10-02T15:48:14
treehill,p1_lad_iters50,0,6e-07,1,lad_iters50,fork,0,ok,,,cpu,0.1,0.1,0.001,3783761,377859,81863,3324039,,,,35713544,34.05908966064453,35.713544,10.037616262315051,84540,9.7153102020827,2677,"{""quantization"": {""compressed_bytes"": 67, ""uncompressed_bytes"": 129}, ""xyz"": {""compressed_bytes"": 13828959, ""uncompressed_bytes"": 20435540}, ""features_dc"": {""compressed_bytes"": 165355, ""uncompressed_bytes"": 258005}, ""features_dc_scale"": {""compressed_bytes"": 72, ""uncompressed_bytes"": 132}, ""features_dc_zero_point"": {""compressed_bytes"": 73, ""uncompressed_bytes"": 132}, ""features_rest"": {""compressed_bytes"": 2348673, ""uncompressed_bytes"": 3868283}, ""features_rest_scale"": {""compressed_bytes"": 72, ""uncompressed_bytes"": 132}, ""features_rest_zero_point"": {""compressed_bytes"": 72, ""uncompressed_bytes"": 132}, ""opacity"": {""compressed_bytes"": 2781651, ""uncompressed_bytes"": 3406030}, ""opacity_scale"": {""compressed_bytes"": 72, ""uncompressed_bytes"": 132}, ""opacity_zero_point"": {""compressed_bytes"": 73, ""uncompressed_bytes"": 132}, ""feature_indices"": {""compressed_bytes"": 5308915, ""uncompressed_bytes"": 13623736}, ""gaussian_indices"": {""compressed_bytes"": 6491953, ""uncompressed_bytes"": 13623736}, ""scaling"": {""compressed_bytes"": 811147, ""uncompressed_bytes"": 1282853}, ""scaling_scale"": {""compressed_bytes"": 72, ""uncompressed_bytes"": 132}, ""scaling_zero_point"": {""compressed_bytes"": 73, ""uncompressed_bytes"": 132}, ""scaling_factor"": {""compressed_bytes"": 2618357, ""uncompressed_bytes"": 3406030}, ""scaling_factor_scale"": {""compressed_bytes"": 72, ""uncompressed_bytes"": 132}, ""scaling_factor_zero_point"": {""compressed_bytes"": 72, ""uncompressed_bytes"": 132}, ""rotation"": {""compressed_bytes"": 1354633, ""uncompressed_bytes"": 1710428}, ""rotation_scale"": {""compressed_bytes"": 72, ""uncompressed_bytes"": 132}, ""rotation_zero_point"": {""compressed_bytes"": 73, ""uncompressed_bytes"": 132}}",22.19083817799886,0.6106154951784346,0.347831098569764,"[17.28471565246582, 18.934885025024414, 19.341747283935547, 19.727336883544922, 19.941444396972656, 21.622997283935547, 23.479745864868164, 24.667892456054688, 21.78299331665039, 24.657705307006836, 24.316659927368164, 21.2856388092041, 24.495073318481445, 24.093624114990234, 21.357345581054688, 25.42316246032715, 23.14080238342285, 23.881317138671875]","[[1267, 832]]",18,6.898530836000646,"{""-40"": 34.309535344441734, ""-20"": 34.28987397087945, ""-10"": 34.10978910658095, ""0"": 34.028497060139976, ""10"": 34.12301063537598, ""20"": 34.20416386922201, ""40"": 34.16250250074599}","{""-40"": 34.21664745036395, ""-20"": 34.217547728912606, ""-10"": 34.044183898322046, ""0"": 33.962118687799475, ""10"": 34.04044982445806, ""20"": 34.09153073319616, ""40"": 34.04369442216043}",3.4935738580006728,2781785088,3745406976,44,rel_tol,0.00096016825782196,,849.5308924279998,"{""rho"": ""cv"", ""start"": ""c3dgs"", ""reseed"": false, ""clip"": ""global"", ""update"": ""ridge"", ""eps"": 0.01, ""max_iters"": 50, ""rel_tol"": 0.001, ""final"": ""int8""}","{""bits"": 8, ""dtype"": ""qint8"", ""step"": 0.007416927721351385, ""dc"": {""scale"": 0.05522720143198967, ""zero_point"": -83, ""grid_min"": -2.485224064439535, ""grid_max"": 11.59771230071783, ""codebook_min"": -1.7192702293395996, ""codebook_max"": 5.540593147277832, ""n_outside_grid"": 0, ""n_values"": 12288}, ""rest"": {""scale"": 0.007416927721351385, ""zero_point"": 2, ""grid_min"": -0.9642006037756801, ""grid_max"": 0.9271159651689231, ""codebook_min"": -0.9589130878448486, ""codebook_max"": 0.7453734874725342, ""n_outside_grid"": 0, ""n_values"": 184320}}","{""dc_scale"": 0.05522720143198967, ""dc_zero_point"": -83, ""rest_scale"": 0.007416927721351385, ""rest_zero_point"": 2}",850.8177343490006,7322041856,8378122240,8206221312,8348835840,True,a7a81b5858dc01a5ad5460bcadf75f09406cbbcf,35.90526580810547,4522.792079925537,7758863872,8382316544,14325477376,3dd0f6a4ff4bfa92df229816d13921d1b4a7a774,2a234af55fbe8b90c8829c1436ce80088c4b622b,49ccae72e75eec9877354ed72074827531f7fd79,c0e34e8efa57,2026-10-02T15:48:14
treehill,p1_lad_no_final_int8,0,6e-07,1,lad_no_final_int8,fork,0,ok,,,cpu,0.1,0.1,0.001,3783761,377859,81863,3324039,,,,35624680,33.974342346191406,35.62468,9.86558382708768,84166,9.53904102617779,2303,"{""quantization"": {""compressed_bytes"": 67, ""uncompressed_bytes"": 129}, ""xyz"": {""compressed_bytes"": 13828959, ""uncompressed_bytes"": 20435540}, ""features_dc"": {""compressed_bytes"": 164874, ""uncompressed_bytes"": 258005}, ""features_dc_scale"": {""compressed_bytes"": 72, ""uncompressed_bytes"": 132}, ""features_dc_zero_point"": {""compressed_bytes"": 73, ""uncompressed_bytes"": 132}, ""features_rest"": {""compressed_bytes"": 2338146, ""uncompressed_bytes"": 3868283}, ""features_rest_scale"": {""compressed_bytes"": 72, ""uncompressed_bytes"": 132}, ""features_rest_zero_point"": {""compressed_bytes"": 72, ""uncompressed_bytes"": 132}, ""opacity"": {""compressed_bytes"": 2781651, ""uncompressed_bytes"": 3406030}, ""opacity_scale"": {""compressed_bytes"": 72, ""uncompressed_bytes"": 132}, ""opacity_zero_point"": {""compressed_bytes"": 73, ""uncompressed_bytes"": 132}, ""feature_indices"": {""compressed_bytes"": 5231059, ""uncompressed_bytes"": 13623736}, ""gaussian_indices"": {""compressed_bytes"": 6491953, ""uncompressed_bytes"": 13623736}, ""scaling"": {""compressed_bytes"": 811147, ""uncompressed_bytes"": 1282853}, ""scaling_scale"": {""compressed_bytes"": 72, ""uncompressed_bytes"": 132}, ""scaling_zero_point"": {""compressed_bytes"": 73, ""uncompressed_bytes"": 132}, ""scaling_factor"": {""compressed_bytes"": 2618357, ""uncompressed_bytes"": 3406030}, ""scaling_factor_scale"": {""compressed_bytes"": 72, ""uncompressed_bytes"": 132}, ""scaling_factor_zero_point"": {""compressed_bytes"": 72, ""uncompressed_bytes"": 132}, ""rotation"": {""compressed_bytes"": 1354633, ""uncompressed_bytes"": 1710428}, ""rotation_scale"": {""compressed_bytes"": 72, ""uncompressed_bytes"": 132}, ""rotation_zero_point"": {""compressed_bytes"": 73, ""uncompressed_bytes"": 132}}",22.18364249335395,0.6100439859761132,0.3486216747098499,"[17.28204917907715, 18.93537712097168, 19.3314208984375, 19.720922470092773, 19.93893051147461, 21.619007110595703, 23.47560691833496, 24.664257049560547, 21.777559280395508, 24.66469383239746, 24.306922912597656, 21.27975845336914, 24.48561668395996, 24.08120346069336, 21.353885650634766, 25.39729118347168, 23.125268936157227, 23.865793228149414]","[[1267, 832]]",18,6.897935963999771,"{""-40"": 34.216225941975914, ""-20"": 34.19201532999674, ""-10"": 34.00821389092339, ""0"": 33.9245408376058, ""10"": 34.025422202216255, ""20"": 34.11038398742676, ""40"": 34.06218433380127}","{""-40"": 34.12516301217544, ""-20"": 34.12081565760142, ""-10"": 33.944704456686, ""0"": 33.8615104105577, ""10"": 33.94494482939576, ""20"": 34.00073788639443, ""40"": 33.94903292142763}",3.498369721999552,2781794304,3745406976,20,max_iters,0.0024166727722539105,,390.31420572800016,"{""rho"": ""cv"", ""start"": ""c3dgs"", ""reseed"": false, ""clip"": ""global"", ""update"": ""ridge"", ""eps"": 0.01, ""max_iters"": 20, ""rel_tol"": 0.001, ""final"": ""none""}","{""bits"": 8, ""dtype"": ""qint8"", ""step"": 0.007416927721351385, ""dc"": {""scale"": 0.05522720143198967, ""zero_point"": -83, ""grid_min"": -2.485224064439535, ""grid_max"": 11.59771230071783, ""codebook_min"": -1.7340757846832275, ""codebook_max"": 5.5326828956604, ""n_outside_grid"": 0, ""n_values"": 12288}, ""rest"": {""scale"": 0.007416927721351385, ""zero_point"": 2, ""grid_min"": -0.9642006037756801, ""grid_max"": 0.9271159651689231, ""codebook_min"": -0.9914464950561523, ""codebook_max"": 0.7397294044494629, ""n_outside_grid"": 1, ""n_values"": 184320}}","{""dc_scale"": 0.05522720143198967, ""dc_zero_point"": -83, ""rest_scale"": 0.007416927721351385, ""rest_zero_point"": 2}",391.5994693090015,7349421056,8380219392,8206221312,8348835840,True,a7a81b5858dc01a5ad5460bcadf75f09406cbbcf,35.58601951599121,4522.792079925537,7758863872,8382316544,14325477376,3dd0f6a4ff4bfa92df229816d13921d1b4a7a774,2a234af55fbe8b90c8829c1436ce80088c4b622b,49ccae72e75eec9877354ed72074827531f7fd79,c0e34e8efa57,2026-10-02T15:48:14
treehill,p1_lad_all,0,6e-07,1,lad_all,fork,0,ok,,,cpu,0.0,0.1,0.001,3783761,377859,81863,3324039,,,,36810005,35.104756355285645,36.810005,11.75796187761761,85959,11.478023747817335,4096,"{""quantization"": {""compressed_bytes"": 67, ""uncompressed_bytes"": 129}, ""xyz"": {""compressed_bytes"": 13828959, ""uncompressed_bytes"": 20435540}, ""features_dc"": {""compressed_bytes"": 167092, ""uncompressed_bytes"": 258005}, ""features_dc_scale"": {""compressed_bytes"": 72, ""uncompressed_bytes"": 132}, ""features_dc_zero_point"": {""compressed_bytes"": 73, ""uncompressed_bytes"": 132}, ""features_rest"": {""compressed_bytes"": 2398301, ""uncompressed_bytes"": 3868283}, ""features_rest_scale"": {""compressed_bytes"": 72, ""uncompressed_bytes"": 132}, ""features_rest_zero_point"": {""compressed_bytes"": 72, ""uncompressed_bytes"": 132}, ""opacity"": {""compressed_bytes"": 2781651, ""uncompressed_bytes"": 3406030}, ""opacity_scale"": {""compressed_bytes"": 72, ""uncompressed_bytes"": 132}, ""opacity_zero_point"": {""compressed_bytes"": 73, ""uncompressed_bytes"": 132}, ""feature_indices"": {""compressed_bytes"": 6354011, ""uncompressed_bytes"": 13623736}, ""gaussian_indices"": {""compressed_bytes"": 6491953, ""uncompressed_bytes"": 13623736}, ""scaling"": {""compressed_bytes"": 811147, ""uncompressed_bytes"": 1282853}, ""scaling_scale"": {""compressed_bytes"": 72, ""uncompressed_bytes"": 132}, ""scaling_zero_point"": {""compressed_bytes"": 73, ""uncompressed_bytes"": 132}, ""scaling_factor"": {""compressed_bytes"": 2618357, ""uncompressed_bytes"": 3406030}, ""scaling_factor_scale"": {""compressed_bytes"": 72, ""uncompressed_bytes"": 132}, ""scaling_factor_zero_point"": {""compressed_bytes"": 72, ""uncompressed_bytes"": 132}, ""rotation"": {""compressed_bytes"": 1354633, ""uncompressed_bytes"": 1710428}, ""rotation_scale"": {""compressed_bytes"": 72, ""uncompressed_bytes"": 132}, ""rotation_zero_point"": {""compressed_bytes"": 73, ""uncompressed_bytes"": 132}}",22.20213731129964,0.6128024955590566,0.34398848315080005,"[17.288827896118164, 18.968332290649414, 19.35142707824707, 19.73973846435547, 19.965118408203125, 21.62525749206543, 23.505212783813477, 24.761056900024414, 21.774681091308594, 24.703149795532227, 24.3311710357666, 21.263259887695312, 24.4870548248291, 24.039487838745117, 21.350614547729492, 25.438566207885742, 23.126359939575195, 23.91915512084961]","[[1267, 832]]",18,6.916205898000044,"{""-40"": 34.84581756591797, ""-20"": 34.80612225002713, ""-10"": 34.60920884874132, ""0"": 34.51446723937988, ""10"": 34.618559731377495, ""20"": 34.73819669087728, ""40"": 34.67316903008355}","{""-40"": 34.751244618322986, ""-20"": 34.73342892234141, ""-10"": 34.520016029954974, ""0"": 34.4225068547531, ""10"": 34.52095000237615, ""20"": 34.621470087378896, ""40"": 34.54402186126762}",3.4937776679998933,2781803520,3745406976,15,max_iters,0.003911556711284983,0,243.89348717699977,"{""rho"": 0.0, ""start"": ""ogc_init"", ""reseed"": true, ""clip"": null, ""update"": ""ridge_mean"", ""eps"": 0.001, ""max_iters"": 15, ""rel_tol"": ""-inf"", ""final"": ""float""}","{""bits"": 8, ""dtype"": ""qint8"", ""step"": 0.007416927721351385, ""dc"": {""scale"": 0.05522720143198967, ""zero_point"": -83, ""grid_min"": -2.485224064439535, ""grid_max"": 11.59771230071783, ""codebook_min"": -2.100174903869629, ""codebook_max"": 8.142098426818848, ""n_outside_grid"": 0, ""n_values"": 12288}, ""rest"": {""scale"": 0.007416927721351385, ""zero_point"": 2, ""grid_min"": -0.9642006037756801, ""grid_max"": 0.9271159651689231, ""codebook_min"": -1.9092493057250977, ""codebook_max"": 1.5103358030319214, ""n_outside_grid"": 46, ""n_values"": 184320}}","{""dc_scale"": 0.05522720143198967, ""dc_zero_point"": -83, ""rest_scale"": 0.007416927721351385, ""rest_zero_point"": 2}",257.8524321469995,7198541824,8382316544,8206221312,8348901376,True,a7a81b5858dc01a5ad5460bcadf75f09406cbbcf,35.687949419021606,4522.792079925537,7758863872,8382316544,14325477376,3dd0f6a4ff4bfa92df229816d13921d1b4a7a774,2a234af55fbe8b90c8829c1436ce80088c4b622b,49ccae72e75eec9877354ed72074827531f7fd79,c0e34e8efa57,2026-10-02T15:48:14
treehill,p1_ogc,0,6e-07,1,ogc,fork,0,ok,,,cpu,,0.1,0.001,3783761,377859,81863,3324039,,,,36809600,35.1043701171875,36.8096,11.757692125612332,85959,11.47774735247592,4096,"{""quantization"": {""compressed_bytes"": 67, ""uncompressed_bytes"": 129}, ""xyz"": {""compressed_bytes"": 13828959, ""uncompressed_bytes"": 20435540}, ""features_dc"": {""compressed_bytes"": 167123, ""uncompressed_bytes"": 258005}, ""features_dc_scale"": {""compressed_bytes"": 72, ""uncompressed_bytes"": 132}, ""features_dc_zero_point"": {""compressed_bytes"": 73, ""uncompressed_bytes"": 132}, ""features_rest"": {""compressed_bytes"": 2398163, ""uncompressed_bytes"": 3868283}, ""features_rest_scale"": {""compressed_bytes"": 72, ""uncompressed_bytes"": 132}, ""features_rest_zero_point"": {""compressed_bytes"": 72, ""uncompressed_bytes"": 132}, ""opacity"": {""compressed_bytes"": 2781651, ""uncompressed_bytes"": 3406030}, ""opacity_scale"": {""compressed_bytes"": 72, ""uncompressed_bytes"": 132}, ""opacity_zero_point"": {""compressed_bytes"": 73, ""uncompressed_bytes"": 132}, ""feature_indices"": {""compressed_bytes"": 6353713, ""uncompressed_bytes"": 13623736}, ""gaussian_indices"": {""compressed_bytes"": 6491953, ""uncompressed_bytes"": 13623736}, ""scaling"": {""compressed_bytes"": 811147, ""uncompressed_bytes"": 1282853}, ""scaling_scale"": {""compressed_bytes"": 72, ""uncompressed_bytes"": 132}, ""scaling_zero_point"": {""compressed_bytes"": 73, ""uncompressed_bytes"": 132}, ""scaling_factor"": {""compressed_bytes"": 2618357, ""uncompressed_bytes"": 3406030}, ""scaling_factor_scale"": {""compressed_bytes"": 72, ""uncompressed_bytes"": 132}, ""scaling_factor_zero_point"": {""compressed_bytes"": 72, ""uncompressed_bytes"": 132}, ""rotation"": {""compressed_bytes"": 1354633, ""uncompressed_bytes"": 1710428}, ""rotation_scale"": {""compressed_bytes"": 72, ""uncompressed_bytes"": 132}, ""rotation_zero_point"": {""compressed_bytes"": 73, ""uncompressed_bytes"": 132}}",22.203060574001736,0.6127857367197672,0.344089322619968,"[17.29216194152832, 18.9724178314209, 19.35531234741211, 19.72769546508789, 19.965538024902344, 21.626611709594727, 23.504901885986328, 24.743911743164062, 21.771621704101562, 24.69200325012207, 24.335330963134766, 21.26728057861328, 24.4904727935791, 24.04733657836914, 21.354923248291016, 25.446413040161133, 23.139842987060547, 23.921314239501953]","[[1267, 832]]",18,6.93176233000122,"{""-40"": 34.83737055460612, ""-20"": 34.80610593159994, ""-10"": 34.611421797010635, ""0"": 34.51078648037381, ""10"": 34.61941909790039, ""20"": 34.73643557230631, ""40"": 34.672889709472656}","{""-40"": 34.7430436346168, ""-20"": 34.73339714367291, ""-10"": 34.523899240205296, ""0"": 34.4185446853861, ""10"": 34.52107729482269, ""20"": 34.61914264083495, ""40"": 34.54363737333504}",3.4938857319993986,2781812736,3745406976,,,,,,,"{""bits"": 8, ""dtype"": ""qint8"", ""step"": 0.007416927721351385, ""dc"": {""scale"": 0.05522720143198967, ""zero_point"": -83, ""grid_min"": -2.485224064439535, ""grid_max"": 11.59771230071783, ""codebook_min"": -2.1038029193878174, ""codebook_max"": 8.172314643859863, ""n_outside_grid"": 0, ""n_values"": 12288}, ""rest"": {""scale"": 0.007416927721351385, ""zero_point"": 2, ""grid_min"": -0.9642006037756801, ""grid_max"": 0.9271159651689231, ""codebook_min"": -1.9301012754440308, ""codebook_max"": 1.523674488067627, ""n_outside_grid"": 44, ""n_values"": 184320}}","{""dc_scale"": 0.05522720143198967, ""dc_zero_point"": -83, ""rest_scale"": 0.007416927721351385, ""rest_zero_point"": 2}",98.77093891299955,6870897152,8382316544,8206286848,14325477376,True,a7a81b5858dc01a5ad5460bcadf75f09406cbbcf,35.6956844329834,4522.792079925537,7758863872,8382316544,14325477376,3dd0f6a4ff4bfa92df229816d13921d1b4a7a774,2a234af55fbe8b90c8829c1436ce80088c4b622b,49ccae72e75eec9877354ed72074827531f7fd79,c0e34e8efa57,2026-10-02T15:48:14
treehill,p1_ogc_lamcv,0,6e-07,1,ogc_lamcv,fork,0,alias,lam_cv = 1e-3: ogc_lamcv is ogc and is not run again (Amendment 16 b),ogc,cpu,,0.1,0.001,3783761,377859,81863,3324039,,,,36809600,35.1043701171875,36.8096,11.757692125612332,85959,11.47774735247592,4096,"{""quantization"": {""compressed_bytes"": 67, ""uncompressed_bytes"": 129}, ""xyz"": {""compressed_bytes"": 13828959, ""uncompressed_bytes"": 20435540}, ""features_dc"": {""compressed_bytes"": 167123, ""uncompressed_bytes"": 258005}, ""features_dc_scale"": {""compressed_bytes"": 72, ""uncompressed_bytes"": 132}, ""features_dc_zero_point"": {""compressed_bytes"": 73, ""uncompressed_bytes"": 132}, ""features_rest"": {""compressed_bytes"": 2398163, ""uncompressed_bytes"": 3868283}, ""features_rest_scale"": {""compressed_bytes"": 72, ""uncompressed_bytes"": 132}, ""features_rest_zero_point"": {""compressed_bytes"": 72, ""uncompressed_bytes"": 132}, ""opacity"": {""compressed_bytes"": 2781651, ""uncompressed_bytes"": 3406030}, ""opacity_scale"": {""compressed_bytes"": 72, ""uncompressed_bytes"": 132}, ""opacity_zero_point"": {""compressed_bytes"": 73, ""uncompressed_bytes"": 132}, ""feature_indices"": {""compressed_bytes"": 6353713, ""uncompressed_bytes"": 13623736}, ""gaussian_indices"": {""compressed_bytes"": 6491953, ""uncompressed_bytes"": 13623736}, ""scaling"": {""compressed_bytes"": 811147, ""uncompressed_bytes"": 1282853}, ""scaling_scale"": {""compressed_bytes"": 72, ""uncompressed_bytes"": 132}, ""scaling_zero_point"": {""compressed_bytes"": 73, ""uncompressed_bytes"": 132}, ""scaling_factor"": {""compressed_bytes"": 2618357, ""uncompressed_bytes"": 3406030}, ""scaling_factor_scale"": {""compressed_bytes"": 72, ""uncompressed_bytes"": 132}, ""scaling_factor_zero_point"": {""compressed_bytes"": 72, ""uncompressed_bytes"": 132}, ""rotation"": {""compressed_bytes"": 1354633, ""uncompressed_bytes"": 1710428}, ""rotation_scale"": {""compressed_bytes"": 72, ""uncompressed_bytes"": 132}, ""rotation_zero_point"": {""compressed_bytes"": 73, ""uncompressed_bytes"": 132}}",22.203060574001736,0.6127857367197672,0.344089322619968,"[17.29216194152832, 18.9724178314209, 19.35531234741211, 19.72769546508789, 19.965538024902344, 21.626611709594727, 23.504901885986328, 24.743911743164062, 21.771621704101562, 24.69200325012207, 24.335330963134766, 21.26728057861328, 24.4904727935791, 24.04733657836914, 21.354923248291016, 25.446413040161133, 23.139842987060547, 23.921314239501953]","[[1267, 832]]",18,6.93176233000122,"{""-40"": 34.83737055460612, ""-20"": 34.80610593159994, ""-10"": 34.611421797010635, ""0"": 34.51078648037381, ""10"": 34.61941909790039, ""20"": 34.73643557230631, ""40"": 34.672889709472656}","{""-40"": 34.7430436346168, ""-20"": 34.73339714367291, ""-10"": 34.523899240205296, ""0"": 34.4185446853861, ""10"": 34.52107729482269, ""20"": 34.61914264083495, ""40"": 34.54363737333504}",3.4938857319993986,2781812736,3745406976,,,,,,,"{""bits"": 8, ""dtype"": ""qint8"", ""step"": 0.007416927721351385, ""dc"": {""scale"": 0.05522720143198967, ""zero_point"": -83, ""grid_min"": -2.485224064439535, ""grid_max"": 11.59771230071783, ""codebook_min"": -2.1038029193878174, ""codebook_max"": 8.172314643859863, ""n_outside_grid"": 0, ""n_values"": 12288}, ""rest"": {""scale"": 0.007416927721351385, ""zero_point"": 2, ""grid_min"": -0.9642006037756801, ""grid_max"": 0.9271159651689231, ""codebook_min"": -1.9301012754440308, ""codebook_max"": 1.523674488067627, ""n_outside_grid"": 44, ""n_values"": 184320}}","{""dc_scale"": 0.05522720143198967, ""dc_zero_point"": -83, ""rest_scale"": 0.007416927721351385, ""rest_zero_point"": 2}",98.77093891299955,6870897152,8382316544,8206286848,14325477376,True,a7a81b5858dc01a5ad5460bcadf75f09406cbbcf,35.6956844329834,4522.792079925537,7758863872,8382316544,14325477376,3dd0f6a4ff4bfa92df229816d13921d1b4a7a774,2a234af55fbe8b90c8829c1436ce80088c4b622b,49ccae72e75eec9877354ed72074827531f7fd79,c0e34e8efa57,2026-10-02T15:48:14
