scene,config,j,threshold,process_seed,row,kind,attempt,status,reason,alias_of,data_device,rho,rho_cv,lam_cv,n_ckpt,n_pruned,n_kept_colour,n_colour_quantized,c3dgs_PSNR,c3dgs_SSIM,c3dgs_LPIPS,npz_bytes,size_MiB,size_MB,index_entropy_bits,distinct_indices,codebook_entropy_bits,codebook_distinct,arrays,PSNR_ii,SSIM_ii,LPIPS_ii,psnr_ii_per_view,resolution_ii,n_views_ii,eval_ii_time_s,fidelity_psnr,fidelity_pooled_psnr,fidelity_time_s,fidelity_cuda_peak,fidelity_rss_peak,vq_iterations,vq_stopped_because,vq_last_relative_drop,vq_reseeded_total,vq_time_s,spec,table_range,qa_at_save,row_time_s,row_cuda_peak_allocated,row_cuda_peak_reserved,row_rss_start_bytes,row_rss_peak_bytes,checks_ok,geometry_sha1,npz2ply_time_s,process_wall_s,process_peak_allocated,process_peak_reserved,process_rss_peak,model_sha1,c3dgs_commit,ogc_commit,gsplat_commit,timestamp
train,uncompressed,,,,,uncompressed,,ok,,,,,,,,,,,,,,,,,,,,,,21.293174241718493,0.7926117362160432,0.21703252510020607,"[24.810487747192383, 22.819049835205078, 25.82695960998535, 22.291671752929688, 23.79962921142578, 25.014026641845703, 22.673213958740234, 22.264163970947266, 23.548236846923828, 23.6243953704834, 22.474576950073242, 17.284975051879883, 18.02278709411621, 19.229511260986328, 18.813865661621094, 20.026065826416016, 18.39787483215332, 22.28555679321289, 19.828086853027344, 22.3250789642334, 18.842811584472656, 21.771198272705078, 22.991310119628906, 22.6444149017334, 18.621734619140625, 19.820476531982422, 22.433666229248047, 18.82884979248047, 18.59313201904297, 25.329118728637695, 23.377256393432617, 26.13554573059082, 24.143512725830078, 12.912771224975586, 19.10344886779785, 16.006654739379883, 21.241455078125, 20.983049392700195]","[[980, 545]]",38,8.869672824999952,,,,,,,,,,,,,,,,,,,,,,,,,,187b6095ffe3135c7769d73a9caefcd03a5273d8,2a234af55fbe8b90c8829c1436ce80088c4b622b,49ccae72e75eec9877354ed72074827531f7fd79,c0e34e8efa57,2026-10-02T11:57:33
train,p0_c3dgs,0,6e-07,0,c3dgs,fork,0,ok,,,cuda,,0.01,0.001,1026508,115907,107525,803076,21.514795303344727,0.790768563747406,0.2346835881471634,13877025,13.234162330627441,13.877025,10.445090475854327,110021,9.011739714489927,2496,"{""quantization"": {""compressed_bytes"": 67, ""uncompressed_bytes"": 129}, ""xyz"": {""compressed_bytes"": 4013367, ""uncompressed_bytes"": 5463734}, ""features_dc"": {""compressed_bytes"": 255314, ""uncompressed_bytes"": 334991}, ""features_dc_scale"": {""compressed_bytes"": 72, ""uncompressed_bytes"": 132}, ""features_dc_zero_point"": {""compressed_bytes"": 73, ""uncompressed_bytes"": 132}, ""features_rest"": {""compressed_bytes"": 3203748, ""uncompressed_bytes"": 5023073}, ""features_rest_scale"": {""compressed_bytes"": 72, ""uncompressed_bytes"": 132}, ""features_rest_zero_point"": {""compressed_bytes"": 73, ""uncompressed_bytes"": 132}, ""opacity"": {""compressed_bytes"": 789622, ""uncompressed_bytes"": 910729}, ""opacity_scale"": {""compressed_bytes"": 72, ""uncompressed_bytes"": 132}, ""opacity_zero_point"": {""compressed_bytes"": 73, ""uncompressed_bytes"": 132}, ""feature_indices"": {""compressed_bytes"": 1424880, ""uncompressed_bytes"": 3642532}, ""gaussian_indices"": {""compressed_bytes"": 1992187, ""uncompressed_bytes"": 3642532}, ""scaling"": {""compressed_bytes"": 600343, ""uncompressed_bytes"": 843839}, ""scaling_scale"": {""compressed_bytes"": 72, ""uncompressed_bytes"": 132}, ""scaling_zero_point"": {""compressed_bytes"": 73, ""uncompressed_bytes"": 132}, ""scaling_factor"": {""compressed_bytes"": 706943, ""uncompressed_bytes"": 910729}, ""scaling_factor_scale"": {""compressed_bytes"": 72, ""uncompressed_bytes"": 132}, ""scaling_factor_zero_point"": {""compressed_bytes"": 72, ""uncompressed_bytes"": 132}, ""rotation"": {""compressed_bytes"": 886719, ""uncompressed_bytes"": 1125076}, ""rotation_scale"": {""compressed_bytes"": 72, ""uncompressed_bytes"": 132}, ""rotation_zero_point"": {""compressed_bytes"": 73, ""uncompressed_bytes"": 132}}",21.00357060683401,0.7746571984730268,0.2359677157119701,"[24.461755752563477, 22.260557174682617, 25.441184997558594, 21.956680297851562, 23.350996017456055, 24.68096923828125, 22.45787239074707, 21.984697341918945, 23.15010643005371, 23.265872955322266, 22.293869018554688, 17.15713119506836, 17.950002670288086, 18.94752311706543, 18.585126876831055, 19.77396011352539, 18.19175148010254, 21.978778839111328, 19.64904022216797, 21.94721794128418, 18.691516876220703, 21.394210815429688, 22.566524505615234, 22.563068389892578, 17.859922409057617, 19.486295700073242, 22.00018310546875, 18.567646026611328, 18.47813606262207, 25.02066993713379, 23.200475692749023, 25.4310245513916, 23.9942626953125, 13.023163795471191, 18.789119720458984, 15.906617164611816, 20.986675262451172, 20.691076278686523]","[[980, 545]]",38,7.741707944999689,"{""-40"": 34.88853233738949, ""-20"": 32.93944383922376, ""-10"": 33.428431611312064, ""0"": 33.840782466687656, ""10"": 32.874347485994036, ""20"": 34.63155349932219, ""40"": 34.15588810569361}","{""-40"": 34.148854381529326, ""-20"": 32.20634349687519, ""-10"": 33.15479266820999, ""0"": 33.5338964783866, ""10"": 31.298701860621286, ""20"": 33.41900099461302, ""40"": 33.60353775646215}",2.6868863629997577,835393024,3524440064,,,,,,,"{""bits"": 8, ""dtype"": ""qint8"", ""step"": 0.0068830568343400955, ""dc"": {""scale"": 0.054016318172216415, ""zero_point"": -81, ""grid_min"": -2.5387669540941715, ""grid_max"": 11.235394179821014, ""codebook_min"": -1.8231556415557861, ""codebook_max"": 4.90042781829834, ""n_outside_grid"": 0, ""n_values"": 12288}, ""rest"": {""scale"": 0.0068830568343400955, ""zero_point"": -4, ""grid_min"": -0.8534990474581718, ""grid_max"": 0.9016804452985525, ""codebook_min"": -0.5591908693313599, ""codebook_max"": 0.5737599730491638, ""n_outside_grid"": 0, ""n_values"": 184320}}","{""dc_scale"": 0.054016318172216415, ""dc_zero_point"": -81, ""rest_scale"": 0.0068830568343400955, ""rest_zero_point"": -4}",128.210192517,2950757376,3288334336,1918947328,1921376256,True,94704be32b2346efcaa6374f3993c5c0dc518d4b,12.363297700881958,2020.510008573532,9951422976,12771655680,4431011840,187b6095ffe3135c7769d73a9caefcd03a5273d8,2a234af55fbe8b90c8829c1436ce80088c4b622b,49ccae72e75eec9877354ed72074827531f7fd79,c0e34e8efa57,2026-10-02T12:51:52
train,p0_gnvq_cv,0,6e-07,0,gnvq_cv,fork,0,ok,,,cuda,0.01,0.01,0.001,1026508,115907,107525,803076,21.633752822875977,0.7978419065475464,0.22674714028835297,14084635,13.432154655456543,14.084635,11.061986463470134,110104,9.711232792628163,2579,"{""quantization"": {""compressed_bytes"": 67, ""uncompressed_bytes"": 129}, ""xyz"": {""compressed_bytes"": 4013367, ""uncompressed_bytes"": 5463734}, ""features_dc"": {""compressed_bytes"": 255296, ""uncompressed_bytes"": 334991}, ""features_dc_scale"": {""compressed_bytes"": 72, ""uncompressed_bytes"": 132}, ""features_dc_zero_point"": {""compressed_bytes"": 73, ""uncompressed_bytes"": 132}, ""features_rest"": {""compressed_bytes"": 3218763, ""uncompressed_bytes"": 5023073}, ""features_rest_scale"": {""compressed_bytes"": 72, ""uncompressed_bytes"": 132}, ""features_rest_zero_point"": {""compressed_bytes"": 73, ""uncompressed_bytes"": 132}, ""opacity"": {""compressed_bytes"": 789622, ""uncompressed_bytes"": 910729}, ""opacity_scale"": {""compressed_bytes"": 72, ""uncompressed_bytes"": 132}, ""opacity_zero_point"": {""compressed_bytes"": 73, ""uncompressed_bytes"": 132}, ""feature_indices"": {""compressed_bytes"": 1617493, ""uncompressed_bytes"": 3642532}, ""gaussian_indices"": {""compressed_bytes"": 1992187, ""uncompressed_bytes"": 3642532}, ""scaling"": {""compressed_bytes"": 600343, ""uncompressed_bytes"": 843839}, ""scaling_scale"": {""compressed_bytes"": 72, ""uncompressed_bytes"": 132}, ""scaling_zero_point"": {""compressed_bytes"": 73, ""uncompressed_bytes"": 132}, ""scaling_factor"": {""compressed_bytes"": 706943, ""uncompressed_bytes"": 910729}, ""scaling_factor_scale"": {""compressed_bytes"": 72, ""uncompressed_bytes"": 132}, ""scaling_factor_zero_point"": {""compressed_bytes"": 72, ""uncompressed_bytes"": 132}, ""rotation"": {""compressed_bytes"": 886719, ""uncompressed_bytes"": 1125076}, ""rotation_scale"": {""compressed_bytes"": 72, ""uncompressed_bytes"": 132}, ""rotation_zero_point"": {""compressed_bytes"": 73, ""uncompressed_bytes"": 132}}",21.12910014704654,0.7821407082833742,0.2278591402267155,"[24.663557052612305, 22.490209579467773, 25.62745475769043, 22.11615562438965, 23.5739803314209, 24.82297134399414, 22.543542861938477, 22.102306365966797, 23.345735549926758, 23.424875259399414, 22.306608200073242, 17.27736473083496, 17.9649715423584, 18.8319149017334, 18.70525360107422, 19.906021118164062, 18.283222198486328, 22.134286880493164, 19.707534790039062, 22.08465003967285, 18.784326553344727, 21.55194664001465, 22.832887649536133, 22.585142135620117, 18.156078338623047, 19.618486404418945, 22.252178192138672, 18.666431427001953, 18.547197341918945, 25.19441032409668, 23.252641677856445, 25.745532989501953, 24.086124420166016, 12.996193885803223, 18.8644962310791, 15.953137397766113, 21.099882125854492, 20.806095123291016]","[[980, 545]]",38,7.621748964999824,"{""-40"": 36.019229085821856, ""-20"": 34.05061912536621, ""-10"": 35.443741948981035, ""0"": 36.48569508602745, ""10"": 34.305825785586705, ""20"": 35.5439009415476, ""40"": 34.197003715916686}","{""-40"": 34.94421755268781, ""-20"": 32.604871598296235, ""-10"": 34.840650086709836, ""0"": 36.138939888009666, ""10"": 30.592739314008437, ""20"": 33.489398988324126, ""40"": 32.203122427279204}",2.68609841199941,834219520,3527516160,20,max_iters,0.00229781662940151,,98.02974431100029,"{""rho"": ""cv"", ""start"": ""c3dgs"", ""reseed"": false, ""clip"": ""global"", ""update"": ""ridge"", ""eps"": 0.01, ""max_iters"": 20, ""rel_tol"": 0.001, ""final"": ""int8""}","{""bits"": 8, ""dtype"": ""qint8"", ""step"": 0.0068830568343400955, ""dc"": {""scale"": 0.054016318172216415, ""zero_point"": -81, ""grid_min"": -2.5387669540941715, ""grid_max"": 11.235394179821014, ""codebook_min"": -1.7837210893630981, ""codebook_max"": 3.7753891944885254, ""n_outside_grid"": 0, ""n_values"": 12288}, ""rest"": {""scale"": 0.0068830568343400955, ""zero_point"": -4, ""grid_min"": -0.8534990474581718, ""grid_max"": 0.9016804452985525, ""codebook_min"": -0.9193859100341797, ""codebook_max"": 1.3235257863998413, ""n_outside_grid"": 9, ""n_values"": 184320}}","{""dc_scale"": 0.054016318172216415, ""dc_zero_point"": -81, ""rest_scale"": 0.0068830568343400955, ""rest_zero_point"": -4}",98.392454584,4260307968,4840226816,2918756352,3112833024,True,94704be32b2346efcaa6374f3993c5c0dc518d4b,12.667265176773071,2020.510008573532,9951422976,12771655680,4431011840,187b6095ffe3135c7769d73a9caefcd03a5273d8,2a234af55fbe8b90c8829c1436ce80088c4b622b,49ccae72e75eec9877354ed72074827531f7fd79,c0e34e8efa57,2026-10-02T12:51:52
train,p0_lad_reseed,0,6e-07,0,lad_reseed,fork,0,ok,,,cuda,0.01,0.01,0.001,1026508,115907,107525,803076,21.654529571533203,0.7989515662193298,0.22528834640979767,14307120,13.644332885742188,14.30712,12.437262899314321,111621,11.27064696732166,4096,"{""quantization"": {""compressed_bytes"": 67, ""uncompressed_bytes"": 129}, ""xyz"": {""compressed_bytes"": 4013367, ""uncompressed_bytes"": 5463734}, ""features_dc"": {""compressed_bytes"": 257883, ""uncompressed_bytes"": 334991}, ""features_dc_scale"": {""compressed_bytes"": 72, ""uncompressed_bytes"": 132}, ""features_dc_zero_point"": {""compressed_bytes"": 73, ""uncompressed_bytes"": 132}, ""features_rest"": {""compressed_bytes"": 3273011, ""uncompressed_bytes"": 5023073}, ""features_rest_scale"": {""compressed_bytes"": 72, ""uncompressed_bytes"": 132}, ""features_rest_zero_point"": {""compressed_bytes"": 73, ""uncompressed_bytes"": 132}, ""opacity"": {""compressed_bytes"": 789622, ""uncompressed_bytes"": 910729}, ""opacity_scale"": {""compressed_bytes"": 72, ""uncompressed_bytes"": 132}, ""opacity_zero_point"": {""compressed_bytes"": 73, ""uncompressed_bytes"": 132}, ""feature_indices"": {""compressed_bytes"": 1783143, ""uncompressed_bytes"": 3642532}, ""gaussian_indices"": {""compressed_bytes"": 1992187, ""uncompressed_bytes"": 3642532}, ""scaling"": {""compressed_bytes"": 600343, ""uncompressed_bytes"": 843839}, ""scaling_scale"": {""compressed_bytes"": 72, ""uncompressed_bytes"": 132}, ""scaling_zero_point"": {""compressed_bytes"": 73, ""uncompressed_bytes"": 132}, ""scaling_factor"": {""compressed_bytes"": 706943, ""uncompressed_bytes"": 910729}, ""scaling_factor_scale"": {""compressed_bytes"": 72, ""uncompressed_bytes"": 132}, ""scaling_factor_zero_point"": {""compressed_bytes"": 72, ""uncompressed_bytes"": 132}, ""rotation"": {""compressed_bytes"": 886719, ""uncompressed_bytes"": 1125076}, ""rotation_scale"": {""compressed_bytes"": 72, ""uncompressed_bytes"": 132}, ""rotation_zero_point"": {""compressed_bytes"": 73, ""uncompressed_bytes"": 132}}",21.1687233573512,0.7837484957356202,0.22623402860603833,"[24.73361587524414, 22.584522247314453, 25.628822326660156, 22.15083122253418, 23.63407325744629, 24.845355987548828, 22.534549713134766, 22.143253326416016, 23.36614418029785, 23.419137954711914, 22.355022430419922, 17.274784088134766, 17.985166549682617, 18.97442054748535, 18.751413345336914, 19.90160369873047, 18.298213958740234, 22.14757537841797, 19.70048713684082, 22.170438766479492, 18.79928207397461, 21.632139205932617, 22.78190803527832, 22.570329666137695, 18.216161727905273, 19.663375854492188, 22.29098129272461, 18.704614639282227, 18.556087493896484, 25.31754493713379, 23.330265045166016, 25.8779354095459, 24.06553840637207, 13.002153396606445, 18.98356056213379, 15.984647750854492, 21.191499710083008, 20.844030380249023]","[[980, 545]]",38,7.522675641000205,"{""-40"": 36.46741179416054, ""-20"": 34.567522751657584, ""-10"": 36.246897747642116, ""0"": 37.19805476540014, ""10"": 35.03868996469598, ""20"": 36.1042470430073, ""40"": 34.99249378003572}","{""-40"": 35.164805785644745, ""-20"": 32.55073599341438, ""-10"": 35.66551462875401, ""0"": 36.835108359925826, ""10"": 31.90133540456675, ""20"": 34.39223354137093, ""40"": 33.126448876822806}",2.700132461999601,834238976,3527516160,16,rel_tol,0.0008847912627372453,0,79.882500617,"{""rho"": ""cv"", ""start"": ""c3dgs"", ""reseed"": true, ""clip"": ""global"", ""update"": ""ridge"", ""eps"": 0.01, ""max_iters"": 20, ""rel_tol"": 0.001, ""final"": ""int8""}","{""bits"": 8, ""dtype"": ""qint8"", ""step"": 0.0068830568343400955, ""dc"": {""scale"": 0.054016318172216415, ""zero_point"": -81, ""grid_min"": -2.5387669540941715, ""grid_max"": 11.235394179821014, ""codebook_min"": -2.1066365242004395, ""codebook_max"": 6.914088726043701, ""n_outside_grid"": 0, ""n_values"": 12288}, ""rest"": {""scale"": 0.0068830568343400955, ""zero_point"": -4, ""grid_min"": -0.8534990474581718, ""grid_max"": 0.9016804452985525, ""codebook_min"": -1.1524714231491089, ""codebook_max"": 1.9119594097137451, ""n_outside_grid"": 233, ""n_values"": 184320}}","{""dc_scale"": 0.054016318172216415, ""dc_zero_point"": -81, ""rest_scale"": 0.0068830568343400955, ""rest_zero_point"": -4}",80.20848077600021,4268379648,5379194880,2970218496,3113918464,True,94704be32b2346efcaa6374f3993c5c0dc518d4b,11.917219400405884,2020.510008573532,9951422976,12771655680,4431011840,187b6095ffe3135c7769d73a9caefcd03a5273d8,2a234af55fbe8b90c8829c1436ce80088c4b622b,49ccae72e75eec9877354ed72074827531f7fd79,c0e34e8efa57,2026-10-02T12:51:52
train,p0_lad_init_tr,0,6e-07,0,lad_init_tr,fork,0,ok,,,cuda,0.01,0.01,0.001,1026508,115907,107525,803076,21.64994239807129,0.7989939451217651,0.2252756953239441,14314856,13.651710510253906,14.314856,12.692182933102165,111508,11.559698610861304,3983,"{""quantization"": {""compressed_bytes"": 67, ""uncompressed_bytes"": 129}, ""xyz"": {""compressed_bytes"": 4013367, ""uncompressed_bytes"": 5463734}, ""features_dc"": {""compressed_bytes"": 257761, ""uncompressed_bytes"": 334991}, ""features_dc_scale"": {""compressed_bytes"": 72, ""uncompressed_bytes"": 132}, ""features_dc_zero_point"": {""compressed_bytes"": 73, ""uncompressed_bytes"": 132}, ""features_rest"": {""compressed_bytes"": 3264854, ""uncompressed_bytes"": 5023073}, ""features_rest_scale"": {""compressed_bytes"": 72, ""uncompressed_bytes"": 132}, ""features_rest_zero_point"": {""compressed_bytes"": 73, ""uncompressed_bytes"": 132}, ""opacity"": {""compressed_bytes"": 789622, ""uncompressed_bytes"": 910729}, ""opacity_scale"": {""compressed_bytes"": 72, ""uncompressed_bytes"": 132}, ""opacity_zero_point"": {""compressed_bytes"": 73, ""uncompressed_bytes"": 132}, ""feature_indices"": {""compressed_bytes"": 1799158, ""uncompressed_bytes"": 3642532}, ""gaussian_indices"": {""compressed_bytes"": 1992187, ""uncompressed_bytes"": 3642532}, ""scaling"": {""compressed_bytes"": 600343, ""uncompressed_bytes"": 843839}, ""scaling_scale"": {""compressed_bytes"": 72, ""uncompressed_bytes"": 132}, ""scaling_zero_point"": {""compressed_bytes"": 73, ""uncompressed_bytes"": 132}, ""scaling_factor"": {""compressed_bytes"": 706943, ""uncompressed_bytes"": 910729}, ""scaling_factor_scale"": {""compressed_bytes"": 72, ""uncompressed_bytes"": 132}, ""scaling_factor_zero_point"": {""compressed_bytes"": 72, ""uncompressed_bytes"": 132}, ""rotation"": {""compressed_bytes"": 886719, ""uncompressed_bytes"": 1125076}, ""rotation_scale"": {""compressed_bytes"": 72, ""uncompressed_bytes"": 132}, ""rotation_zero_point"": {""compressed_bytes"": 73, ""uncompressed_bytes"": 132}}",21.150342790704023,0.7833109537237569,0.22638874108854093,"[24.71820640563965, 22.527359008789062, 25.660789489746094, 22.152912139892578, 23.621910095214844, 24.848012924194336, 22.550880432128906, 22.12257194519043, 23.38475799560547, 23.422119140625, 22.324705123901367, 17.28375816345215, 17.951902389526367, 18.881084442138672, 18.70718765258789, 19.910329818725586, 18.283004760742188, 22.158292770385742, 19.718568801879883, 22.119348526000977, 18.78669548034668, 21.569297790527344, 22.858360290527344, 22.59441566467285, 18.20503044128418, 19.64334487915039, 22.2792911529541, 18.671329498291016, 18.54346466064453, 25.223114013671875, 23.28278350830078, 25.778202056884766, 24.103931427001953, 12.998418807983398, 18.89452362060547, 15.967967987060547, 21.138452529907227, 20.82670021057129]","[[980, 545]]",38,7.608108179999363,"{""-40"": 36.511520737095886, ""-20"": 34.75556368576853, ""-10"": 36.081446195903574, ""0"": 37.084285033376595, ""10"": 35.043034854688145, ""20"": 35.98456824453253, ""40"": 34.87645334946482}","{""-40"": 35.43954949124588, ""-20"": 33.37258238070544, ""-10"": 35.44372365518826, ""0"": 36.73294248047529, ""10"": 32.12219569320891, ""20"": 33.754407254272394, ""40"": 33.72040640402682}",2.6839766940001937,834258432,3535527936,19,rel_tol,0.0008381126168762762,,93.109348383,"{""rho"": ""cv"", ""start"": ""ogc_init"", ""reseed"": false, ""clip"": ""global"", ""update"": ""ridge"", ""eps"": 0.01, ""max_iters"": 20, ""rel_tol"": 0.001, ""final"": ""int8""}","{""bits"": 8, ""dtype"": ""qint8"", ""step"": 0.0068830568343400955, ""dc"": {""scale"": 0.054016318172216415, ""zero_point"": -81, ""grid_min"": -2.5387669540941715, ""grid_max"": 11.235394179821014, ""codebook_min"": -2.0526201725006104, ""codebook_max"": 3.46181321144104, ""n_outside_grid"": 0, ""n_values"": 12288}, ""rest"": {""scale"": 0.0068830568343400955, ""zero_point"": -4, ""grid_min"": -0.8534990474581718, ""grid_max"": 0.9016804452985525, ""codebook_min"": -1.2958945035934448, ""codebook_max"": 1.3990542888641357, ""n_outside_grid"": 13, ""n_values"": 184320}}","{""dc_scale"": 0.054016318172216415, ""dc_zero_point"": -81, ""rest_scale"": 0.0068830568343400955, ""rest_zero_point"": -4}",96.93719916400005,4582725632,5381292032,2971303936,3131482112,True,94704be32b2346efcaa6374f3993c5c0dc518d4b,11.871451377868652,2020.510008573532,9951422976,12771655680,4431011840,187b6095ffe3135c7769d73a9caefcd03a5273d8,2a234af55fbe8b90c8829c1436ce80088c4b622b,49ccae72e75eec9877354ed72074827531f7fd79,c0e34e8efa57,2026-10-02T12:51:52
train,p0_lad_clip_part,0,6e-07,0,lad_clip_part,fork,0,ok,,,cuda,0.01,0.01,0.001,1026508,115907,107525,803076,21.629730224609375,0.7978615164756775,0.2267620712518692,14084330,13.431863784790039,14.08433,11.057931396673876,110115,9.706634787109707,2590,"{""quantization"": {""compressed_bytes"": 67, ""uncompressed_bytes"": 129}, ""xyz"": {""compressed_bytes"": 4013367, ""uncompressed_bytes"": 5463734}, ""features_dc"": {""compressed_bytes"": 255325, ""uncompressed_bytes"": 334991}, ""features_dc_scale"": {""compressed_bytes"": 72, ""uncompressed_bytes"": 132}, ""features_dc_zero_point"": {""compressed_bytes"": 73, ""uncompressed_bytes"": 132}, ""features_rest"": {""compressed_bytes"": 3219070, ""uncompressed_bytes"": 5023073}, ""features_rest_scale"": {""compressed_bytes"": 72, ""uncompressed_bytes"": 132}, ""features_rest_zero_point"": {""compressed_bytes"": 73, ""uncompressed_bytes"": 132}, ""opacity"": {""compressed_bytes"": 789622, ""uncompressed_bytes"": 910729}, ""opacity_scale"": {""compressed_bytes"": 72, ""uncompressed_bytes"": 132}, ""opacity_zero_point"": {""compressed_bytes"": 73, ""uncompressed_bytes"": 132}, ""feature_indices"": {""compressed_bytes"": 1616852, ""uncompressed_bytes"": 3642532}, ""gaussian_indices"": {""compressed_bytes"": 1992187, ""uncompressed_bytes"": 3642532}, ""scaling"": {""compressed_bytes"": 600343, ""uncompressed_bytes"": 843839}, ""scaling_scale"": {""compressed_bytes"": 72, ""uncompressed_bytes"": 132}, ""scaling_zero_point"": {""compressed_bytes"": 73, ""uncompressed_bytes"": 132}, ""scaling_factor"": {""compressed_bytes"": 706943, ""uncompressed_bytes"": 910729}, ""scaling_factor_scale"": {""compressed_bytes"": 72, ""uncompressed_bytes"": 132}, ""scaling_factor_zero_point"": {""compressed_bytes"": 72, ""uncompressed_bytes"": 132}, ""rotation"": {""compressed_bytes"": 886719, ""uncompressed_bytes"": 1125076}, ""rotation_scale"": {""compressed_bytes"": 72, ""uncompressed_bytes"": 132}, ""rotation_zero_point"": {""compressed_bytes"": 73, ""uncompressed_bytes"": 132}}",21.127122728448164,0.7820591408955423,0.22793664626385035,"[24.650941848754883, 22.490509033203125, 25.61799430847168, 22.109413146972656, 23.57120132446289, 24.83660125732422, 22.53937530517578, 22.09847068786621, 23.33648109436035, 23.404983520507812, 22.3166561126709, 17.278629302978516, 17.958152770996094, 18.86174201965332, 18.67876625061035, 19.900129318237305, 18.2724609375, 22.12955665588379, 19.7087345123291, 22.0825252532959, 18.78532600402832, 21.5592098236084, 22.79948616027832, 22.587535858154297, 18.148645401000977, 19.615785598754883, 22.246660232543945, 18.659774780273438, 18.55206871032715, 25.204694747924805, 23.255313873291016, 25.73140525817871, 24.109153747558594, 13.00163745880127, 18.861915588378906, 15.959349632263184, 21.09638786315918, 20.81298828125]","[[980, 545]]",38,7.735775746999934,"{""-40"": 36.0249665912829, ""-20"": 33.93100823854145, ""-10"": 35.389911350451015, ""0"": 36.4409929576673, ""10"": 34.24706981056615, ""20"": 35.50967331936485, ""40"": 34.24873512669613}","{""-40"": 35.0456440642735, ""-20"": 31.834079843043895, ""-10"": 34.79081139656964, ""0"": 36.09729213405864, ""10"": 30.64463980701379, ""20"": 33.50515805784289, ""40"": 32.408768875158906}",2.7026593479995427,834277888,3535532032,20,max_iters,0.001989759864751709,,97.63001745700012,"{""rho"": ""cv"", ""start"": ""c3dgs"", ""reseed"": false, ""clip"": ""part"", ""update"": ""ridge"", ""eps"": 0.01, ""max_iters"": 20, ""rel_tol"": 0.001, ""final"": ""int8""}","{""bits"": 8, ""dtype"": ""qint8"", ""step"": 0.0068830568343400955, ""dc"": {""scale"": 0.054016318172216415, ""zero_point"": -81, ""grid_min"": -2.5387669540941715, ""grid_max"": 11.235394179821014, ""codebook_min"": -1.7837210893630981, ""codebook_max"": 4.90042781829834, ""n_outside_grid"": 0, ""n_values"": 12288}, ""rest"": {""scale"": 0.0068830568343400955, ""zero_point"": -4, ""grid_min"": -0.8534990474581718, ""grid_max"": 0.9016804452985525, ""codebook_min"": -0.5591908693313599, ""codebook_max"": 0.5737599730491638, ""n_outside_grid"": 0, ""n_values"": 184320}}","{""dc_scale"": 0.054016318172216415, ""dc_zero_point"": -81, ""rest_scale"": 0.0068830568343400955, ""rest_zero_point"": -4}",97.95841804700012,4282803712,5381292032,2988867584,3131510784,True,94704be32b2346efcaa6374f3993c5c0dc518d4b,12.143940210342407,2020.510008573532,9951422976,12771655680,4431011840,187b6095ffe3135c7769d73a9caefcd03a5273d8,2a234af55fbe8b90c8829c1436ce80088c4b622b,49ccae72e75eec9877354ed72074827531f7fd79,c0e34e8efa57,2026-10-02T12:51:52
train,p0_lad_no_clip,0,6e-07,0,lad_no_clip,fork,0,ok,,,cuda,0.01,0.01,0.001,1026508,115907,107525,803076,21.633827209472656,0.7978348731994629,0.22685904800891876,14085606,13.433080673217773,14.085606,11.072407453400864,110110,9.72304906388009,2585,"{""quantization"": {""compressed_bytes"": 67, ""uncompressed_bytes"": 129}, ""xyz"": {""compressed_bytes"": 4013367, ""uncompressed_bytes"": 5463734}, ""features_dc"": {""compressed_bytes"": 255312, ""uncompressed_bytes"": 334991}, ""features_dc_scale"": {""compressed_bytes"": 72, ""uncompressed_bytes"": 132}, ""features_dc_zero_point"": {""compressed_bytes"": 73, ""uncompressed_bytes"": 132}, ""features_rest"": {""compressed_bytes"": 3218993, ""uncompressed_bytes"": 5023073}, ""features_rest_scale"": {""compressed_bytes"": 72, ""uncompressed_bytes"": 132}, ""features_rest_zero_point"": {""compressed_bytes"": 73, ""uncompressed_bytes"": 132}, ""opacity"": {""compressed_bytes"": 789622, ""uncompressed_bytes"": 910729}, ""opacity_scale"": {""compressed_bytes"": 72, ""uncompressed_bytes"": 132}, ""opacity_zero_point"": {""compressed_bytes"": 73, ""uncompressed_bytes"": 132}, ""feature_indices"": {""compressed_bytes"": 1618218, ""uncompressed_bytes"": 3642532}, ""gaussian_indices"": {""compressed_bytes"": 1992187, ""uncompressed_bytes"": 3642532}, ""scaling"": {""compressed_bytes"": 600343, ""uncompressed_bytes"": 843839}, ""scaling_scale"": {""compressed_bytes"": 72, ""uncompressed_bytes"": 132}, ""scaling_zero_point"": {""compressed_bytes"": 73, ""uncompressed_bytes"": 132}, ""scaling_factor"": {""compressed_bytes"": 706943, ""uncompressed_bytes"": 910729}, ""scaling_factor_scale"": {""compressed_bytes"": 72, ""uncompressed_bytes"": 132}, ""scaling_factor_zero_point"": {""compressed_bytes"": 72, ""uncompressed_bytes"": 132}, ""rotation"": {""compressed_bytes"": 886719, ""uncompressed_bytes"": 1125076}, ""rotation_scale"": {""compressed_bytes"": 72, ""uncompressed_bytes"": 132}, ""rotation_zero_point"": {""compressed_bytes"": 73, ""uncompressed_bytes"": 132}}",21.129669992547285,0.7821223335830789,0.2279678438054888,"[24.66371726989746, 22.488849639892578, 25.630023956298828, 22.111780166625977, 23.577693939208984, 24.829328536987305, 22.539161682128906, 22.103437423706055, 23.34800910949707, 23.40785789489746, 22.309297561645508, 17.28119468688965, 17.96600914001465, 18.844518661499023, 18.691129684448242, 19.899917602539062, 18.28593635559082, 22.13437843322754, 19.703128814697266, 22.08228302001953, 18.782642364501953, 21.549747467041016, 22.846782684326172, 22.588417053222656, 18.159427642822266, 19.620447158813477, 22.252132415771484, 18.66797637939453, 18.54206657409668, 25.193819046020508, 23.25791358947754, 25.748228073120117, 24.09691619873047, 12.991265296936035, 18.86888885498047, 15.959610939025879, 21.093782424926758, 20.809741973876953]","[[980, 545]]",38,7.802569370999663,"{""-40"": 36.03597515507748, ""-20"": 34.05589987102308, ""-10"": 35.48387100822047, ""0"": 36.48453250684236, ""10"": 34.2995360023097, ""20"": 35.58825477800871, ""40"": 34.29849192970678}","{""-40"": 35.03646945564729, ""-20"": 32.47631796983776, ""-10"": 34.92961416786656, ""0"": 36.13675469291484, ""10"": 30.544103817979828, ""20"": 33.49305230738935, ""40"": 32.49896690531281}",2.7268509089999498,834297344,3535532032,20,max_iters,0.0020377985547089692,,77.17295489799972,"{""rho"": ""cv"", ""start"": ""c3dgs"", ""reseed"": false, ""clip"": null, ""update"": ""ridge"", ""eps"": 0.01, ""max_iters"": 20, ""rel_tol"": 0.001, ""final"": ""int8""}","{""bits"": 8, ""dtype"": ""qint8"", ""step"": 0.0068830568343400955, ""dc"": {""scale"": 0.054016318172216415, ""zero_point"": -81, ""grid_min"": -2.5387669540941715, ""grid_max"": 11.235394179821014, ""codebook_min"": -1.5818629264831543, ""codebook_max"": 3.7864766120910645, ""n_outside_grid"": 0, ""n_values"": 12288}, ""rest"": {""scale"": 0.0068830568343400955, ""zero_point"": -4, ""grid_min"": -0.8534990474581718, ""grid_max"": 0.9016804452985525, ""codebook_min"": -0.9202108383178711, ""codebook_max"": 1.3476393222808838, ""n_outside_grid"": 10, ""n_values"": 184320}}","{""dc_scale"": 0.054016318172216415, ""dc_zero_point"": -81, ""rest_scale"": 0.0068830568343400955, ""rest_zero_point"": -4}",77.49793116899991,4290014208,5381292032,2988900352,3131514880,True,94704be32b2346efcaa6374f3993c5c0dc518d4b,12.461748123168945,2020.510008573532,9951422976,12771655680,4431011840,187b6095ffe3135c7769d73a9caefcd03a5273d8,2a234af55fbe8b90c8829c1436ce80088c4b622b,49ccae72e75eec9877354ed72074827531f7fd79,c0e34e8efa57,2026-10-02T12:51:52
train,p0_lad_ridge_mean,0,6e-07,0,lad_ridge_mean,fork,0,ok,,,cuda,0.0,0.01,0.001,1026508,115907,107525,803076,21.64151954650879,0.7981666922569275,0.2264833152294159,14128836,13.474308013916016,14.128836,11.292099602542304,110186,9.972156110660649,2661,"{""quantization"": {""compressed_bytes"": 67, ""uncompressed_bytes"": 129}, ""xyz"": {""compressed_bytes"": 4013367, ""uncompressed_bytes"": 5463734}, ""features_dc"": {""compressed_bytes"": 255771, ""uncompressed_bytes"": 334991}, ""features_dc_scale"": {""compressed_bytes"": 72, ""uncompressed_bytes"": 132}, ""features_dc_zero_point"": {""compressed_bytes"": 73, ""uncompressed_bytes"": 132}, ""features_rest"": {""compressed_bytes"": 3228488, ""uncompressed_bytes"": 5023073}, ""features_rest_scale"": {""compressed_bytes"": 72, ""uncompressed_bytes"": 132}, ""features_rest_zero_point"": {""compressed_bytes"": 73, ""uncompressed_bytes"": 132}, ""opacity"": {""compressed_bytes"": 789622, ""uncompressed_bytes"": 910729}, ""opacity_scale"": {""compressed_bytes"": 72, ""uncompressed_bytes"": 132}, ""opacity_zero_point"": {""compressed_bytes"": 73, ""uncompressed_bytes"": 132}, ""feature_indices"": {""compressed_bytes"": 1651494, ""uncompressed_bytes"": 3642532}, ""gaussian_indices"": {""compressed_bytes"": 1992187, ""uncompressed_bytes"": 3642532}, ""scaling"": {""compressed_bytes"": 600343, ""uncompressed_bytes"": 843839}, ""scaling_scale"": {""compressed_bytes"": 72, ""uncompressed_bytes"": 132}, ""scaling_zero_point"": {""compressed_bytes"": 73, ""uncompressed_bytes"": 132}, ""scaling_factor"": {""compressed_bytes"": 706943, ""uncompressed_bytes"": 910729}, ""scaling_factor_scale"": {""compressed_bytes"": 72, ""uncompressed_bytes"": 132}, ""scaling_factor_zero_point"": {""compressed_bytes"": 72, ""uncompressed_bytes"": 132}, ""rotation"": {""compressed_bytes"": 886719, ""uncompressed_bytes"": 1125076}, ""rotation_scale"": {""compressed_bytes"": 72, ""uncompressed_bytes"": 132}, ""rotation_zero_point"": {""compressed_bytes"": 73, ""uncompressed_bytes"": 132}}",21.139146955389727,0.7824820962391401,0.22756337688157433,"[24.678625106811523, 22.500165939331055, 25.664987564086914, 22.124752044677734, 23.5860595703125, 24.83855438232422, 22.553817749023438, 22.10907554626465, 23.345327377319336, 23.418779373168945, 22.325885772705078, 17.274980545043945, 17.963682174682617, 18.88425064086914, 18.72068977355957, 19.91165542602539, 18.285429000854492, 22.14466094970703, 19.708843231201172, 22.098073959350586, 18.78529930114746, 21.569427490234375, 22.837434768676758, 22.595478057861328, 18.194660186767578, 19.63490104675293, 22.25160026550293, 18.683855056762695, 18.535669326782227, 25.211315155029297, 23.26934814453125, 25.74428367614746, 24.08828353881836, 12.990119934082031, 18.88507652282715, 15.973447799682617, 21.101146697998047, 20.797941207885742]","[[980, 545]]",38,7.969193298000391,"{""-40"": 35.90133717185572, ""-20"": 34.01370254315828, ""-10"": 35.61497984434429, ""0"": 36.632889898199785, ""10"": 34.54264816484953, ""20"": 35.45820492192318, ""40"": 34.27588151630602}","{""-40"": 34.72493866058834, ""-20"": 32.045304938763024, ""-10"": 35.0392119601935, ""0"": 36.28586823593193, ""10"": 31.038528463372288, ""20"": 33.14158540988365, ""40"": 32.473251301229}",2.7080941650001478,834316800,3535532032,20,max_iters,0.003952536566435031,,97.90294626500008,"{""rho"": 0.0, ""start"": ""c3dgs"", ""reseed"": false, ""clip"": ""global"", ""update"": ""ridge_mean"", ""eps"": 0.001, ""max_iters"": 20, ""rel_tol"": 0.001, ""final"": ""int8""}","{""bits"": 8, ""dtype"": ""qint8"", ""step"": 0.0068830568343400955, ""dc"": {""scale"": 0.054016318172216415, ""zero_point"": -81, ""grid_min"": -2.5387669540941715, ""grid_max"": 11.235394179821014, ""codebook_min"": -1.8231556415557861, ""codebook_max"": 4.90042781829834, ""n_outside_grid"": 0, ""n_values"": 12288}, ""rest"": {""scale"": 0.0068830568343400955, ""zero_point"": -4, ""grid_min"": -0.8534990474581718, ""grid_max"": 0.9016804452985525, ""codebook_min"": -1.8231556415557861, ""codebook_max"": 1.5510960817337036, ""n_outside_grid"": 58, ""n_values"": 184320}}","{""dc_scale"": 0.054016318172216415, ""dc_zero_point"": -81, ""rest_scale"": 0.0068830568343400955, ""rest_zero_point"": -4}",98.25120348100018,4297225728,5383389184,2988904448,3131518976,True,94704be32b2346efcaa6374f3993c5c0dc518d4b,12.121596813201904,2020.510008573532,9951422976,12771655680,4431011840,187b6095ffe3135c7769d73a9caefcd03a5273d8,2a234af55fbe8b90c8829c1436ce80088c4b622b,49ccae72e75eec9877354ed72074827531f7fd79,c0e34e8efa57,2026-10-02T12:51:52
train,p0_lad_iters15,0,6e-07,0,lad_iters15,fork,0,ok,,,cuda,0.01,0.01,0.001,1026508,115907,107525,803076,21.632665634155273,0.7977891564369202,0.22680774331092834,14081086,13.428770065307617,14.081086,11.036264097104235,110094,9.682066421655609,2569,"{""quantization"": {""compressed_bytes"": 67, ""uncompressed_bytes"": 129}, ""xyz"": {""compressed_bytes"": 4013367, ""uncompressed_bytes"": 5463734}, ""features_dc"": {""compressed_bytes"": 255299, ""uncompressed_bytes"": 334991}, ""features_dc_scale"": {""compressed_bytes"": 72, ""uncompressed_bytes"": 132}, ""features_dc_zero_point"": {""compressed_bytes"": 73, ""uncompressed_bytes"": 132}, ""features_rest"": {""compressed_bytes"": 3218430, ""uncompressed_bytes"": 5023073}, ""features_rest_scale"": {""compressed_bytes"": 72, ""uncompressed_bytes"": 132}, ""features_rest_zero_point"": {""compressed_bytes"": 73, ""uncompressed_bytes"": 132}, ""opacity"": {""compressed_bytes"": 789622, ""uncompressed_bytes"": 910729}, ""opacity_scale"": {""compressed_bytes"": 72, ""uncompressed_bytes"": 132}, ""opacity_zero_point"": {""compressed_bytes"": 73, ""uncompressed_bytes"": 132}, ""feature_indices"": {""compressed_bytes"": 1614274, ""uncompressed_bytes"": 3642532}, ""gaussian_indices"": {""compressed_bytes"": 1992187, ""uncompressed_bytes"": 3642532}, ""scaling"": {""compressed_bytes"": 600343, ""uncompressed_bytes"": 843839}, ""scaling_scale"": {""compressed_bytes"": 72, ""uncompressed_bytes"": 132}, ""scaling_zero_point"": {""compressed_bytes"": 73, ""uncompressed_bytes"": 132}, ""scaling_factor"": {""compressed_bytes"": 706943, ""uncompressed_bytes"": 910729}, ""scaling_factor_scale"": {""compressed_bytes"": 72, ""uncompressed_bytes"": 132}, ""scaling_factor_zero_point"": {""compressed_bytes"": 72, ""uncompressed_bytes"": 132}, ""rotation"": {""compressed_bytes"": 886719, ""uncompressed_bytes"": 1125076}, ""rotation_scale"": {""compressed_bytes"": 72, ""uncompressed_bytes"": 132}, ""rotation_zero_point"": {""compressed_bytes"": 73, ""uncompressed_bytes"": 132}}",21.128739658154938,0.7821113671127119,0.22789872398501948,"[24.661088943481445, 22.490541458129883, 25.625953674316406, 22.111974716186523, 23.574275970458984, 24.823657989501953, 22.54505729675293, 22.09910011291504, 23.35299301147461, 23.423887252807617, 22.3027400970459, 17.275318145751953, 17.964374542236328, 18.84519386291504, 18.69281578063965, 19.90638542175293, 18.284053802490234, 22.134424209594727, 19.70629119873047, 22.084627151489258, 18.78337287902832, 21.558040618896484, 22.831178665161133, 22.590869903564453, 18.154741287231445, 19.61731719970703, 22.250402450561523, 18.666015625, 18.549072265625, 25.191282272338867, 23.2537784576416, 25.74892807006836, 24.08751106262207, 12.995037078857422, 18.865020751953125, 15.95357894897461, 21.09481430053711, 20.796390533447266]","[[980, 545]]",38,7.757874928999627,"{""-40"": 35.97511512354801, ""-20"": 33.987091064453125, ""-10"": 35.50867005398399, ""0"": 36.4726004349558, ""10"": 34.275131476552865, ""20"": 35.551239465412344, ""40"": 34.19841716164037}","{""-40"": 35.07798375774376, ""-20"": 32.43971325575167, ""-10"": 34.9955107712457, ""0"": 36.12722726548326, ""10"": 30.606933770480907, ""20"": 33.45456625533209, ""40"": 32.661648183047284}",2.738295928000298,834336256,3535532032,15,max_iters,0.003601159893847607,,74.69101585499993,"{""rho"": ""cv"", ""start"": ""c3dgs"", ""reseed"": false, ""clip"": ""global"", ""update"": ""ridge"", ""eps"": 0.01, ""max_iters"": 15, ""rel_tol"": 0.001, ""final"": ""int8""}","{""bits"": 8, ""dtype"": ""qint8"", ""step"": 0.0068830568343400955, ""dc"": {""scale"": 0.054016318172216415, ""zero_point"": -81, ""grid_min"": -2.5387669540941715, ""grid_max"": 11.235394179821014, ""codebook_min"": -1.7837210893630981, ""codebook_max"": 3.7546257972717285, ""n_outside_grid"": 0, ""n_values"": 12288}, ""rest"": {""scale"": 0.0068830568343400955, ""zero_point"": -4, ""grid_min"": -0.8534990474581718, ""grid_max"": 0.9016804452985525, ""codebook_min"": -0.9202160835266113, ""codebook_max"": 1.3478343486785889, ""n_outside_grid"": 9, ""n_values"": 184320}}","{""dc_scale"": 0.054016318172216415, ""dc_zero_point"": -81, ""rest_scale"": 0.0068830568343400955, ""rest_zero_point"": -4}",75.01785034300019,4304437248,5385486336,2988904448,3131518976,True,94704be32b2346efcaa6374f3993c5c0dc518d4b,11.877974033355713,2020.510008573532,9951422976,12771655680,4431011840,187b6095ffe3135c7769d73a9caefcd03a5273d8,2a234af55fbe8b90c8829c1436ce80088c4b622b,49ccae72e75eec9877354ed72074827531f7fd79,c0e34e8efa57,2026-10-02T12:51:52
train,p0_lad_iters50,0,6e-07,0,lad_iters50,fork,0,ok,,,cuda,0.01,0.01,0.001,1026508,115907,107525,803076,21.63585090637207,0.7979195713996887,0.22663292288780212,14088645,13.435978889465332,14.088645,11.089629856166583,110123,9.742577398907992,2598,"{""quantization"": {""compressed_bytes"": 67, ""uncompressed_bytes"": 129}, ""xyz"": {""compressed_bytes"": 4013367, ""uncompressed_bytes"": 5463734}, ""features_dc"": {""compressed_bytes"": 255347, ""uncompressed_bytes"": 334991}, ""features_dc_scale"": {""compressed_bytes"": 72, ""uncompressed_bytes"": 132}, ""features_dc_zero_point"": {""compressed_bytes"": 73, ""uncompressed_bytes"": 132}, ""features_rest"": {""compressed_bytes"": 3219449, ""uncompressed_bytes"": 5023073}, ""features_rest_scale"": {""compressed_bytes"": 72, ""uncompressed_bytes"": 132}, ""features_rest_zero_point"": {""compressed_bytes"": 73, ""uncompressed_bytes"": 132}, ""opacity"": {""compressed_bytes"": 789622, ""uncompressed_bytes"": 910729}, ""opacity_scale"": {""compressed_bytes"": 72, ""uncompressed_bytes"": 132}, ""opacity_zero_point"": {""compressed_bytes"": 73, ""uncompressed_bytes"": 132}, ""feature_indices"": {""compressed_bytes"": 1620766, ""uncompressed_bytes"": 3642532}, ""gaussian_indices"": {""compressed_bytes"": 1992187, ""uncompressed_bytes"": 3642532}, ""scaling"": {""compressed_bytes"": 600343, ""uncompressed_bytes"": 843839}, ""scaling_scale"": {""compressed_bytes"": 72, ""uncompressed_bytes"": 132}, ""scaling_zero_point"": {""compressed_bytes"": 73, ""uncompressed_bytes"": 132}, ""scaling_factor"": {""compressed_bytes"": 706943, ""uncompressed_bytes"": 910729}, ""scaling_factor_scale"": {""compressed_bytes"": 72, ""uncompressed_bytes"": 132}, ""scaling_factor_zero_point"": {""compressed_bytes"": 72, ""uncompressed_bytes"": 132}, ""rotation"": {""compressed_bytes"": 886719, ""uncompressed_bytes"": 1125076}, ""rotation_scale"": {""compressed_bytes"": 72, ""uncompressed_bytes"": 132}, ""rotation_zero_point"": {""compressed_bytes"": 73, ""uncompressed_bytes"": 132}}",21.12939909884804,0.7822038594045138,0.22775220557263023,"[24.66701316833496, 22.488941192626953, 25.633121490478516, 22.116117477416992, 23.576784133911133, 24.826766967773438, 22.542097091674805, 22.10273551940918, 23.345197677612305, 23.417179107666016, 22.306886672973633, 17.271360397338867, 17.96552848815918, 18.828458786010742, 18.69153594970703, 19.905153274536133, 18.282155990600586, 22.13751220703125, 19.701744079589844, 22.085203170776367, 18.785551071166992, 21.55361557006836, 22.83321762084961, 22.5888614654541, 18.156923294067383, 19.616100311279297, 22.255353927612305, 18.669065475463867, 18.55051040649414, 25.195148468017578, 23.25560760498047, 25.753652572631836, 24.08414649963379, 12.99402141571045, 18.867639541625977, 15.953169822692871, 21.09935760498047, 20.813730239868164]","[[980, 545]]",38,7.785284186999888,"{""-40"": 36.038580191762826, ""-20"": 34.10109158566124, ""-10"": 35.47367045753881, ""0"": 36.50792513395611, ""10"": 34.325338564421, ""20"": 35.502428908097116, ""40"": 34.247844445077995}","{""-40"": 34.88593974922958, ""-20"": 32.6401377056862, ""-10"": 34.86897425202737, ""0"": 36.16015210680338, ""10"": 30.61693297038605, ""20"": 33.36456510182293, ""40"": 32.11629106248774}",2.7376738830007525,834355712,3545145344,30,rel_tol,0.0009213601863794246,,143.5667508749998,"{""rho"": ""cv"", ""start"": ""c3dgs"", ""reseed"": false, ""clip"": ""global"", ""update"": ""ridge"", ""eps"": 0.01, ""max_iters"": 50, ""rel_tol"": 0.001, ""final"": ""int8""}","{""bits"": 8, ""dtype"": ""qint8"", ""step"": 0.0068830568343400955, ""dc"": {""scale"": 0.054016318172216415, ""zero_point"": -81, ""grid_min"": -2.5387669540941715, ""grid_max"": 11.235394179821014, ""codebook_min"": -1.7837210893630981, ""codebook_max"": 3.8206024169921875, ""n_outside_grid"": 0, ""n_values"": 12288}, ""rest"": {""scale"": 0.0068830568343400955, ""zero_point"": -4, ""grid_min"": -0.8534990474581718, ""grid_max"": 0.9016804452985525, ""codebook_min"": -0.919438898563385, ""codebook_max"": 1.2459038496017456, ""n_outside_grid"": 10, ""n_values"": 184320}}","{""dc_scale"": 0.054016318172216415, ""dc_zero_point"": -81, ""rest_scale"": 0.0068830568343400955, ""rest_zero_point"": -4}",143.900585073,4311648768,5385486336,2988904448,3131518976,True,94704be32b2346efcaa6374f3993c5c0dc518d4b,12.729969263076782,2020.510008573532,9951422976,12771655680,4431011840,187b6095ffe3135c7769d73a9caefcd03a5273d8,2a234af55fbe8b90c8829c1436ce80088c4b622b,49ccae72e75eec9877354ed72074827531f7fd79,c0e34e8efa57,2026-10-02T12:51:52
train,p0_lad_no_final_int8,0,6e-07,0,lad_no_final_int8,fork,0,ok,,,cuda,0.01,0.01,0.001,1026508,115907,107525,803076,21.634033203125,0.7978631854057312,0.2267279326915741,14083726,13.43128776550293,14.083726,11.056795761702611,110103,9.70534710033975,2578,"{""quantization"": {""compressed_bytes"": 67, ""uncompressed_bytes"": 129}, ""xyz"": {""compressed_bytes"": 4013367, ""uncompressed_bytes"": 5463734}, ""features_dc"": {""compressed_bytes"": 255296, ""uncompressed_bytes"": 334991}, ""features_dc_scale"": {""compressed_bytes"": 72, ""uncompressed_bytes"": 132}, ""features_dc_zero_point"": {""compressed_bytes"": 73, ""uncompressed_bytes"": 132}, ""features_rest"": {""compressed_bytes"": 3218763, ""uncompressed_bytes"": 5023073}, ""features_rest_scale"": {""compressed_bytes"": 72, ""uncompressed_bytes"": 132}, ""features_rest_zero_point"": {""compressed_bytes"": 73, ""uncompressed_bytes"": 132}, ""opacity"": {""compressed_bytes"": 789622, ""uncompressed_bytes"": 910729}, ""opacity_scale"": {""compressed_bytes"": 72, ""uncompressed_bytes"": 132}, ""opacity_zero_point"": {""compressed_bytes"": 73, ""uncompressed_bytes"": 132}, ""feature_indices"": {""compressed_bytes"": 1616584, ""uncompressed_bytes"": 3642532}, ""gaussian_indices"": {""compressed_bytes"": 1992187, ""uncompressed_bytes"": 3642532}, ""scaling"": {""compressed_bytes"": 600343, ""uncompressed_bytes"": 843839}, ""scaling_scale"": {""compressed_bytes"": 72, ""uncompressed_bytes"": 132}, ""scaling_zero_point"": {""compressed_bytes"": 73, ""uncompressed_bytes"": 132}, ""scaling_factor"": {""compressed_bytes"": 706943, ""uncompressed_bytes"": 910729}, ""scaling_factor_scale"": {""compressed_bytes"": 72, ""uncompressed_bytes"": 132}, ""scaling_factor_zero_point"": {""compressed_bytes"": 72, ""uncompressed_bytes"": 132}, ""rotation"": {""compressed_bytes"": 886719, ""uncompressed_bytes"": 1125076}, ""rotation_scale"": {""compressed_bytes"": 72, ""uncompressed_bytes"": 132}, ""rotation_zero_point"": {""compressed_bytes"": 73, ""uncompressed_bytes"": 132}}",21.129546140369616,0.7821541616791173,0.22788139589523015,"[24.66100311279297, 22.490123748779297, 25.630268096923828, 22.113304138183594, 23.568586349487305, 24.820919036865234, 22.542871475219727, 22.10222625732422, 23.34943962097168, 23.426847457885742, 22.30634117126465, 17.274673461914062, 17.965959548950195, 18.833267211914062, 18.705066680908203, 19.90377426147461, 18.283367156982422, 22.13504409790039, 19.707727432250977, 22.084522247314453, 18.783222198486328, 21.554628372192383, 22.834226608276367, 22.58470344543457, 18.15813636779785, 19.619983673095703, 22.253585815429688, 18.66840171813965, 18.54996681213379, 25.19791603088379, 23.252742767333984, 25.755083084106445, 24.086471557617188, 12.995515823364258, 18.867828369140625, 15.95097827911377, 21.09995460510254, 20.804075241088867]","[[980, 545]]",38,8.027479313000185,"{""-40"": 36.01561245165373, ""-20"": 34.04160027754934, ""-10"": 35.43809940940455, ""0"": 36.48268338253624, ""10"": 34.287715108771074, ""20"": 35.554586611296, ""40"": 34.36769194351999}","{""-40"": 34.9306470690622, ""-20"": 32.53932152352431, ""-10"": 34.83139008907657, ""0"": 36.13683848931916, ""10"": 30.533594184069834, ""20"": 33.50801895766071, ""40"": 32.43080643554327}",2.7681775480004944,834375168,3545145344,20,max_iters,0.00229781662940151,,95.89869916899988,"{""rho"": ""cv"", ""start"": ""c3dgs"", ""reseed"": false, ""clip"": ""global"", ""update"": ""ridge"", ""eps"": 0.01, ""max_iters"": 20, ""rel_tol"": 0.001, ""final"": ""none""}","{""bits"": 8, ""dtype"": ""qint8"", ""step"": 0.0068830568343400955, ""dc"": {""scale"": 0.054016318172216415, ""zero_point"": -81, ""grid_min"": -2.5387669540941715, ""grid_max"": 11.235394179821014, ""codebook_min"": -1.7837210893630981, ""codebook_max"": 3.7753891944885254, ""n_outside_grid"": 0, ""n_values"": 12288}, ""rest"": {""scale"": 0.0068830568343400955, ""zero_point"": -4, ""grid_min"": -0.8534990474581718, ""grid_max"": 0.9016804452985525, ""codebook_min"": -0.9193859100341797, ""codebook_max"": 1.3235257863998413, ""n_outside_grid"": 9, ""n_values"": 184320}}","{""dc_scale"": 0.054016318172216415, ""dc_zero_point"": -81, ""rest_scale"": 0.0068830568343400955, ""rest_zero_point"": -4}",96.22106037399999,4318860288,5387583488,2988904448,3131518976,True,94704be32b2346efcaa6374f3993c5c0dc518d4b,12.50664234161377,2020.510008573532,9951422976,12771655680,4431011840,187b6095ffe3135c7769d73a9caefcd03a5273d8,2a234af55fbe8b90c8829c1436ce80088c4b622b,49ccae72e75eec9877354ed72074827531f7fd79,c0e34e8efa57,2026-10-02T12:51:52
train,p0_lad_all,0,6e-07,0,lad_all,fork,0,ok,,,cuda,0.0,0.01,0.001,1026508,115907,107525,803076,21.6534481048584,0.7991792559623718,0.22496920824050903,14349681,13.684922218322754,14.349681,12.773555012872622,111621,11.651965715358335,4096,"{""quantization"": {""compressed_bytes"": 67, ""uncompressed_bytes"": 129}, ""xyz"": {""compressed_bytes"": 4013367, ""uncompressed_bytes"": 5463734}, ""features_dc"": {""compressed_bytes"": 258538, ""uncompressed_bytes"": 334991}, ""features_dc_scale"": {""compressed_bytes"": 72, ""uncompressed_bytes"": 132}, ""features_dc_zero_point"": {""compressed_bytes"": 73, ""uncompressed_bytes"": 132}, ""features_rest"": {""compressed_bytes"": 3277716, ""uncompressed_bytes"": 5023073}, ""features_rest_scale"": {""compressed_bytes"": 72, ""uncompressed_bytes"": 132}, ""features_rest_zero_point"": {""compressed_bytes"": 73, ""uncompressed_bytes"": 132}, ""opacity"": {""compressed_bytes"": 789622, ""uncompressed_bytes"": 910729}, ""opacity_scale"": {""compressed_bytes"": 72, ""uncompressed_bytes"": 132}, ""opacity_zero_point"": {""compressed_bytes"": 73, ""uncompressed_bytes"": 132}, ""feature_indices"": {""compressed_bytes"": 1820344, ""uncompressed_bytes"": 3642532}, ""gaussian_indices"": {""compressed_bytes"": 1992187, ""uncompressed_bytes"": 3642532}, ""scaling"": {""compressed_bytes"": 600343, ""uncompressed_bytes"": 843839}, ""scaling_scale"": {""compressed_bytes"": 72, ""uncompressed_bytes"": 132}, ""scaling_zero_point"": {""compressed_bytes"": 73, ""uncompressed_bytes"": 132}, ""scaling_factor"": {""compressed_bytes"": 706943, ""uncompressed_bytes"": 910729}, ""scaling_factor_scale"": {""compressed_bytes"": 72, ""uncompressed_bytes"": 132}, ""scaling_factor_zero_point"": {""compressed_bytes"": 72, ""uncompressed_bytes"": 132}, ""rotation"": {""compressed_bytes"": 886719, ""uncompressed_bytes"": 1125076}, ""rotation_scale"": {""compressed_bytes"": 72, ""uncompressed_bytes"": 132}, ""rotation_zero_point"": {""compressed_bytes"": 73, ""uncompressed_bytes"": 132}}",21.168859607294987,0.7839731903452622,0.22593516503509722,"[24.73594856262207, 22.58392906188965, 25.646493911743164, 22.135622024536133, 23.636993408203125, 24.858869552612305, 22.546640396118164, 22.147663116455078, 23.358627319335938, 23.439908981323242, 22.374692916870117, 17.26337242126465, 17.96342658996582, 18.887928009033203, 18.753849029541016, 19.895523071289062, 18.306894302368164, 22.15227508544922, 19.702096939086914, 22.17660140991211, 18.79309844970703, 21.652511596679688, 22.791963577270508, 22.575151443481445, 18.246484756469727, 19.67824935913086, 22.285850524902344, 18.698026657104492, 18.558935165405273, 25.349592208862305, 23.317350387573242, 25.827903747558594, 24.064420700073242, 13.001526832580566, 18.982370376586914, 15.981494903564453, 21.183475494384766, 20.860902786254883]","[[980, 545]]",38,8.079215447999559,"{""-40"": 36.29366272374203, ""-20"": 34.44040780318411, ""-10"": 36.21320664255243, ""0"": 37.28236228541324, ""10"": 35.376462635241054, ""20"": 35.97083433050858, ""40"": 34.44806309750206}","{""-40"": 34.653563133023376, ""-20"": 31.47766882621793, ""-10"": 35.496242417344405, ""0"": 36.92816866090409, ""10"": 32.59389270464981, ""20"": 33.62015073264595, ""40"": 32.466744750529124}",2.72896455099999,834394624,3545145344,15,max_iters,0.0023602297361307945,0,59.854545909999615,"{""rho"": 0.0, ""start"": ""ogc_init"", ""reseed"": true, ""clip"": null, ""update"": ""ridge_mean"", ""eps"": 0.001, ""max_iters"": 15, ""rel_tol"": ""-inf"", ""final"": ""float""}","{""bits"": 8, ""dtype"": ""qint8"", ""step"": 0.0068830568343400955, ""dc"": {""scale"": 0.054016318172216415, ""zero_point"": -81, ""grid_min"": -2.5387669540941715, ""grid_max"": 11.235394179821014, ""codebook_min"": -2.407053232192993, ""codebook_max"": 6.771260738372803, ""n_outside_grid"": 0, ""n_values"": 12288}, ""rest"": {""scale"": 0.0068830568343400955, ""zero_point"": -4, ""grid_min"": -0.8534990474581718, ""grid_max"": 0.9016804452985525, ""codebook_min"": -2.4971883296966553, ""codebook_max"": 3.6975295543670654, ""n_outside_grid"": 257, ""n_values"": 184320}}","{""dc_scale"": 0.054016318172216415, ""dc_zero_point"": -81, ""rest_scale"": 0.0068830568343400955, ""rest_zero_point"": -4}",63.790881654999794,4333283328,5387583488,2988916736,3131531264,True,94704be32b2346efcaa6374f3993c5c0dc518d4b,11.775639295578003,2020.510008573532,9951422976,12771655680,4431011840,187b6095ffe3135c7769d73a9caefcd03a5273d8,2a234af55fbe8b90c8829c1436ce80088c4b622b,49ccae72e75eec9877354ed72074827531f7fd79,c0e34e8efa57,2026-10-02T12:51:52
train,p0_ogc,0,6e-07,0,ogc,fork,0,ok,,,cuda,,0.01,0.001,1026508,115907,107525,803076,21.654733657836914,0.799189031124115,0.22493357956409454,14350149,13.685368537902832,14.350149,12.774478681537184,111621,11.653013055348099,4096,"{""quantization"": {""compressed_bytes"": 67, ""uncompressed_bytes"": 129}, ""xyz"": {""compressed_bytes"": 4013367, ""uncompressed_bytes"": 5463734}, ""features_dc"": {""compressed_bytes"": 258521, ""uncompressed_bytes"": 334991}, ""features_dc_scale"": {""compressed_bytes"": 72, ""uncompressed_bytes"": 132}, ""features_dc_zero_point"": {""compressed_bytes"": 73, ""uncompressed_bytes"": 132}, ""features_rest"": {""compressed_bytes"": 3277825, ""uncompressed_bytes"": 5023073}, ""features_rest_scale"": {""compressed_bytes"": 72, ""uncompressed_bytes"": 132}, ""features_rest_zero_point"": {""compressed_bytes"": 73, ""uncompressed_bytes"": 132}, ""opacity"": {""compressed_bytes"": 789622, ""uncompressed_bytes"": 910729}, ""opacity_scale"": {""compressed_bytes"": 72, ""uncompressed_bytes"": 132}, ""opacity_zero_point"": {""compressed_bytes"": 73, ""uncompressed_bytes"": 132}, ""feature_indices"": {""compressed_bytes"": 1820720, ""uncompressed_bytes"": 3642532}, ""gaussian_indices"": {""compressed_bytes"": 1992187, ""uncompressed_bytes"": 3642532}, ""scaling"": {""compressed_bytes"": 600343, ""uncompressed_bytes"": 843839}, ""scaling_scale"": {""compressed_bytes"": 72, ""uncompressed_bytes"": 132}, ""scaling_zero_point"": {""compressed_bytes"": 73, ""uncompressed_bytes"": 132}, ""scaling_factor"": {""compressed_bytes"": 706943, ""uncompressed_bytes"": 910729}, ""scaling_factor_scale"": {""compressed_bytes"": 72, ""uncompressed_bytes"": 132}, ""scaling_factor_zero_point"": {""compressed_bytes"": 72, ""uncompressed_bytes"": 132}, ""rotation"": {""compressed_bytes"": 886719, ""uncompressed_bytes"": 1125076}, ""rotation_scale"": {""compressed_bytes"": 72, ""uncompressed_bytes"": 132}, ""rotation_zero_point"": {""compressed_bytes"": 73, ""uncompressed_bytes"": 132}}",21.17015642868845,0.7839819969315278,0.22591241919680646,"[24.73431968688965, 22.58429527282715, 25.6489315032959, 22.132722854614258, 23.636322021484375, 24.859609603881836, 22.54722023010254, 22.148601531982422, 23.362144470214844, 23.439119338989258, 22.377099990844727, 17.265369415283203, 17.964937210083008, 18.895288467407227, 18.75374412536621, 19.895666122436523, 18.307283401489258, 22.15312957763672, 19.705108642578125, 22.175188064575195, 18.794540405273438, 21.644359588623047, 22.79344940185547, 22.57779312133789, 18.242517471313477, 19.67877197265625, 22.286640167236328, 18.70046615600586, 18.56015968322754, 25.359888076782227, 23.317520141601562, 25.83811378479004, 24.061059951782227, 13.002639770507812, 18.984664916992188, 15.982213973999023, 21.184011459350586, 20.87103271484375]","[[980, 545]]",38,7.9448894970000765,"{""-40"": 36.28283224607769, ""-20"": 34.654073464243034, ""-10"": 36.1561672813014, ""0"": 37.28613391675447, ""10"": 35.39230306524979, ""20"": 35.71531536704615, ""40"": 34.46985922361675}","{""-40"": 34.60174013006956, ""-20"": 32.870297874705365, ""-10"": 35.360225937606856, ""0"": 36.932152892826366, ""10"": 32.69277558720386, ""20"": 33.18887023017854, ""40"": 32.67539151269683}",2.7089652679997016,834414080,3545145344,,,,,,,"{""bits"": 8, ""dtype"": ""qint8"", ""step"": 0.0068830568343400955, ""dc"": {""scale"": 0.054016318172216415, ""zero_point"": -81, ""grid_min"": -2.5387669540941715, ""grid_max"": 11.235394179821014, ""codebook_min"": -2.406047821044922, ""codebook_max"": 6.769942760467529, ""n_outside_grid"": 0, ""n_values"": 12288}, ""rest"": {""scale"": 0.0068830568343400955, ""zero_point"": -4, ""grid_min"": -0.8534990474581718, ""grid_max"": 0.9016804452985525, ""codebook_min"": -2.581881523132324, ""codebook_max"": 3.6975207328796387, ""n_outside_grid"": 250, ""n_values"": 184320}}","{""dc_scale"": 0.054016318172216415, ""dc_zero_point"": -81, ""rest_scale"": 0.0068830568343400955, ""rest_zero_point"": -4}",25.11030418900009,4936911360,6209667072,2988916736,4430995456,True,94704be32b2346efcaa6374f3993c5c0dc518d4b,11.667020320892334,2020.510008573532,9951422976,12771655680,4431011840,187b6095ffe3135c7769d73a9caefcd03a5273d8,2a234af55fbe8b90c8829c1436ce80088c4b622b,49ccae72e75eec9877354ed72074827531f7fd79,c0e34e8efa57,2026-10-02T12:51:52
train,p0_ogc_lamcv,0,6e-07,0,ogc_lamcv,fork,0,alias,lam_cv = 1e-3: ogc_lamcv is ogc and is not run again (Amendment 16 b),ogc,cuda,,0.01,0.001,1026508,115907,107525,803076,21.654733657836914,0.799189031124115,0.22493357956409454,14350149,13.685368537902832,14.350149,12.774478681537184,111621,11.653013055348099,4096,"{""quantization"": {""compressed_bytes"": 67, ""uncompressed_bytes"": 129}, ""xyz"": {""compressed_bytes"": 4013367, ""uncompressed_bytes"": 5463734}, ""features_dc"": {""compressed_bytes"": 258521, ""uncompressed_bytes"": 334991}, ""features_dc_scale"": {""compressed_bytes"": 72, ""uncompressed_bytes"": 132}, ""features_dc_zero_point"": {""compressed_bytes"": 73, ""uncompressed_bytes"": 132}, ""features_rest"": {""compressed_bytes"": 3277825, ""uncompressed_bytes"": 5023073}, ""features_rest_scale"": {""compressed_bytes"": 72, ""uncompressed_bytes"": 132}, ""features_rest_zero_point"": {""compressed_bytes"": 73, ""uncompressed_bytes"": 132}, ""opacity"": {""compressed_bytes"": 789622, ""uncompressed_bytes"": 910729}, ""opacity_scale"": {""compressed_bytes"": 72, ""uncompressed_bytes"": 132}, ""opacity_zero_point"": {""compressed_bytes"": 73, ""uncompressed_bytes"": 132}, ""feature_indices"": {""compressed_bytes"": 1820720, ""uncompressed_bytes"": 3642532}, ""gaussian_indices"": {""compressed_bytes"": 1992187, ""uncompressed_bytes"": 3642532}, ""scaling"": {""compressed_bytes"": 600343, ""uncompressed_bytes"": 843839}, ""scaling_scale"": {""compressed_bytes"": 72, ""uncompressed_bytes"": 132}, ""scaling_zero_point"": {""compressed_bytes"": 73, ""uncompressed_bytes"": 132}, ""scaling_factor"": {""compressed_bytes"": 706943, ""uncompressed_bytes"": 910729}, ""scaling_factor_scale"": {""compressed_bytes"": 72, ""uncompressed_bytes"": 132}, ""scaling_factor_zero_point"": {""compressed_bytes"": 72, ""uncompressed_bytes"": 132}, ""rotation"": {""compressed_bytes"": 886719, ""uncompressed_bytes"": 1125076}, ""rotation_scale"": {""compressed_bytes"": 72, ""uncompressed_bytes"": 132}, ""rotation_zero_point"": {""compressed_bytes"": 73, ""uncompressed_bytes"": 132}}",21.17015642868845,0.7839819969315278,0.22591241919680646,"[24.73431968688965, 22.58429527282715, 25.6489315032959, 22.132722854614258, 23.636322021484375, 24.859609603881836, 22.54722023010254, 22.148601531982422, 23.362144470214844, 23.439119338989258, 22.377099990844727, 17.265369415283203, 17.964937210083008, 18.895288467407227, 18.75374412536621, 19.895666122436523, 18.307283401489258, 22.15312957763672, 19.705108642578125, 22.175188064575195, 18.794540405273438, 21.644359588623047, 22.79344940185547, 22.57779312133789, 18.242517471313477, 19.67877197265625, 22.286640167236328, 18.70046615600586, 18.56015968322754, 25.359888076782227, 23.317520141601562, 25.83811378479004, 24.061059951782227, 13.002639770507812, 18.984664916992188, 15.982213973999023, 21.184011459350586, 20.87103271484375]","[[980, 545]]",38,7.9448894970000765,"{""-40"": 36.28283224607769, ""-20"": 34.654073464243034, ""-10"": 36.1561672813014, ""0"": 37.28613391675447, ""10"": 35.39230306524979, ""20"": 35.71531536704615, ""40"": 34.46985922361675}","{""-40"": 34.60174013006956, ""-20"": 32.870297874705365, ""-10"": 35.360225937606856, ""0"": 36.932152892826366, ""10"": 32.69277558720386, ""20"": 33.18887023017854, ""40"": 32.67539151269683}",2.7089652679997016,834414080,3545145344,,,,,,,"{""bits"": 8, ""dtype"": ""qint8"", ""step"": 0.0068830568343400955, ""dc"": {""scale"": 0.054016318172216415, ""zero_point"": -81, ""grid_min"": -2.5387669540941715, ""grid_max"": 11.235394179821014, ""codebook_min"": -2.406047821044922, ""codebook_max"": 6.769942760467529, ""n_outside_grid"": 0, ""n_values"": 12288}, ""rest"": {""scale"": 0.0068830568343400955, ""zero_point"": -4, ""grid_min"": -0.8534990474581718, ""grid_max"": 0.9016804452985525, ""codebook_min"": -2.581881523132324, ""codebook_max"": 3.6975207328796387, ""n_outside_grid"": 250, ""n_values"": 184320}}","{""dc_scale"": 0.054016318172216415, ""dc_zero_point"": -81, ""rest_scale"": 0.0068830568343400955, ""rest_zero_point"": -4}",25.11030418900009,4936911360,6209667072,2988916736,4430995456,True,94704be32b2346efcaa6374f3993c5c0dc518d4b,11.667020320892334,2020.510008573532,9951422976,12771655680,4431011840,187b6095ffe3135c7769d73a9caefcd03a5273d8,2a234af55fbe8b90c8829c1436ce80088c4b622b,49ccae72e75eec9877354ed72074827531f7fd79,c0e34e8efa57,2026-10-02T12:51:52
train,probe,0,6e-07,0,c3dgs,probe,,ok,"context only: evaluated from its decoded .npz, as E4p",,cuda,,,,1026508,115907,107525,803076,21.515077590942383,0.7904083132743835,0.23494203388690948,13877101,,,10.445342222540893,110022,,2497,"{""quantization"": {""compressed_bytes"": 67, ""uncompressed_bytes"": 129}, ""xyz"": {""compressed_bytes"": 4013367, ""uncompressed_bytes"": 5463734}, ""features_dc"": {""compressed_bytes"": 255328, ""uncompressed_bytes"": 334991}, ""features_dc_scale"": {""compressed_bytes"": 72, ""uncompressed_bytes"": 132}, ""features_dc_zero_point"": {""compressed_bytes"": 73, ""uncompressed_bytes"": 132}, ""features_rest"": {""compressed_bytes"": 3203783, ""uncompressed_bytes"": 5023073}, ""features_rest_scale"": {""compressed_bytes"": 72, ""uncompressed_bytes"": 132}, ""features_rest_zero_point"": {""compressed_bytes"": 73, ""uncompressed_bytes"": 132}, ""opacity"": {""compressed_bytes"": 789622, ""uncompressed_bytes"": 910729}, ""opacity_scale"": {""compressed_bytes"": 72, ""uncompressed_bytes"": 132}, ""opacity_zero_point"": {""compressed_bytes"": 73, ""uncompressed_bytes"": 132}, ""feature_indices"": {""compressed_bytes"": 1425009, ""uncompressed_bytes"": 3642532}, ""gaussian_indices"": {""compressed_bytes"": 1992050, ""uncompressed_bytes"": 3642532}, ""scaling"": {""compressed_bytes"": 600374, ""uncompressed_bytes"": 843839}, ""scaling_scale"": {""compressed_bytes"": 72, ""uncompressed_bytes"": 132}, ""scaling_zero_point"": {""compressed_bytes"": 73, ""uncompressed_bytes"": 132}, ""scaling_factor"": {""compressed_bytes"": 706943, ""uncompressed_bytes"": 910729}, ""scaling_factor_scale"": {""compressed_bytes"": 72, ""uncompressed_bytes"": 132}, ""scaling_factor_zero_point"": {""compressed_bytes"": 72, ""uncompressed_bytes"": 132}, ""rotation"": {""compressed_bytes"": 886723, ""uncompressed_bytes"": 1125076}, ""rotation_scale"": {""compressed_bytes"": 72, ""uncompressed_bytes"": 132}, ""rotation_zero_point"": {""compressed_bytes"": 73, ""uncompressed_bytes"": 132}}",21.003998957182233,0.774641132668445,0.2359522094852046,"[24.463674545288086, 22.261484146118164, 25.440156936645508, 21.950881958007812, 23.353052139282227, 24.6829833984375, 22.46103286743164, 21.986331939697266, 23.146656036376953, 23.25986099243164, 22.298372268676758, 17.1597843170166, 17.95067024230957, 18.950664520263672, 18.58829116821289, 19.777311325073242, 18.190702438354492, 21.97727394104004, 19.64702796936035, 21.943565368652344, 18.691877365112305, 21.394201278686523, 22.559799194335938, 22.55118179321289, 17.86737823486328, 19.4893741607666, 22.002534866333008, 18.568405151367188, 18.47503089904785, 25.02743148803711, 23.20184326171875, 25.44759178161621, 23.984394073486328, 13.024005889892578, 18.786455154418945, 15.908533096313477, 20.98829460144043, 20.693849563598633]",,38,,,,,,,,,,,,,,,,,,,,,dbbb1cc510096bdd64382cb06bef3ccc1661635b,,,,,,187b6095ffe3135c7769d73a9caefcd03a5273d8,2a234af55fbe8b90c8829c1436ce80088c4b622b,49ccae72e75eec9877354ed72074827531f7fd79,c0e34e8efa57,2026-10-02T12:53:38
train,p1_c3dgs,0,6e-07,1,c3dgs,fork,0,ok,,,cuda,,0.01,0.001,1026508,115907,107525,803076,21.499792098999023,0.7903814911842346,0.23488660156726837,13854790,13.212957382202148,13.85479,10.33518831247526,109734,8.887122592480129,2209,"{""quantization"": {""compressed_bytes"": 67, ""uncompressed_bytes"": 129}, ""xyz"": {""compressed_bytes"": 4013367, ""uncompressed_bytes"": 5463734}, ""features_dc"": {""compressed_bytes"": 254901, ""uncompressed_bytes"": 334991}, ""features_dc_scale"": {""compressed_bytes"": 72, ""uncompressed_bytes"": 132}, ""features_dc_zero_point"": {""compressed_bytes"": 73, ""uncompressed_bytes"": 132}, ""features_rest"": {""compressed_bytes"": 3195599, ""uncompressed_bytes"": 5023073}, ""features_rest_scale"": {""compressed_bytes"": 72, ""uncompressed_bytes"": 132}, ""features_rest_zero_point"": {""compressed_bytes"": 73, ""uncompressed_bytes"": 132}, ""opacity"": {""compressed_bytes"": 789622, ""uncompressed_bytes"": 910729}, ""opacity_scale"": {""compressed_bytes"": 72, ""uncompressed_bytes"": 132}, ""opacity_zero_point"": {""compressed_bytes"": 73, ""uncompressed_bytes"": 132}, ""feature_indices"": {""compressed_bytes"": 1413735, ""uncompressed_bytes"": 3642532}, ""gaussian_indices"": {""compressed_bytes"": 1989654, ""uncompressed_bytes"": 3642532}, ""scaling"": {""compressed_bytes"": 600351, ""uncompressed_bytes"": 843839}, ""scaling_scale"": {""compressed_bytes"": 72, ""uncompressed_bytes"": 132}, ""scaling_zero_point"": {""compressed_bytes"": 73, ""uncompressed_bytes"": 132}, ""scaling_factor"": {""compressed_bytes"": 706943, ""uncompressed_bytes"": 910729}, ""scaling_factor_scale"": {""compressed_bytes"": 72, ""uncompressed_bytes"": 132}, ""scaling_factor_zero_point"": {""compressed_bytes"": 72, ""uncompressed_bytes"": 132}, ""rotation"": {""compressed_bytes"": 886716, ""uncompressed_bytes"": 1125076}, ""rotation_scale"": {""compressed_bytes"": 72, ""uncompressed_bytes"": 132}, ""rotation_zero_point"": {""compressed_bytes"": 73, ""uncompressed_bytes"": 132}}",20.994814747258236,0.774256463113584,0.2362529066832442,"[24.457015991210938, 22.245452880859375, 25.435863494873047, 21.94939422607422, 23.33812713623047, 24.639955520629883, 22.46075439453125, 21.95656394958496, 23.138505935668945, 23.24068832397461, 22.310943603515625, 17.160924911499023, 17.948192596435547, 18.93776512145996, 18.5695858001709, 19.772159576416016, 18.190488815307617, 21.972129821777344, 19.635879516601562, 21.924701690673828, 18.69856071472168, 21.399438858032227, 22.589420318603516, 22.539487838745117, 17.823959350585938, 19.473541259765625, 21.992687225341797, 18.550914764404297, 18.46916961669922, 25.036298751831055, 23.17462921142578, 25.445985794067383, 23.97873878479004, 13.021553039550781, 18.783428192138672, 15.904217720031738, 20.988971710205078, 20.64686393737793]","[[980, 545]]",38,7.396940666999399,"{""-40"": 34.680139792592904, ""-20"": 32.93625229283383, ""-10"": 33.36644774989078, ""0"": 33.74723394293534, ""10"": 32.69257926940918, ""20"": 34.48337324042069, ""40"": 33.94175549557335}","{""-40"": 34.04843288223156, ""-20"": 32.4677556620353, ""-10"": 33.09887916439067, ""0"": 33.4338494849021, ""10"": 31.113999871551627, ""20"": 32.94080677424776, ""40"": 33.232712755019755}",2.6510302099995897,835437568,3546091520,,,,,,,"{""bits"": 8, ""dtype"": ""qint8"", ""step"": 0.0068830568343400955, ""dc"": {""scale"": 0.054016318172216415, ""zero_point"": -81, ""grid_min"": -2.5387669540941715, ""grid_max"": 11.235394179821014, ""codebook_min"": -1.8254646062850952, ""codebook_max"": 4.469325542449951, ""n_outside_grid"": 0, ""n_values"": 12288}, ""rest"": {""scale"": 0.0068830568343400955, ""zero_point"": -4, ""grid_min"": -0.8534990474581718, ""grid_max"": 0.9016804452985525, ""codebook_min"": -0.5457977652549744, ""codebook_max"": 0.5715845227241516, ""n_outside_grid"": 0, ""n_values"": 184320}}","{""dc_scale"": 0.054016318172216415, ""dc_zero_point"": -81, ""rest_scale"": 0.0068830568343400955, ""rest_zero_point"": -4}",130.4457186290001,2950757888,3300917248,1944551424,1946869760,True,8a32514f9d7cce169b0d5b42b632881a10c21538,12.525034666061401,1995.531575202942,4969824256,6150946816,4456083456,187b6095ffe3135c7769d73a9caefcd03a5273d8,2a234af55fbe8b90c8829c1436ce80088c4b622b,49ccae72e75eec9877354ed72074827531f7fd79,c0e34e8efa57,2026-10-02T13:31:39
train,p1_gnvq_cv,0,6e-07,1,gnvq_cv,fork,0,ok,,,cuda,0.01,0.01,0.001,1026508,115907,107525,803076,21.628381729125977,0.797709047794342,0.22684013843536377,14063083,13.411601066589355,14.063083,10.965936576415416,109840,9.602322648131365,2315,"{""quantization"": {""compressed_bytes"": 67, ""uncompressed_bytes"": 129}, ""xyz"": {""compressed_bytes"": 4013367, ""uncompressed_bytes"": 5463734}, ""features_dc"": {""compressed_bytes"": 254908, ""uncompressed_bytes"": 334991}, ""features_dc_scale"": {""compressed_bytes"": 72, ""uncompressed_bytes"": 132}, ""features_dc_zero_point"": {""compressed_bytes"": 73, ""uncompressed_bytes"": 132}, ""features_rest"": {""compressed_bytes"": 3210239, ""uncompressed_bytes"": 5023073}, ""features_rest_scale"": {""compressed_bytes"": 72, ""uncompressed_bytes"": 132}, ""features_rest_zero_point"": {""compressed_bytes"": 73, ""uncompressed_bytes"": 132}, ""opacity"": {""compressed_bytes"": 789622, ""uncompressed_bytes"": 910729}, ""opacity_scale"": {""compressed_bytes"": 72, ""uncompressed_bytes"": 132}, ""opacity_zero_point"": {""compressed_bytes"": 73, ""uncompressed_bytes"": 132}, ""feature_indices"": {""compressed_bytes"": 1607381, ""uncompressed_bytes"": 3642532}, ""gaussian_indices"": {""compressed_bytes"": 1989654, ""uncompressed_bytes"": 3642532}, ""scaling"": {""compressed_bytes"": 600351, ""uncompressed_bytes"": 843839}, ""scaling_scale"": {""compressed_bytes"": 72, ""uncompressed_bytes"": 132}, ""scaling_zero_point"": {""compressed_bytes"": 73, ""uncompressed_bytes"": 132}, ""scaling_factor"": {""compressed_bytes"": 706943, ""uncompressed_bytes"": 910729}, ""scaling_factor_scale"": {""compressed_bytes"": 72, ""uncompressed_bytes"": 132}, ""scaling_factor_zero_point"": {""compressed_bytes"": 72, ""uncompressed_bytes"": 132}, ""rotation"": {""compressed_bytes"": 886716, ""uncompressed_bytes"": 1125076}, ""rotation_scale"": {""compressed_bytes"": 72, ""uncompressed_bytes"": 132}, ""rotation_zero_point"": {""compressed_bytes"": 73, ""uncompressed_bytes"": 132}}",21.13304534711336,0.782034907686083,0.22786459993374975,"[24.666162490844727, 22.491504669189453, 25.626039505004883, 22.12041473388672, 23.570772171020508, 24.796064376831055, 22.543262481689453, 22.09161949157715, 23.370223999023438, 23.414264678955078, 22.33132553100586, 17.271631240844727, 17.965991973876953, 18.946199417114258, 18.7156925201416, 19.90277671813965, 18.28655242919922, 22.128435134887695, 19.695438385009766, 22.086650848388672, 18.78205680847168, 21.561546325683594, 22.815763473510742, 22.602014541625977, 18.144269943237305, 19.614381790161133, 22.258150100708008, 18.666505813598633, 18.5533447265625, 25.215654373168945, 23.260332107543945, 25.73292350769043, 24.087562561035156, 13.002704620361328, 18.881837844848633, 15.954832077026367, 21.092369079589844, 20.80845069885254]","[[980, 545]]",38,7.221465466000154,"{""-40"": 35.96076317837364, ""-20"": 34.05896021190443, ""-10"": 35.48997542732641, ""0"": 36.400236531307826, ""10"": 34.60184840152138, ""20"": 35.33351376182154, ""40"": 34.47406818992213}","{""-40"": 34.7976981856178, ""-20"": 32.26171578383087, ""-10"": 34.9592147690654, ""0"": 36.06527331450066, ""10"": 31.94742776751807, ""20"": 32.76961751825636, ""40"": 32.84647648865371}",2.6609966089999944,834272768,3553828864,20,max_iters,0.0025325685998150954,,97.9537475420002,"{""rho"": ""cv"", ""start"": ""c3dgs"", ""reseed"": false, ""clip"": ""global"", ""update"": ""ridge"", ""eps"": 0.01, ""max_iters"": 20, ""rel_tol"": 0.001, ""final"": ""int8""}","{""bits"": 8, ""dtype"": ""qint8"", ""step"": 0.0068830568343400955, ""dc"": {""scale"": 0.054016318172216415, ""zero_point"": -81, ""grid_min"": -2.5387669540941715, ""grid_max"": 11.235394179821014, ""codebook_min"": -1.7808864116668701, ""codebook_max"": 3.830949544906616, ""n_outside_grid"": 0, ""n_values"": 12288}, ""rest"": {""scale"": 0.0068830568343400955, ""zero_point"": -4, ""grid_min"": -0.8534990474581718, ""grid_max"": 0.9016804452985525, ""codebook_min"": -0.704178512096405, ""codebook_max"": 1.407953143119812, ""n_outside_grid"": 5, ""n_values"": 184320}}","{""dc_scale"": 0.054016318172216415, ""dc_zero_point"": -81, ""rest_scale"": 0.0068830568343400955, ""rest_zero_point"": -4}",98.31392166499973,4260551680,4781506560,2944249856,3138326528,True,8a32514f9d7cce169b0d5b42b632881a10c21538,11.691874265670776,1995.531575202942,4969824256,6150946816,4456083456,187b6095ffe3135c7769d73a9caefcd03a5273d8,2a234af55fbe8b90c8829c1436ce80088c4b622b,49ccae72e75eec9877354ed72074827531f7fd79,c0e34e8efa57,2026-10-02T13:31:39
train,p1_lad_reseed,0,6e-07,1,lad_reseed,fork,0,ok,,,cuda,0.01,0.01,0.001,1026508,115907,107525,803076,21.648311614990234,0.7991332411766052,0.22516660392284393,14311031,13.648062705993652,14.311031,12.482856966406002,111621,11.322345689594211,4096,"{""quantization"": {""compressed_bytes"": 67, ""uncompressed_bytes"": 129}, ""xyz"": {""compressed_bytes"": 4013367, ""uncompressed_bytes"": 5463734}, ""features_dc"": {""compressed_bytes"": 258048, ""uncompressed_bytes"": 334991}, ""features_dc_scale"": {""compressed_bytes"": 72, ""uncompressed_bytes"": 132}, ""features_dc_zero_point"": {""compressed_bytes"": 73, ""uncompressed_bytes"": 132}, ""features_rest"": {""compressed_bytes"": 3274133, ""uncompressed_bytes"": 5023073}, ""features_rest_scale"": {""compressed_bytes"": 72, ""uncompressed_bytes"": 132}, ""features_rest_zero_point"": {""compressed_bytes"": 73, ""uncompressed_bytes"": 132}, ""opacity"": {""compressed_bytes"": 789622, ""uncompressed_bytes"": 910729}, ""opacity_scale"": {""compressed_bytes"": 72, ""uncompressed_bytes"": 132}, ""opacity_zero_point"": {""compressed_bytes"": 73, ""uncompressed_bytes"": 132}, ""feature_indices"": {""compressed_bytes"": 1788295, ""uncompressed_bytes"": 3642532}, ""gaussian_indices"": {""compressed_bytes"": 1989654, ""uncompressed_bytes"": 3642532}, ""scaling"": {""compressed_bytes"": 600351, ""uncompressed_bytes"": 843839}, ""scaling_scale"": {""compressed_bytes"": 72, ""uncompressed_bytes"": 132}, ""scaling_zero_point"": {""compressed_bytes"": 73, ""uncompressed_bytes"": 132}, ""scaling_factor"": {""compressed_bytes"": 706943, ""uncompressed_bytes"": 910729}, ""scaling_factor_scale"": {""compressed_bytes"": 72, ""uncompressed_bytes"": 132}, ""scaling_factor_zero_point"": {""compressed_bytes"": 72, ""uncompressed_bytes"": 132}, ""rotation"": {""compressed_bytes"": 886716, ""uncompressed_bytes"": 1125076}, ""rotation_scale"": {""compressed_bytes"": 72, ""uncompressed_bytes"": 132}, ""rotation_zero_point"": {""compressed_bytes"": 73, ""uncompressed_bytes"": 132}}",21.17220025313528,0.7838497789282548,0.2261599298370512,"[24.73807144165039, 22.593748092651367, 25.622766494750977, 22.152328491210938, 23.635427474975586, 24.8378849029541, 22.532014846801758, 22.151247024536133, 23.361175537109375, 23.427244186401367, 22.386615753173828, 17.28200340270996, 17.9825439453125, 18.96734046936035, 18.740909576416016, 19.905160903930664, 18.308406829833984, 22.151029586791992, 19.699962615966797, 22.170555114746094, 18.799549102783203, 21.641027450561523, 22.787342071533203, 22.566083908081055, 18.219423294067383, 19.672908782958984, 22.29785919189453, 18.697154998779297, 18.564912796020508, 25.335962295532227, 23.3167724609375, 25.84206199645996, 24.071569442749023, 13.045738220214844, 18.980602264404297, 15.990640640258789, 21.200885772705078, 20.86667823791504]","[[980, 545]]",38,7.272751956999855,"{""-40"": 36.4856585954365, ""-20"": 34.615211838170104, ""-10"": 36.19172603205631, ""0"": 37.201202392578125, ""10"": 35.05293083190918, ""20"": 35.923733510469134, ""40"": 34.745705102619375}","{""-40"": 35.364073471893064, ""-20"": 31.618654347263483, ""-10"": 35.54086540668843, ""0"": 36.856734379374466, ""10"": 31.726508875270024, ""20"": 33.70720602409894, ""40"": 33.129640705108784}",2.6656716449997475,834292224,3553828864,16,rel_tol,0.0009783896200676145,0,80.0845532100002,"{""rho"": ""cv"", ""start"": ""c3dgs"", ""reseed"": true, ""clip"": ""global"", ""update"": ""ridge"", ""eps"": 0.01, ""max_iters"": 20, ""rel_tol"": 0.001, ""final"": ""int8""}","{""bits"": 8, ""dtype"": ""qint8"", ""step"": 0.0068830568343400955, ""dc"": {""scale"": 0.054016318172216415, ""zero_point"": -81, ""grid_min"": -2.5387669540941715, ""grid_max"": 11.235394179821014, ""codebook_min"": -2.1066365242004395, ""codebook_max"": 11.235394477844238, ""n_outside_grid"": 0, ""n_values"": 12288}, ""rest"": {""scale"": 0.0068830568343400955, ""zero_point"": -4, ""grid_min"": -0.8534990474581718, ""grid_max"": 0.9016804452985525, ""codebook_min"": -1.2278008460998535, ""codebook_max"": 1.8795143365859985, ""n_outside_grid"": 277, ""n_values"": 184320}}","{""dc_scale"": 0.054016318172216415, ""dc_zero_point"": -81, ""rest_scale"": 0.0068830568343400955, ""rest_zero_point"": -4}",80.41182456100069,4267763200,5320474624,2995712000,3139420160,True,8a32514f9d7cce169b0d5b42b632881a10c21538,11.829014539718628,1995.531575202942,4969824256,6150946816,4456083456,187b6095ffe3135c7769d73a9caefcd03a5273d8,2a234af55fbe8b90c8829c1436ce80088c4b622b,49ccae72e75eec9877354ed72074827531f7fd79,c0e34e8efa57,2026-10-02T13:31:39
train,p1_lad_init_tr,0,6e-07,1,lad_init_tr,fork,0,ok,,,cuda,0.01,0.01,0.001,1026508,115907,107525,803076,21.642122268676758,0.7988741993904114,0.22535733878612518,14312146,13.649126052856445,14.312146,12.69213840376477,111508,11.559648119426917,3983,"{""quantization"": {""compressed_bytes"": 67, ""uncompressed_bytes"": 129}, ""xyz"": {""compressed_bytes"": 4013367, ""uncompressed_bytes"": 5463734}, ""features_dc"": {""compressed_bytes"": 257766, ""uncompressed_bytes"": 334991}, ""features_dc_scale"": {""compressed_bytes"": 72, ""uncompressed_bytes"": 132}, ""features_dc_zero_point"": {""compressed_bytes"": 73, ""uncompressed_bytes"": 132}, ""features_rest"": {""compressed_bytes"": 3264752, ""uncompressed_bytes"": 5023073}, ""features_rest_scale"": {""compressed_bytes"": 72, ""uncompressed_bytes"": 132}, ""features_rest_zero_point"": {""compressed_bytes"": 73, ""uncompressed_bytes"": 132}, ""opacity"": {""compressed_bytes"": 789622, ""uncompressed_bytes"": 910729}, ""opacity_scale"": {""compressed_bytes"": 72, ""uncompressed_bytes"": 132}, ""opacity_zero_point"": {""compressed_bytes"": 73, ""uncompressed_bytes"": 132}, ""feature_indices"": {""compressed_bytes"": 1799073, ""uncompressed_bytes"": 3642532}, ""gaussian_indices"": {""compressed_bytes"": 1989654, ""uncompressed_bytes"": 3642532}, ""scaling"": {""compressed_bytes"": 600351, ""uncompressed_bytes"": 843839}, ""scaling_scale"": {""compressed_bytes"": 72, ""uncompressed_bytes"": 132}, ""scaling_zero_point"": {""compressed_bytes"": 73, ""uncompressed_bytes"": 132}, ""scaling_factor"": {""compressed_bytes"": 706943, ""uncompressed_bytes"": 910729}, ""scaling_factor_scale"": {""compressed_bytes"": 72, ""uncompressed_bytes"": 132}, ""scaling_factor_zero_point"": {""compressed_bytes"": 72, ""uncompressed_bytes"": 132}, ""rotation"": {""compressed_bytes"": 886716, ""uncompressed_bytes"": 1125076}, ""rotation_scale"": {""compressed_bytes"": 72, ""uncompressed_bytes"": 132}, ""rotation_zero_point"": {""compressed_bytes"": 73, ""uncompressed_bytes"": 132}}",21.151661897960462,0.7832581126376202,0.2264542258099506,"[24.724084854125977, 22.52761459350586, 25.65642738342285, 22.159950256347656, 23.624011993408203, 24.838773727416992, 22.551904678344727, 22.116628646850586, 23.382692337036133, 23.4219970703125, 22.330873489379883, 17.286895751953125, 17.954238891601562, 18.878385543823242, 18.705825805664062, 19.914819717407227, 18.281810760498047, 22.158159255981445, 19.71717643737793, 22.1206111907959, 18.79138946533203, 21.574281692504883, 22.853452682495117, 22.589815139770508, 18.200748443603516, 19.648324966430664, 22.27593994140625, 18.67328643798828, 18.542591094970703, 25.229490280151367, 23.27674674987793, 25.7786922454834, 24.101280212402344, 13.03985595703125, 18.89213752746582, 15.966816902160645, 21.14335823059082, 20.832061767578125]","[[980, 545]]",38,7.307664289999593,"{""-40"": 36.408033421165065, ""-20"": 34.654634827061706, ""-10"": 36.067323634499, ""0"": 37.03915696395071, ""10"": 35.02868607169703, ""20"": 35.85414545159591, ""40"": 34.770096126355625}","{""-40"": 35.2603600898893, ""-20"": 33.14647758838763, ""-10"": 35.390048597684995, ""0"": 36.70334432362075, ""10"": 32.021037159722695, ""20"": 33.7097541119469, ""40"": 33.3095575826508}",2.6585228969997843,834311680,3553828864,18,rel_tol,0.0009481809878431634,,88.51821357500012,"{""rho"": ""cv"", ""start"": ""ogc_init"", ""reseed"": false, ""clip"": ""global"", ""update"": ""ridge"", ""eps"": 0.01, ""max_iters"": 20, ""rel_tol"": 0.001, ""final"": ""int8""}","{""bits"": 8, ""dtype"": ""qint8"", ""step"": 0.0068830568343400955, ""dc"": {""scale"": 0.054016318172216415, ""zero_point"": -81, ""grid_min"": -2.5387669540941715, ""grid_max"": 11.235394179821014, ""codebook_min"": -2.0526201725006104, ""codebook_max"": 3.466883897781372, ""n_outside_grid"": 0, ""n_values"": 12288}, ""rest"": {""scale"": 0.0068830568343400955, ""zero_point"": -4, ""grid_min"": -0.8534990474581718, ""grid_max"": 0.9016804452985525, ""codebook_min"": -1.2820638418197632, ""codebook_max"": 1.3942434787750244, ""n_outside_grid"": 13, ""n_values"": 184320}}","{""dc_scale"": 0.054016318172216415, ""dc_zero_point"": -81, ""rest_scale"": 0.0068830568343400955, ""rest_zero_point"": -4}",92.31364057100018,4582109184,5322571776,2996805632,3156979712,True,8a32514f9d7cce169b0d5b42b632881a10c21538,11.898778915405273,1995.531575202942,4969824256,6150946816,4456083456,187b6095ffe3135c7769d73a9caefcd03a5273d8,2a234af55fbe8b90c8829c1436ce80088c4b622b,49ccae72e75eec9877354ed72074827531f7fd79,c0e34e8efa57,2026-10-02T13:31:39
train,p1_lad_clip_part,0,6e-07,1,lad_clip_part,fork,0,ok,,,cuda,0.01,0.01,0.001,1026508,115907,107525,803076,21.621843338012695,0.7976595163345337,0.22683994472026825,14061657,13.41024112701416,14.061657,10.957062442948676,109821,9.592260344178875,2296,"{""quantization"": {""compressed_bytes"": 67, ""uncompressed_bytes"": 129}, ""xyz"": {""compressed_bytes"": 4013367, ""uncompressed_bytes"": 5463734}, ""features_dc"": {""compressed_bytes"": 254865, ""uncompressed_bytes"": 334991}, ""features_dc_scale"": {""compressed_bytes"": 72, ""uncompressed_bytes"": 132}, ""features_dc_zero_point"": {""compressed_bytes"": 73, ""uncompressed_bytes"": 132}, ""features_rest"": {""compressed_bytes"": 3209557, ""uncompressed_bytes"": 5023073}, ""features_rest_scale"": {""compressed_bytes"": 72, ""uncompressed_bytes"": 132}, ""features_rest_zero_point"": {""compressed_bytes"": 73, ""uncompressed_bytes"": 132}, ""opacity"": {""compressed_bytes"": 789622, ""uncompressed_bytes"": 910729}, ""opacity_scale"": {""compressed_bytes"": 72, ""uncompressed_bytes"": 132}, ""opacity_zero_point"": {""compressed_bytes"": 73, ""uncompressed_bytes"": 132}, ""feature_indices"": {""compressed_bytes"": 1606680, ""uncompressed_bytes"": 3642532}, ""gaussian_indices"": {""compressed_bytes"": 1989654, ""uncompressed_bytes"": 3642532}, ""scaling"": {""compressed_bytes"": 600351, ""uncompressed_bytes"": 843839}, ""scaling_scale"": {""compressed_bytes"": 72, ""uncompressed_bytes"": 132}, ""scaling_zero_point"": {""compressed_bytes"": 73, ""uncompressed_bytes"": 132}, ""scaling_factor"": {""compressed_bytes"": 706943, ""uncompressed_bytes"": 910729}, ""scaling_factor_scale"": {""compressed_bytes"": 72, ""uncompressed_bytes"": 132}, ""scaling_factor_zero_point"": {""compressed_bytes"": 72, ""uncompressed_bytes"": 132}, ""rotation"": {""compressed_bytes"": 886716, ""uncompressed_bytes"": 1125076}, ""rotation_scale"": {""compressed_bytes"": 72, ""uncompressed_bytes"": 132}, ""rotation_zero_point"": {""compressed_bytes"": 73, ""uncompressed_bytes"": 132}}",21.127367044750013,0.781932677093305,0.2279488405114726,"[24.6556339263916, 22.487632751464844, 25.613954544067383, 22.114973068237305, 23.55446434020996, 24.77959442138672, 22.541807174682617, 22.096803665161133, 23.360401153564453, 23.412099838256836, 22.32703971862793, 17.277587890625, 17.961442947387695, 18.899627685546875, 18.68723487854004, 19.903676986694336, 18.273069381713867, 22.117826461791992, 19.691940307617188, 22.079954147338867, 18.781461715698242, 21.560440063476562, 22.787626266479492, 22.587982177734375, 18.136547088623047, 19.608972549438477, 22.258466720581055, 18.662708282470703, 18.555234909057617, 25.22209930419922, 23.251773834228516, 25.72197914123535, 24.09990882873535, 13.035314559936523, 18.869699478149414, 15.957858085632324, 21.097158432006836, 20.807950973510742]","[[980, 545]]",38,7.340255230999901,"{""-40"": 35.905642107913366, ""-20"": 34.014371620981315, ""-10"": 35.4163885618511, ""0"": 36.328580354389395, ""10"": 34.474688379388105, ""20"": 35.488160735682435, ""40"": 34.44475841522217}","{""-40"": 34.78915616770938, ""-20"": 32.21160616659521, ""-10"": 34.860436600826134, ""0"": 36.002214519560866, ""10"": 31.231874823870164, ""20"": 33.239202869520724, ""40"": 32.876591394991}",2.6684816009992574,834331136,3553828864,20,max_iters,0.0028214486799767366,,97.68669841700012,"{""rho"": ""cv"", ""start"": ""c3dgs"", ""reseed"": false, ""clip"": ""part"", ""update"": ""ridge"", ""eps"": 0.01, ""max_iters"": 20, ""rel_tol"": 0.001, ""final"": ""int8""}","{""bits"": 8, ""dtype"": ""qint8"", ""step"": 0.0068830568343400955, ""dc"": {""scale"": 0.054016318172216415, ""zero_point"": -81, ""grid_min"": -2.5387669540941715, ""grid_max"": 11.235394179821014, ""codebook_min"": -1.7808864116668701, ""codebook_max"": 4.469325542449951, ""n_outside_grid"": 0, ""n_values"": 12288}, ""rest"": {""scale"": 0.0068830568343400955, ""zero_point"": -4, ""grid_min"": -0.8534990474581718, ""grid_max"": 0.9016804452985525, ""codebook_min"": -0.5457977652549744, ""codebook_max"": 0.5715845227241516, ""n_outside_grid"": 0, ""n_values"": 184320}}","{""dc_scale"": 0.054016318172216415, ""dc_zero_point"": -81, ""rest_scale"": 0.0068830568343400955, ""rest_zero_point"": -4}",98.03292748199965,4282187264,5322571776,3014365184,3157008384,True,8a32514f9d7cce169b0d5b42b632881a10c21538,11.835281133651733,1995.531575202942,4969824256,6150946816,4456083456,187b6095ffe3135c7769d73a9caefcd03a5273d8,2a234af55fbe8b90c8829c1436ce80088c4b622b,49ccae72e75eec9877354ed72074827531f7fd79,c0e34e8efa57,2026-10-02T13:31:39
train,p1_lad_no_clip,0,6e-07,1,lad_no_clip,fork,0,ok,,,cuda,0.01,0.01,0.001,1026508,115907,107525,803076,21.6301212310791,0.7976818084716797,0.22681745886802673,14063719,13.41220760345459,14.063719,10.985366152243797,109841,9.624353677795927,2316,"{""quantization"": {""compressed_bytes"": 67, ""uncompressed_bytes"": 129}, ""xyz"": {""compressed_bytes"": 4013367, ""uncompressed_bytes"": 5463734}, ""features_dc"": {""compressed_bytes"": 254904, ""uncompressed_bytes"": 334991}, ""features_dc_scale"": {""compressed_bytes"": 72, ""uncompressed_bytes"": 132}, ""features_dc_zero_point"": {""compressed_bytes"": 73, ""uncompressed_bytes"": 132}, ""features_rest"": {""compressed_bytes"": 3210334, ""uncompressed_bytes"": 5023073}, ""features_rest_scale"": {""compressed_bytes"": 72, ""uncompressed_bytes"": 132}, ""features_rest_zero_point"": {""compressed_bytes"": 73, ""uncompressed_bytes"": 132}, ""opacity"": {""compressed_bytes"": 789622, ""uncompressed_bytes"": 910729}, ""opacity_scale"": {""compressed_bytes"": 72, ""uncompressed_bytes"": 132}, ""opacity_zero_point"": {""compressed_bytes"": 73, ""uncompressed_bytes"": 132}, ""feature_indices"": {""compressed_bytes"": 1607926, ""uncompressed_bytes"": 3642532}, ""gaussian_indices"": {""compressed_bytes"": 1989654, ""uncompressed_bytes"": 3642532}, ""scaling"": {""compressed_bytes"": 600351, ""uncompressed_bytes"": 843839}, ""scaling_scale"": {""compressed_bytes"": 72, ""uncompressed_bytes"": 132}, ""scaling_zero_point"": {""compressed_bytes"": 73, ""uncompressed_bytes"": 132}, ""scaling_factor"": {""compressed_bytes"": 706943, ""uncompressed_bytes"": 910729}, ""scaling_factor_scale"": {""compressed_bytes"": 72, ""uncompressed_bytes"": 132}, ""scaling_factor_zero_point"": {""compressed_bytes"": 72, ""uncompressed_bytes"": 132}, ""rotation"": {""compressed_bytes"": 886716, ""uncompressed_bytes"": 1125076}, ""rotation_scale"": {""compressed_bytes"": 72, ""uncompressed_bytes"": 132}, ""rotation_zero_point"": {""compressed_bytes"": 73, ""uncompressed_bytes"": 132}}",21.132847183629085,0.7820025196200923,0.2279419083344309,"[24.66666603088379, 22.493253707885742, 25.62761688232422, 22.118619918823242, 23.578577041625977, 24.813770294189453, 22.543010711669922, 22.0917911529541, 23.368247985839844, 23.411094665527344, 22.337268829345703, 17.280376434326172, 17.968181610107422, 18.927583694458008, 18.709428787231445, 19.90528106689453, 18.286582946777344, 22.12904930114746, 19.694000244140625, 22.082246780395508, 18.778324127197266, 21.558061599731445, 22.820775985717773, 22.60064697265625, 18.146766662597656, 19.61457633972168, 22.250890731811523, 18.668872833251953, 18.549394607543945, 25.207393646240234, 23.25644874572754, 25.73542594909668, 24.08814811706543, 13.004195213317871, 18.878026962280273, 15.956164360046387, 21.097230911254883, 20.804201126098633]","[[980, 545]]",38,7.363939872000628,"{""-40"": 36.003435937981855, ""-20"": 34.047013332969264, ""-10"": 35.44041272213585, ""0"": 36.3895610006232, ""10"": 34.60664197018272, ""20"": 35.218287216989616, ""40"": 34.49320737939132}","{""-40"": 34.97130286750276, ""-20"": 32.32703850057281, ""-10"": 34.83764491855753, ""0"": 36.05658572913596, ""10"": 31.59015067053452, ""20"": 32.77350258120791, ""40"": 32.91147342431237}",2.664728943999762,834350592,3553849344,20,max_iters,0.002252871109631426,,76.95765017200029,"{""rho"": ""cv"", ""start"": ""c3dgs"", ""reseed"": false, ""clip"": null, ""update"": ""ridge"", ""eps"": 0.01, ""max_iters"": 20, ""rel_tol"": 0.001, ""final"": ""int8""}","{""bits"": 8, ""dtype"": ""qint8"", ""step"": 0.0068830568343400955, ""dc"": {""scale"": 0.054016318172216415, ""zero_point"": -81, ""grid_min"": -2.5387669540941715, ""grid_max"": 11.235394179821014, ""codebook_min"": -1.5602682828903198, ""codebook_max"": 3.82839035987854, ""n_outside_grid"": 0, ""n_values"": 12288}, ""rest"": {""scale"": 0.0068830568343400955, ""zero_point"": -4, ""grid_min"": -0.8534990474581718, ""grid_max"": 0.9016804452985525, ""codebook_min"": -0.6902132034301758, ""codebook_max"": 1.441194772720337, ""n_outside_grid"": 6, ""n_values"": 184320}}","{""dc_scale"": 0.054016318172216415, ""dc_zero_point"": -81, ""rest_scale"": 0.0068830568343400955, ""rest_zero_point"": -4}",77.31978845100002,4289397760,5322571776,3014393856,3157008384,True,8a32514f9d7cce169b0d5b42b632881a10c21538,11.719201803207397,1995.531575202942,4969824256,6150946816,4456083456,187b6095ffe3135c7769d73a9caefcd03a5273d8,2a234af55fbe8b90c8829c1436ce80088c4b622b,49ccae72e75eec9877354ed72074827531f7fd79,c0e34e8efa57,2026-10-02T13:31:39
train,p1_lad_ridge_mean,0,6e-07,1,lad_ridge_mean,fork,0,ok,,,cuda,0.0,0.01,0.001,1026508,115907,107525,803076,21.6341609954834,0.7979564666748047,0.22653047740459442,14105866,13.452402114868164,14.105866,11.188358735156415,109899,9.854525229420943,2374,"{""quantization"": {""compressed_bytes"": 67, ""uncompressed_bytes"": 129}, ""xyz"": {""compressed_bytes"": 4013367, ""uncompressed_bytes"": 5463734}, ""features_dc"": {""compressed_bytes"": 255317, ""uncompressed_bytes"": 334991}, ""features_dc_scale"": {""compressed_bytes"": 72, ""uncompressed_bytes"": 132}, ""features_dc_zero_point"": {""compressed_bytes"": 73, ""uncompressed_bytes"": 132}, ""features_rest"": {""compressed_bytes"": 3218557, ""uncompressed_bytes"": 5023073}, ""features_rest_scale"": {""compressed_bytes"": 72, ""uncompressed_bytes"": 132}, ""features_rest_zero_point"": {""compressed_bytes"": 73, ""uncompressed_bytes"": 132}, ""opacity"": {""compressed_bytes"": 789622, ""uncompressed_bytes"": 910729}, ""opacity_scale"": {""compressed_bytes"": 72, ""uncompressed_bytes"": 132}, ""opacity_zero_point"": {""compressed_bytes"": 73, ""uncompressed_bytes"": 132}, ""feature_indices"": {""compressed_bytes"": 1641437, ""uncompressed_bytes"": 3642532}, ""gaussian_indices"": {""compressed_bytes"": 1989654, ""uncompressed_bytes"": 3642532}, ""scaling"": {""compressed_bytes"": 600351, ""uncompressed_bytes"": 843839}, ""scaling_scale"": {""compressed_bytes"": 72, ""uncompressed_bytes"": 132}, ""scaling_zero_point"": {""compressed_bytes"": 73, ""uncompressed_bytes"": 132}, ""scaling_factor"": {""compressed_bytes"": 706943, ""uncompressed_bytes"": 910729}, ""scaling_factor_scale"": {""compressed_bytes"": 72, ""uncompressed_bytes"": 132}, ""scaling_factor_zero_point"": {""compressed_bytes"": 72, ""uncompressed_bytes"": 132}, ""rotation"": {""compressed_bytes"": 886716, ""uncompressed_bytes"": 1125076}, ""rotation_scale"": {""compressed_bytes"": 72, ""uncompressed_bytes"": 132}, ""rotation_zero_point"": {""compressed_bytes"": 73, ""uncompressed_bytes"": 132}}",21.14240716633044,0.7823533423637089,0.2275343019711344,"[24.682113647460938, 22.498920440673828, 25.65729331970215, 22.120121002197266, 23.58910369873047, 24.84923553466797, 22.555879592895508, 22.10029411315918, 23.3662109375, 23.42841911315918, 22.33708953857422, 17.27678871154785, 17.953697204589844, 18.917150497436523, 18.73851203918457, 19.92241096496582, 18.287900924682617, 22.13614845275879, 19.706865310668945, 22.099184036254883, 18.78173828125, 21.57115936279297, 22.824214935302734, 22.591922760009766, 18.179738998413086, 19.634727478027344, 22.276052474975586, 18.6779727935791, 18.534290313720703, 25.238243103027344, 23.25721549987793, 25.732812881469727, 24.08458137512207, 13.0263032913208, 18.88943099975586, 15.9610013961792, 21.09400749206543, 20.832719802856445]","[[980, 545]]",38,7.415649201000633,"{""-40"": 35.61452293395996, ""-20"": 34.172511301542585, ""-10"": 35.46548356507954, ""0"": 36.55041995801424, ""10"": 34.04609092913176, ""20"": 35.350667451557364, ""40"": 34.19498734725149}","{""-40"": 33.466999029397215, ""-20"": 32.84533675851247, ""-10"": 34.73815849294405, ""0"": 36.2171762822272, ""10"": 26.95526695549924, ""20"": 32.951478233267665, ""40"": 32.32295519998707}",2.6605919719995654,834370048,3553849344,20,max_iters,0.004139537356625729,,97.85705310200046,"{""rho"": 0.0, ""start"": ""c3dgs"", ""reseed"": false, ""clip"": ""global"", ""update"": ""ridge_mean"", ""eps"": 0.001, ""max_iters"": 20, ""rel_tol"": 0.001, ""final"": ""int8""}","{""bits"": 8, ""dtype"": ""qint8"", ""step"": 0.0068830568343400955, ""dc"": {""scale"": 0.054016318172216415, ""zero_point"": -81, ""grid_min"": -2.5387669540941715, ""grid_max"": 11.235394179821014, ""codebook_min"": -1.8254646062850952, ""codebook_max"": 4.469325542449951, ""n_outside_grid"": 0, ""n_values"": 12288}, ""rest"": {""scale"": 0.0068830568343400955, ""zero_point"": -4, ""grid_min"": -0.8534990474581718, ""grid_max"": 0.9016804452985525, ""codebook_min"": -1.8254646062850952, ""codebook_max"": 2.125380277633667, ""n_outside_grid"": 53, ""n_values"": 184320}}","{""dc_scale"": 0.054016318172216415, ""dc_zero_point"": -81, ""rest_scale"": 0.0068830568343400955, ""rest_zero_point"": -4}",98.17425772300066,4296609280,5324668928,3014393856,3157008384,True,8a32514f9d7cce169b0d5b42b632881a10c21538,11.926670789718628,1995.531575202942,4969824256,6150946816,4456083456,187b6095ffe3135c7769d73a9caefcd03a5273d8,2a234af55fbe8b90c8829c1436ce80088c4b622b,49ccae72e75eec9877354ed72074827531f7fd79,c0e34e8efa57,2026-10-02T13:31:39
train,p1_lad_iters15,0,6e-07,1,lad_iters15,fork,0,ok,,,cuda,0.01,0.01,0.001,1026508,115907,107525,803076,21.62693977355957,0.7976323962211609,0.2269241362810135,14059136,13.4078369140625,14.059136,10.939965524388837,109820,9.572874294617552,2295,"{""quantization"": {""compressed_bytes"": 67, ""uncompressed_bytes"": 129}, ""xyz"": {""compressed_bytes"": 4013367, ""uncompressed_bytes"": 5463734}, ""features_dc"": {""compressed_bytes"": 254873, ""uncompressed_bytes"": 334991}, ""features_dc_scale"": {""compressed_bytes"": 72, ""uncompressed_bytes"": 132}, ""features_dc_zero_point"": {""compressed_bytes"": 73, ""uncompressed_bytes"": 132}, ""features_rest"": {""compressed_bytes"": 3209544, ""uncompressed_bytes"": 5023073}, ""features_rest_scale"": {""compressed_bytes"": 72, ""uncompressed_bytes"": 132}, ""features_rest_zero_point"": {""compressed_bytes"": 73, ""uncompressed_bytes"": 132}, ""opacity"": {""compressed_bytes"": 789622, ""uncompressed_bytes"": 910729}, ""opacity_scale"": {""compressed_bytes"": 72, ""uncompressed_bytes"": 132}, ""opacity_zero_point"": {""compressed_bytes"": 73, ""uncompressed_bytes"": 132}, ""feature_indices"": {""compressed_bytes"": 1604164, ""uncompressed_bytes"": 3642532}, ""gaussian_indices"": {""compressed_bytes"": 1989654, ""uncompressed_bytes"": 3642532}, ""scaling"": {""compressed_bytes"": 600351, ""uncompressed_bytes"": 843839}, ""scaling_scale"": {""compressed_bytes"": 72, ""uncompressed_bytes"": 132}, ""scaling_zero_point"": {""compressed_bytes"": 73, ""uncompressed_bytes"": 132}, ""scaling_factor"": {""compressed_bytes"": 706943, ""uncompressed_bytes"": 910729}, ""scaling_factor_scale"": {""compressed_bytes"": 72, ""uncompressed_bytes"": 132}, ""scaling_factor_zero_point"": {""compressed_bytes"": 72, ""uncompressed_bytes"": 132}, ""rotation"": {""compressed_bytes"": 886716, ""uncompressed_bytes"": 1125076}, ""rotation_scale"": {""compressed_bytes"": 72, ""uncompressed_bytes"": 132}, ""rotation_zero_point"": {""compressed_bytes"": 73, ""uncompressed_bytes"": 132}}",21.130754295148346,0.781962168059851,0.22801219319042407,"[24.65817642211914, 22.489593505859375, 25.62761878967285, 22.113727569580078, 23.5758056640625, 24.796585083007812, 22.54385757446289, 22.094356536865234, 23.366809844970703, 23.41457176208496, 22.328651428222656, 17.268409729003906, 17.96483612060547, 18.940580368041992, 18.697057723999023, 19.90513038635254, 18.282054901123047, 22.124006271362305, 19.695024490356445, 22.08000946044922, 18.780033111572266, 21.559072494506836, 22.818344116210938, 22.599599838256836, 18.14226531982422, 19.61383819580078, 22.25351905822754, 18.664409637451172, 18.55103874206543, 25.214548110961914, 23.25851058959961, 25.731048583984375, 24.085742950439453, 13.001239776611328, 18.879907608032227, 15.952773094177246, 21.09101676940918, 20.80489158630371]","[[980, 545]]",38,7.454342783000357,"{""-40"": 35.95816024981047, ""-20"": 34.009583473205566, ""-10"": 35.375346535130554, ""0"": 36.38096608613667, ""10"": 34.490709254616185, ""20"": 35.46729499415348, ""40"": 34.44283560702675}","{""-40"": 34.85248986968825, ""-20"": 32.20734451952493, ""-10"": 34.75495734700034, ""0"": 36.046648114161364, ""10"": 31.363906044158355, ""20"": 33.038954403085675, ""40"": 32.6837433099719}",2.6715560080001524,834389504,3557052416,15,max_iters,0.004410572317829932,,74.76273819400012,"{""rho"": ""cv"", ""start"": ""c3dgs"", ""reseed"": false, ""clip"": ""global"", ""update"": ""ridge"", ""eps"": 0.01, ""max_iters"": 15, ""rel_tol"": 0.001, ""final"": ""int8""}","{""bits"": 8, ""dtype"": ""qint8"", ""step"": 0.0068830568343400955, ""dc"": {""scale"": 0.054016318172216415, ""zero_point"": -81, ""grid_min"": -2.5387669540941715, ""grid_max"": 11.235394179821014, ""codebook_min"": -1.7808864116668701, ""codebook_max"": 3.788283109664917, ""n_outside_grid"": 0, ""n_values"": 12288}, ""rest"": {""scale"": 0.0068830568343400955, ""zero_point"": -4, ""grid_min"": -0.8534990474581718, ""grid_max"": 0.9016804452985525, ""codebook_min"": -0.6867585182189941, ""codebook_max"": 1.464255690574646, ""n_outside_grid"": 5, ""n_values"": 184320}}","{""dc_scale"": 0.054016318172216415, ""dc_zero_point"": -81, ""rest_scale"": 0.0068830568343400955, ""rest_zero_point"": -4}",75.12693228199987,4303820800,5326766080,3014393856,3157008384,True,8a32514f9d7cce169b0d5b42b632881a10c21538,12.932850122451782,1995.531575202942,4969824256,6150946816,4456083456,187b6095ffe3135c7769d73a9caefcd03a5273d8,2a234af55fbe8b90c8829c1436ce80088c4b622b,49ccae72e75eec9877354ed72074827531f7fd79,c0e34e8efa57,2026-10-02T13:31:39
train,p1_lad_iters50,0,6e-07,1,lad_iters50,fork,0,ok,,,cuda,0.01,0.01,0.001,1026508,115907,107525,803076,21.62920379638672,0.7977694869041443,0.22673338651657104,14068178,13.416460037231445,14.068178,11.001053479386366,109873,9.642141403718941,2348,"{""quantization"": {""compressed_bytes"": 67, ""uncompressed_bytes"": 129}, ""xyz"": {""compressed_bytes"": 4013367, ""uncompressed_bytes"": 5463734}, ""features_dc"": {""compressed_bytes"": 254969, ""uncompressed_bytes"": 334991}, ""features_dc_scale"": {""compressed_bytes"": 72, ""uncompressed_bytes"": 132}, ""features_dc_zero_point"": {""compressed_bytes"": 73, ""uncompressed_bytes"": 132}, ""features_rest"": {""compressed_bytes"": 3211304, ""uncompressed_bytes"": 5023073}, ""features_rest_scale"": {""compressed_bytes"": 72, ""uncompressed_bytes"": 132}, ""features_rest_zero_point"": {""compressed_bytes"": 73, ""uncompressed_bytes"": 132}, ""opacity"": {""compressed_bytes"": 789622, ""uncompressed_bytes"": 910729}, ""opacity_scale"": {""compressed_bytes"": 72, ""uncompressed_bytes"": 132}, ""opacity_zero_point"": {""compressed_bytes"": 73, ""uncompressed_bytes"": 132}, ""feature_indices"": {""compressed_bytes"": 1611350, ""uncompressed_bytes"": 3642532}, ""gaussian_indices"": {""compressed_bytes"": 1989654, ""uncompressed_bytes"": 3642532}, ""scaling"": {""compressed_bytes"": 600351, ""uncompressed_bytes"": 843839}, ""scaling_scale"": {""compressed_bytes"": 72, ""uncompressed_bytes"": 132}, ""scaling_zero_point"": {""compressed_bytes"": 73, ""uncompressed_bytes"": 132}, ""scaling_factor"": {""compressed_bytes"": 706943, ""uncompressed_bytes"": 910729}, ""scaling_factor_scale"": {""compressed_bytes"": 72, ""uncompressed_bytes"": 132}, ""scaling_factor_zero_point"": {""compressed_bytes"": 72, ""uncompressed_bytes"": 132}, ""rotation"": {""compressed_bytes"": 886716, ""uncompressed_bytes"": 1125076}, ""rotation_scale"": {""compressed_bytes"": 72, ""uncompressed_bytes"": 132}, ""rotation_zero_point"": {""compressed_bytes"": 73, ""uncompressed_bytes"": 132}}",21.13466174978959,0.7820936645332136,0.2278043819885505,"[24.666776657104492, 22.485027313232422, 25.63033103942871, 22.13385581970215, 23.554851531982422, 24.78891944885254, 22.532825469970703, 22.105533599853516, 23.34659767150879, 23.40914535522461, 22.343830108642578, 17.285247802734375, 17.944189071655273, 18.938045501708984, 18.713117599487305, 19.90180015563965, 18.29170036315918, 22.131315231323242, 19.695293426513672, 22.0865478515625, 18.78339958190918, 21.569805145263672, 22.811534881591797, 22.593379974365234, 18.144712448120117, 19.612329483032227, 22.243446350097656, 18.653701782226562, 18.553390502929688, 25.234495162963867, 23.263643264770508, 25.72541618347168, 24.10680389404297, 13.057945251464844, 18.88125228881836, 15.967425346374512, 21.099586486816406, 20.829927444458008]","[[980, 545]]",38,7.52949431199977,"{""-40"": 35.97858203084845, ""-20"": 34.18669590197111, ""-10"": 35.49893549868935, ""0"": 36.39765478435316, ""10"": 34.540668989482675, ""20"": 35.232042563589, ""40"": 34.386907175967565}","{""-40"": 34.81671483652537, ""-20"": 32.92547460116196, ""-10"": 34.96107888410529, ""0"": 36.06796519399691, ""10"": 31.754031999538178, ""20"": 32.72160369795742, ""40"": 32.956913386923624}",2.6836050849997264,834408960,3561861120,31,rel_tol,0.0009512009683593546,,148.36018927500027,"{""rho"": ""cv"", ""start"": ""c3dgs"", ""reseed"": false, ""clip"": ""global"", ""update"": ""ridge"", ""eps"": 0.01, ""max_iters"": 50, ""rel_tol"": 0.001, ""final"": ""int8""}","{""bits"": 8, ""dtype"": ""qint8"", ""step"": 0.0068830568343400955, ""dc"": {""scale"": 0.054016318172216415, ""zero_point"": -81, ""grid_min"": -2.5387669540941715, ""grid_max"": 11.235394179821014, ""codebook_min"": -1.7808864116668701, ""codebook_max"": 3.8658535480499268, ""n_outside_grid"": 0, ""n_values"": 12288}, ""rest"": {""scale"": 0.0068830568343400955, ""zero_point"": -4, ""grid_min"": -0.8534990474581718, ""grid_max"": 0.9016804452985525, ""codebook_min"": -0.7659744024276733, ""codebook_max"": 1.3756242990493774, ""n_outside_grid"": 7, ""n_values"": 184320}}","{""dc_scale"": 0.054016318172216415, ""dc_zero_point"": -81, ""rest_scale"": 0.0068830568343400955, ""rest_zero_point"": -4}",148.72587087099964,4311032320,5326766080,3014393856,3157016576,True,8a32514f9d7cce169b0d5b42b632881a10c21538,11.77381157875061,1995.531575202942,4969824256,6150946816,4456083456,187b6095ffe3135c7769d73a9caefcd03a5273d8,2a234af55fbe8b90c8829c1436ce80088c4b622b,49ccae72e75eec9877354ed72074827531f7fd79,c0e34e8efa57,2026-10-02T13:31:39
train,p1_lad_no_final_int8,0,6e-07,1,lad_no_final_int8,fork,0,ok,,,cuda,0.01,0.01,0.001,1026508,115907,107525,803076,21.62837791442871,0.7977113723754883,0.2268524467945099,14062235,13.410792350769043,14.062235,10.962449782775899,109839,9.598369002679451,2314,"{""quantization"": {""compressed_bytes"": 67, ""uncompressed_bytes"": 129}, ""xyz"": {""compressed_bytes"": 4013367, ""uncompressed_bytes"": 5463734}, ""features_dc"": {""compressed_bytes"": 254908, ""uncompressed_bytes"": 334991}, ""features_dc_scale"": {""compressed_bytes"": 72, ""uncompressed_bytes"": 132}, ""features_dc_zero_point"": {""compressed_bytes"": 73, ""uncompressed_bytes"": 132}, ""features_rest"": {""compressed_bytes"": 3210239, ""uncompressed_bytes"": 5023073}, ""features_rest_scale"": {""compressed_bytes"": 72, ""uncompressed_bytes"": 132}, ""features_rest_zero_point"": {""compressed_bytes"": 73, ""uncompressed_bytes"": 132}, ""opacity"": {""compressed_bytes"": 789622, ""uncompressed_bytes"": 910729}, ""opacity_scale"": {""compressed_bytes"": 72, ""uncompressed_bytes"": 132}, ""opacity_zero_point"": {""compressed_bytes"": 73, ""uncompressed_bytes"": 132}, ""feature_indices"": {""compressed_bytes"": 1606533, ""uncompressed_bytes"": 3642532}, ""gaussian_indices"": {""compressed_bytes"": 1989654, ""uncompressed_bytes"": 3642532}, ""scaling"": {""compressed_bytes"": 600351, ""uncompressed_bytes"": 843839}, ""scaling_scale"": {""compressed_bytes"": 72, ""uncompressed_bytes"": 132}, ""scaling_zero_point"": {""compressed_bytes"": 73, ""uncompressed_bytes"": 132}, ""scaling_factor"": {""compressed_bytes"": 706943, ""uncompressed_bytes"": 910729}, ""scaling_factor_scale"": {""compressed_bytes"": 72, ""uncompressed_bytes"": 132}, ""scaling_factor_zero_point"": {""compressed_bytes"": 72, ""uncompressed_bytes"": 132}, ""rotation"": {""compressed_bytes"": 886716, ""uncompressed_bytes"": 1125076}, ""rotation_scale"": {""compressed_bytes"": 72, ""uncompressed_bytes"": 132}, ""rotation_zero_point"": {""compressed_bytes"": 73, ""uncompressed_bytes"": 132}}",21.133286400845176,0.7820285880251935,0.2279009862165702,"[24.666778564453125, 22.49087142944336, 25.622472763061523, 22.117460250854492, 23.567567825317383, 24.792991638183594, 22.542627334594727, 22.094764709472656, 23.3671817779541, 23.4199161529541, 22.33602523803711, 17.26985740661621, 17.96625328063965, 18.94677734375, 18.713294982910156, 19.90235137939453, 18.284852981567383, 22.126983642578125, 19.693490982055664, 22.08403778076172, 18.781963348388672, 21.561939239501953, 22.814964294433594, 22.602426528930664, 18.148334503173828, 19.6162166595459, 22.261795043945312, 18.6651668548584, 18.55498695373535, 25.222518920898438, 23.261899948120117, 25.73821449279785, 24.08765411376953, 13.002577781677246, 18.884109497070312, 15.953805923461914, 21.0929012298584, 20.80685043334961]","[[980, 545]]",38,7.508518022000317,"{""-40"": 35.94601997576262, ""-20"": 34.03856488278038, ""-10"": 35.48839042061254, ""0"": 36.39314059207314, ""10"": 34.59990767428749, ""20"": 35.33369521090859, ""40"": 34.51865487349661}","{""-40"": 34.768038480762655, ""-20"": 32.23567952372445, ""-10"": 34.959867158238296, ""0"": 36.05956735753289, ""10"": 31.966533750167706, ""20"": 32.782324958051895, ""40"": 32.93373541351174}",2.678569843000332,834428416,3561861120,20,max_iters,0.0025325685998150954,,95.65242542500073,"{""rho"": ""cv"", ""start"": ""c3dgs"", ""reseed"": false, ""clip"": ""global"", ""update"": ""ridge"", ""eps"": 0.01, ""max_iters"": 20, ""rel_tol"": 0.001, ""final"": ""none""}","{""bits"": 8, ""dtype"": ""qint8"", ""step"": 0.0068830568343400955, ""dc"": {""scale"": 0.054016318172216415, ""zero_point"": -81, ""grid_min"": -2.5387669540941715, ""grid_max"": 11.235394179821014, ""codebook_min"": -1.7808864116668701, ""codebook_max"": 3.830949544906616, ""n_outside_grid"": 0, ""n_values"": 12288}, ""rest"": {""scale"": 0.0068830568343400955, ""zero_point"": -4, ""grid_min"": -0.8534990474581718, ""grid_max"": 0.9016804452985525, ""codebook_min"": -0.704178512096405, ""codebook_max"": 1.407953143119812, ""n_outside_grid"": 5, ""n_values"": 184320}}","{""dc_scale"": 0.054016318172216415, ""dc_zero_point"": -81, ""rest_scale"": 0.0068830568343400955, ""rest_zero_point"": -4}",95.98203543900036,4318243840,5328863232,3014402048,3157016576,True,8a32514f9d7cce169b0d5b42b632881a10c21538,11.99455738067627,1995.531575202942,4969824256,6150946816,4456083456,187b6095ffe3135c7769d73a9caefcd03a5273d8,2a234af55fbe8b90c8829c1436ce80088c4b622b,49ccae72e75eec9877354ed72074827531f7fd79,c0e34e8efa57,2026-10-02T13:31:39
train,p1_lad_all,0,6e-07,1,lad_all,fork,0,ok,,,cuda,0.0,0.01,0.001,1026508,115907,107525,803076,21.645843505859375,0.7991278767585754,0.22503995895385742,14347153,13.682511329650879,14.347153,12.773555012872622,111621,11.651965715358335,4096,"{""quantization"": {""compressed_bytes"": 67, ""uncompressed_bytes"": 129}, ""xyz"": {""compressed_bytes"": 4013367, ""uncompressed_bytes"": 5463734}, ""features_dc"": {""compressed_bytes"": 258538, ""uncompressed_bytes"": 334991}, ""features_dc_scale"": {""compressed_bytes"": 72, ""uncompressed_bytes"": 132}, ""features_dc_zero_point"": {""compressed_bytes"": 73, ""uncompressed_bytes"": 132}, ""features_rest"": {""compressed_bytes"": 3277716, ""uncompressed_bytes"": 5023073}, ""features_rest_scale"": {""compressed_bytes"": 72, ""uncompressed_bytes"": 132}, ""features_rest_zero_point"": {""compressed_bytes"": 73, ""uncompressed_bytes"": 132}, ""opacity"": {""compressed_bytes"": 789622, ""uncompressed_bytes"": 910729}, ""opacity_scale"": {""compressed_bytes"": 72, ""uncompressed_bytes"": 132}, ""opacity_zero_point"": {""compressed_bytes"": 73, ""uncompressed_bytes"": 132}, ""feature_indices"": {""compressed_bytes"": 1820344, ""uncompressed_bytes"": 3642532}, ""gaussian_indices"": {""compressed_bytes"": 1989654, ""uncompressed_bytes"": 3642532}, ""scaling"": {""compressed_bytes"": 600351, ""uncompressed_bytes"": 843839}, ""scaling_scale"": {""compressed_bytes"": 72, ""uncompressed_bytes"": 132}, ""scaling_zero_point"": {""compressed_bytes"": 73, ""uncompressed_bytes"": 132}, ""scaling_factor"": {""compressed_bytes"": 706943, ""uncompressed_bytes"": 910729}, ""scaling_factor_scale"": {""compressed_bytes"": 72, ""uncompressed_bytes"": 132}, ""scaling_factor_zero_point"": {""compressed_bytes"": 72, ""uncompressed_bytes"": 132}, ""rotation"": {""compressed_bytes"": 886716, ""uncompressed_bytes"": 1125076}, ""rotation_scale"": {""compressed_bytes"": 72, ""uncompressed_bytes"": 132}, ""rotation_zero_point"": {""compressed_bytes"": 73, ""uncompressed_bytes"": 132}}",21.170587263609235,0.7839507021402058,0.22596881577843114,"[24.74407386779785, 22.586029052734375, 25.642141342163086, 22.144386291503906, 23.641544342041016, 24.853527069091797, 22.546833038330078, 22.142080307006836, 23.356279373168945, 23.440744400024414, 22.38180923461914, 17.266658782958984, 17.963993072509766, 18.88767433166504, 18.750974655151367, 19.900638580322266, 18.30658721923828, 22.150325775146484, 19.69870376586914, 22.17652130126953, 18.795719146728516, 21.655868530273438, 22.783151626586914, 22.573444366455078, 18.247243881225586, 19.682844161987305, 22.28496551513672, 18.70155143737793, 18.559825897216797, 25.35898208618164, 23.313508987426758, 25.823223114013672, 24.062732696533203, 13.04417610168457, 18.97962188720703, 15.980090141296387, 21.188024520874023, 20.865816116333008]","[[980, 545]]",38,7.5416238460002205,"{""-40"": 36.25774157674689, ""-20"": 34.44989565799111, ""-10"": 36.20604374534205, ""0"": 37.233662253931946, ""10"": 35.37454524793123, ""20"": 35.89505356236508, ""40"": 34.43372997484709}","{""-40"": 34.59965480125632, ""-20"": 31.511476842537856, ""-10"": 35.46243557367515, ""0"": 36.896847310801284, ""10"": 32.60222690236038, ""20"": 33.37164696667466, ""40"": 32.49616261932062}",2.683645389999583,834447872,3561861120,15,max_iters,0.002360229736134173,0,59.972703020000154,"{""rho"": 0.0, ""start"": ""ogc_init"", ""reseed"": true, ""clip"": null, ""update"": ""ridge_mean"", ""eps"": 0.001, ""max_iters"": 15, ""rel_tol"": ""-inf"", ""final"": ""float""}","{""bits"": 8, ""dtype"": ""qint8"", ""step"": 0.0068830568343400955, ""dc"": {""scale"": 0.054016318172216415, ""zero_point"": -81, ""grid_min"": -2.5387669540941715, ""grid_max"": 11.235394179821014, ""codebook_min"": -2.407053232192993, ""codebook_max"": 6.771260738372803, ""n_outside_grid"": 0, ""n_values"": 12288}, ""rest"": {""scale"": 0.0068830568343400955, ""zero_point"": -4, ""grid_min"": -0.8534990474581718, ""grid_max"": 0.9016804452985525, ""codebook_min"": -2.4971883296966553, ""codebook_max"": 3.6975295543670654, ""n_outside_grid"": 257, ""n_values"": 184320}}","{""dc_scale"": 0.054016318172216415, ""dc_zero_point"": -81, ""rest_scale"": 0.0068830568343400955, ""rest_zero_point"": -4}",64.13320696799929,4332666880,5328863232,3014402048,3157016576,True,8a32514f9d7cce169b0d5b42b632881a10c21538,12.058895587921143,1995.531575202942,4969824256,6150946816,4456083456,187b6095ffe3135c7769d73a9caefcd03a5273d8,2a234af55fbe8b90c8829c1436ce80088c4b622b,49ccae72e75eec9877354ed72074827531f7fd79,c0e34e8efa57,2026-10-02T13:31:39
train,p1_ogc,0,6e-07,1,ogc,fork,0,ok,,,cuda,,0.01,0.001,1026508,115907,107525,803076,21.645626068115234,0.7991343140602112,0.2249831110239029,14347621,13.682957649230957,14.347621,12.774478681537184,111621,11.653013055348099,4096,"{""quantization"": {""compressed_bytes"": 67, ""uncompressed_bytes"": 129}, ""xyz"": {""compressed_bytes"": 4013367, ""uncompressed_bytes"": 5463734}, ""features_dc"": {""compressed_bytes"": 258521, ""uncompressed_bytes"": 334991}, ""features_dc_scale"": {""compressed_bytes"": 72, ""uncompressed_bytes"": 132}, ""features_dc_zero_point"": {""compressed_bytes"": 73, ""uncompressed_bytes"": 132}, ""features_rest"": {""compressed_bytes"": 3277825, ""uncompressed_bytes"": 5023073}, ""features_rest_scale"": {""compressed_bytes"": 72, ""uncompressed_bytes"": 132}, ""features_rest_zero_point"": {""compressed_bytes"": 73, ""uncompressed_bytes"": 132}, ""opacity"": {""compressed_bytes"": 789622, ""uncompressed_bytes"": 910729}, ""opacity_scale"": {""compressed_bytes"": 72, ""uncompressed_bytes"": 132}, ""opacity_zero_point"": {""compressed_bytes"": 73, ""uncompressed_bytes"": 132}, ""feature_indices"": {""compressed_bytes"": 1820720, ""uncompressed_bytes"": 3642532}, ""gaussian_indices"": {""compressed_bytes"": 1989654, ""uncompressed_bytes"": 3642532}, ""scaling"": {""compressed_bytes"": 600351, ""uncompressed_bytes"": 843839}, ""scaling_scale"": {""compressed_bytes"": 72, ""uncompressed_bytes"": 132}, ""scaling_zero_point"": {""compressed_bytes"": 73, ""uncompressed_bytes"": 132}, ""scaling_factor"": {""compressed_bytes"": 706943, ""uncompressed_bytes"": 910729}, ""scaling_factor_scale"": {""compressed_bytes"": 72, ""uncompressed_bytes"": 132}, ""scaling_factor_zero_point"": {""compressed_bytes"": 72, ""uncompressed_bytes"": 132}, ""rotation"": {""compressed_bytes"": 886716, ""uncompressed_bytes"": 1125076}, ""rotation_scale"": {""compressed_bytes"": 72, ""uncompressed_bytes"": 132}, ""rotation_zero_point"": {""compressed_bytes"": 73, ""uncompressed_bytes"": 132}}",21.1719647959659,0.7839632661719071,0.22593733158550763,"[24.74282455444336, 22.586475372314453, 25.644376754760742, 22.142004013061523, 23.640613555908203, 24.85410499572754, 22.547521591186523, 22.14327621459961, 23.360782623291016, 23.440471649169922, 22.383724212646484, 17.268281936645508, 17.965335845947266, 18.8951358795166, 18.75110626220703, 19.900955200195312, 18.306917190551758, 22.151430130004883, 19.701698303222656, 22.174999237060547, 18.797883987426758, 21.647966384887695, 22.78495216369629, 22.575632095336914, 18.24297523498535, 19.683509826660156, 22.285627365112305, 18.704387664794922, 18.56049919128418, 25.369380950927734, 23.31327247619629, 25.834951400756836, 24.059051513671875, 13.045273780822754, 18.982038497924805, 15.980755805969238, 21.18852996826172, 20.875938415527344]","[[980, 545]]",38,7.5745518439998705,"{""-40"": 36.24402814162405, ""-20"": 34.64523857518246, ""-10"": 36.149503205951895, ""0"": 37.23821288660953, ""10"": 35.39310269606741, ""20"": 35.64300762979608, ""40"": 34.490462252968236}","{""-40"": 34.56545671637092, ""-20"": 32.85283610357405, ""-10"": 35.32648017644163, ""0"": 36.90134144321333, ""10"": 32.7150691614885, ""20"": 32.93462592126802, ""40"": 32.68345191652691}",2.6819101320006666,834467328,3561861120,,,,,,,"{""bits"": 8, ""dtype"": ""qint8"", ""step"": 0.0068830568343400955, ""dc"": {""scale"": 0.054016318172216415, ""zero_point"": -81, ""grid_min"": -2.5387669540941715, ""grid_max"": 11.235394179821014, ""codebook_min"": -2.406047821044922, ""codebook_max"": 6.769942760467529, ""n_outside_grid"": 0, ""n_values"": 12288}, ""rest"": {""scale"": 0.0068830568343400955, ""zero_point"": -4, ""grid_min"": -0.8534990474581718, ""grid_max"": 0.9016804452985525, ""codebook_min"": -2.581881523132324, ""codebook_max"": 3.6975207328796387, ""n_outside_grid"": 250, ""n_values"": 184320}}","{""dc_scale"": 0.054016318172216415, ""dc_zero_point"": -81, ""rest_scale"": 0.0068830568343400955, ""rest_zero_point"": -4}",25.885632935999638,4936653312,6150946816,3014402048,4456513536,True,8a32514f9d7cce169b0d5b42b632881a10c21538,12.0016930103302,1995.531575202942,4969824256,6150946816,4456083456,187b6095ffe3135c7769d73a9caefcd03a5273d8,2a234af55fbe8b90c8829c1436ce80088c4b622b,49ccae72e75eec9877354ed72074827531f7fd79,c0e34e8efa57,2026-10-02T13:31:39
train,p1_ogc_lamcv,0,6e-07,1,ogc_lamcv,fork,0,alias,lam_cv = 1e-3: ogc_lamcv is ogc and is not run again (Amendment 16 b),ogc,cuda,,0.01,0.001,1026508,115907,107525,803076,21.645626068115234,0.7991343140602112,0.2249831110239029,14347621,13.682957649230957,14.347621,12.774478681537184,111621,11.653013055348099,4096,"{""quantization"": {""compressed_bytes"": 67, ""uncompressed_bytes"": 129}, ""xyz"": {""compressed_bytes"": 4013367, ""uncompressed_bytes"": 5463734}, ""features_dc"": {""compressed_bytes"": 258521, ""uncompressed_bytes"": 334991}, ""features_dc_scale"": {""compressed_bytes"": 72, ""uncompressed_bytes"": 132}, ""features_dc_zero_point"": {""compressed_bytes"": 73, ""uncompressed_bytes"": 132}, ""features_rest"": {""compressed_bytes"": 3277825, ""uncompressed_bytes"": 5023073}, ""features_rest_scale"": {""compressed_bytes"": 72, ""uncompressed_bytes"": 132}, ""features_rest_zero_point"": {""compressed_bytes"": 73, ""uncompressed_bytes"": 132}, ""opacity"": {""compressed_bytes"": 789622, ""uncompressed_bytes"": 910729}, ""opacity_scale"": {""compressed_bytes"": 72, ""uncompressed_bytes"": 132}, ""opacity_zero_point"": {""compressed_bytes"": 73, ""uncompressed_bytes"": 132}, ""feature_indices"": {""compressed_bytes"": 1820720, ""uncompressed_bytes"": 3642532}, ""gaussian_indices"": {""compressed_bytes"": 1989654, ""uncompressed_bytes"": 3642532}, ""scaling"": {""compressed_bytes"": 600351, ""uncompressed_bytes"": 843839}, ""scaling_scale"": {""compressed_bytes"": 72, ""uncompressed_bytes"": 132}, ""scaling_zero_point"": {""compressed_bytes"": 73, ""uncompressed_bytes"": 132}, ""scaling_factor"": {""compressed_bytes"": 706943, ""uncompressed_bytes"": 910729}, ""scaling_factor_scale"": {""compressed_bytes"": 72, ""uncompressed_bytes"": 132}, ""scaling_factor_zero_point"": {""compressed_bytes"": 72, ""uncompressed_bytes"": 132}, ""rotation"": {""compressed_bytes"": 886716, ""uncompressed_bytes"": 1125076}, ""rotation_scale"": {""compressed_bytes"": 72, ""uncompressed_bytes"": 132}, ""rotation_zero_point"": {""compressed_bytes"": 73, ""uncompressed_bytes"": 132}}",21.1719647959659,0.7839632661719071,0.22593733158550763,"[24.74282455444336, 22.586475372314453, 25.644376754760742, 22.142004013061523, 23.640613555908203, 24.85410499572754, 22.547521591186523, 22.14327621459961, 23.360782623291016, 23.440471649169922, 22.383724212646484, 17.268281936645508, 17.965335845947266, 18.8951358795166, 18.75110626220703, 19.900955200195312, 18.306917190551758, 22.151430130004883, 19.701698303222656, 22.174999237060547, 18.797883987426758, 21.647966384887695, 22.78495216369629, 22.575632095336914, 18.24297523498535, 19.683509826660156, 22.285627365112305, 18.704387664794922, 18.56049919128418, 25.369380950927734, 23.31327247619629, 25.834951400756836, 24.059051513671875, 13.045273780822754, 18.982038497924805, 15.980755805969238, 21.18852996826172, 20.875938415527344]","[[980, 545]]",38,7.5745518439998705,"{""-40"": 36.24402814162405, ""-20"": 34.64523857518246, ""-10"": 36.149503205951895, ""0"": 37.23821288660953, ""10"": 35.39310269606741, ""20"": 35.64300762979608, ""40"": 34.490462252968236}","{""-40"": 34.56545671637092, ""-20"": 32.85283610357405, ""-10"": 35.32648017644163, ""0"": 36.90134144321333, ""10"": 32.7150691614885, ""20"": 32.93462592126802, ""40"": 32.68345191652691}",2.6819101320006666,834467328,3561861120,,,,,,,"{""bits"": 8, ""dtype"": ""qint8"", ""step"": 0.0068830568343400955, ""dc"": {""scale"": 0.054016318172216415, ""zero_point"": -81, ""grid_min"": -2.5387669540941715, ""grid_max"": 11.235394179821014, ""codebook_min"": -2.406047821044922, ""codebook_max"": 6.769942760467529, ""n_outside_grid"": 0, ""n_values"": 12288}, ""rest"": {""scale"": 0.0068830568343400955, ""zero_point"": -4, ""grid_min"": -0.8534990474581718, ""grid_max"": 0.9016804452985525, ""codebook_min"": -2.581881523132324, ""codebook_max"": 3.6975207328796387, ""n_outside_grid"": 250, ""n_values"": 184320}}","{""dc_scale"": 0.054016318172216415, ""dc_zero_point"": -81, ""rest_scale"": 0.0068830568343400955, ""rest_zero_point"": -4}",25.885632935999638,4936653312,6150946816,3014402048,4456513536,True,8a32514f9d7cce169b0d5b42b632881a10c21538,12.0016930103302,1995.531575202942,4969824256,6150946816,4456083456,187b6095ffe3135c7769d73a9caefcd03a5273d8,2a234af55fbe8b90c8829c1436ce80088c4b622b,49ccae72e75eec9877354ed72074827531f7fd79,c0e34e8efa57,2026-10-02T13:31:39
train,j-2_p0_c3dgs,-2,6.666666666666665e-08,0,c3dgs,fork,0,ok,,,cuda,,0.01,0.001,1026508,115907,474552,436049,21.69948387145996,0.802040696144104,0.22209182381629944,26350534,25.12982749938965,26.350534,14.932681483805366,476796,8.577104482236273,2244,"{""quantization"": {""compressed_bytes"": 67, ""uncompressed_bytes"": 129}, ""xyz"": {""compressed_bytes"": 4013367, ""uncompressed_bytes"": 5463734}, ""features_dc"": {""compressed_bytes"": 1127053, ""uncompressed_bytes"": 1436072}, ""features_dc_scale"": {""compressed_bytes"": 72, ""uncompressed_bytes"": 132}, ""features_dc_zero_point"": {""compressed_bytes"": 73, ""uncompressed_bytes"": 132}, ""features_rest"": {""compressed_bytes"": 14075098, ""uncompressed_bytes"": 21539288}, ""features_rest_scale"": {""compressed_bytes"": 72, ""uncompressed_bytes"": 132}, ""features_rest_zero_point"": {""compressed_bytes"": 73, ""uncompressed_bytes"": 132}, ""opacity"": {""compressed_bytes"": 789622, ""uncompressed_bytes"": 910729}, ""opacity_scale"": {""compressed_bytes"": 72, ""uncompressed_bytes"": 132}, ""opacity_zero_point"": {""compressed_bytes"": 73, ""uncompressed_bytes"": 132}, ""feature_indices"": {""compressed_bytes"": 2155059, ""uncompressed_bytes"": 3642532}, ""gaussian_indices"": {""compressed_bytes"": 1992421, ""uncompressed_bytes"": 3642532}, ""scaling"": {""compressed_bytes"": 600351, ""uncompressed_bytes"": 843839}, ""scaling_scale"": {""compressed_bytes"": 72, ""uncompressed_bytes"": 132}, ""scaling_zero_point"": {""compressed_bytes"": 73, ""uncompressed_bytes"": 132}, ""scaling_factor"": {""compressed_bytes"": 706943, ""uncompressed_bytes"": 910729}, ""scaling_factor_scale"": {""compressed_bytes"": 72, ""uncompressed_bytes"": 132}, ""scaling_factor_zero_point"": {""compressed_bytes"": 72, ""uncompressed_bytes"": 132}, ""rotation"": {""compressed_bytes"": 886718, ""uncompressed_bytes"": 1125076}, ""rotation_scale"": {""compressed_bytes"": 72, ""uncompressed_bytes"": 132}, ""rotation_zero_point"": {""compressed_bytes"": 73, ""uncompressed_bytes"": 132}}",21.20679898011057,0.7866067651071047,0.2232589639331165,"[24.795591354370117, 22.6103458404541, 25.7393741607666, 22.199922561645508, 23.68610191345215, 24.922733306884766, 22.61880111694336, 22.18691635131836, 23.421335220336914, 23.49227523803711, 22.3880615234375, 17.312665939331055, 17.96137046813965, 18.950756072998047, 18.776086807250977, 19.925474166870117, 18.294099807739258, 22.182092666625977, 19.742887496948242, 22.214834213256836, 18.82325553894043, 21.686922073364258, 22.817909240722656, 22.592527389526367, 18.377519607543945, 19.700294494628906, 22.312036514282227, 18.720195770263672, 18.583646774291992, 25.33376121520996, 23.375972747802734, 25.880435943603516, 24.09123992919922, 13.021265983581543, 19.03589630126953, 16.009965896606445, 21.19475746154785, 20.879032135009766]","[[980, 545]]",38,7.542589745999976,"{""-40"": 38.5860844662315, ""-20"": 37.00424144142553, ""-10"": 37.82397084487112, ""0"": 38.29020319486919, ""10"": 37.04276903052079, ""20"": 38.1173946481002, ""40"": 37.562291597065176}","{""-40"": 37.919321070076656, ""-20"": 36.3088867497292, ""-10"": 37.35032269053824, ""0"": 37.895642715841376, ""10"": 33.86296399459317, ""20"": 35.86527952061275, ""40"": 36.67020670581275}",2.666256716999669,835418624,3545686016,,,,,,,"{""bits"": 8, ""dtype"": ""qint8"", ""step"": 0.0068830568343400955, ""dc"": {""scale"": 0.054016318172216415, ""zero_point"": -81, ""grid_min"": -2.5387669540941715, ""grid_max"": 11.235394179821014, ""codebook_min"": -1.799713134765625, ""codebook_max"": 5.2329816818237305, ""n_outside_grid"": 0, ""n_values"": 12288}, ""rest"": {""scale"": 0.0068830568343400955, ""zero_point"": -4, ""grid_min"": -0.8534990474581718, ""grid_max"": 0.9016804452985525, ""codebook_min"": -0.4979887008666992, ""codebook_max"": 0.5073474049568176, ""n_outside_grid"": 0, ""n_values"": 184320}}","{""dc_scale"": 0.054016318172216415, ""dc_zero_point"": -81, ""rest_scale"": 0.0068830568343400955, ""rest_zero_point"": -4}",125.3842208420001,2801582592,3135242240,1926356992,1928806400,True,5f4223211c9bff46283ec4b6c5d9d372323ca60d,12.060818433761597,643.0909957885742,4899365376,5718933504,4018237440,187b6095ffe3135c7769d73a9caefcd03a5273d8,2a234af55fbe8b90c8829c1436ce80088c4b622b,49ccae72e75eec9877354ed72074827531f7fd79,c0e34e8efa57,2026-10-02T13:44:04
train,j-2_p0_gnvq_cv,-2,6.666666666666665e-08,0,gnvq_cv,fork,0,ok,,,cuda,0.01,0.01,0.001,1026508,115907,474552,436049,21.699180603027344,0.8023543953895569,0.22154968976974487,26462764,25.236858367919922,26.462764,15.271733553390982,476831,9.285146820635697,2279,"{""quantization"": {""compressed_bytes"": 67, ""uncompressed_bytes"": 129}, ""xyz"": {""compressed_bytes"": 4013367, ""uncompressed_bytes"": 5463734}, ""features_dc"": {""compressed_bytes"": 1127016, ""uncompressed_bytes"": 1436072}, ""features_dc_scale"": {""compressed_bytes"": 72, ""uncompressed_bytes"": 132}, ""features_dc_zero_point"": {""compressed_bytes"": 73, ""uncompressed_bytes"": 132}, ""features_rest"": {""compressed_bytes"": 14087159, ""uncompressed_bytes"": 21539288}, ""features_rest_scale"": {""compressed_bytes"": 72, ""uncompressed_bytes"": 132}, ""features_rest_zero_point"": {""compressed_bytes"": 73, ""uncompressed_bytes"": 132}, ""opacity"": {""compressed_bytes"": 789622, ""uncompressed_bytes"": 910729}, ""opacity_scale"": {""compressed_bytes"": 72, ""uncompressed_bytes"": 132}, ""opacity_zero_point"": {""compressed_bytes"": 73, ""uncompressed_bytes"": 132}, ""feature_indices"": {""compressed_bytes"": 2255265, ""uncompressed_bytes"": 3642532}, ""gaussian_indices"": {""compressed_bytes"": 1992421, ""uncompressed_bytes"": 3642532}, ""scaling"": {""compressed_bytes"": 600351, ""uncompressed_bytes"": 843839}, ""scaling_scale"": {""compressed_bytes"": 72, ""uncompressed_bytes"": 132}, ""scaling_zero_point"": {""compressed_bytes"": 73, ""uncompressed_bytes"": 132}, ""scaling_factor"": {""compressed_bytes"": 706943, ""uncompressed_bytes"": 910729}, ""scaling_factor_scale"": {""compressed_bytes"": 72, ""uncompressed_bytes"": 132}, ""scaling_factor_zero_point"": {""compressed_bytes"": 72, ""uncompressed_bytes"": 132}, ""rotation"": {""compressed_bytes"": 886718, ""uncompressed_bytes"": 1125076}, ""rotation_scale"": {""compressed_bytes"": 72, ""uncompressed_bytes"": 132}, ""rotation_zero_point"": {""compressed_bytes"": 73, ""uncompressed_bytes"": 132}}",21.216303223057796,0.7871086150407791,0.2226216255834228,"[24.8133544921875, 22.636241912841797, 25.770906448364258, 22.20098114013672, 23.712902069091797, 24.934228897094727, 22.613985061645508, 22.192651748657227, 23.435762405395508, 23.484342575073242, 22.389663696289062, 17.313140869140625, 17.960060119628906, 18.961429595947266, 18.804000854492188, 19.946147918701172, 18.30971908569336, 22.196823120117188, 19.74017906188965, 22.223535537719727, 18.820621490478516, 21.699552536010742, 22.879596710205078, 22.57740020751953, 18.429950714111328, 19.719640731811523, 22.325965881347656, 18.730785369873047, 18.560089111328125, 25.318748474121094, 23.376502990722656, 25.907760620117188, 24.086153030395508, 12.994207382202148, 19.04010772705078, 16.02086067199707, 21.205522537231445, 20.88599967956543]","[[980, 545]]",38,7.267992680999669,"{""-40"": 38.74904742993807, ""-20"": 37.262428635045104, ""-10"": 38.12453987723902, ""0"": 38.66759400618704, ""10"": 37.247557389108756, ""20"": 38.28908287851434, ""40"": 37.53021717071533}","{""-40"": 38.032357128758505, ""-20"": 36.47948542372188, ""-10"": 37.61927483120373, ""0"": 38.26409818207453, ""10"": 33.82832953513242, ""20"": 35.86104578437198, ""40"": 36.39821443793565}",2.6674004429996785,834250240,3571326976,20,max_iters,0.003015944668972038,,53.28669239699957,"{""rho"": ""cv"", ""start"": ""c3dgs"", ""reseed"": false, ""clip"": ""global"", ""update"": ""ridge"", ""eps"": 0.01, ""max_iters"": 20, ""rel_tol"": 0.001, ""final"": ""int8""}","{""bits"": 8, ""dtype"": ""qint8"", ""step"": 0.0068830568343400955, ""dc"": {""scale"": 0.054016318172216415, ""zero_point"": -81, ""grid_min"": -2.5387669540941715, ""grid_max"": 11.235394179821014, ""codebook_min"": -1.6453163623809814, ""codebook_max"": 4.411814212799072, ""n_outside_grid"": 0, ""n_values"": 12288}, ""rest"": {""scale"": 0.0068830568343400955, ""zero_point"": -4, ""grid_min"": -0.8534990474581718, ""grid_max"": 0.9016804452985525, ""codebook_min"": -1.0006104707717896, ""codebook_max"": 1.352373719215393, ""n_outside_grid"": 8, ""n_values"": 184320}}","{""dc_scale"": 0.054016318172216415, ""dc_zero_point"": -81, ""rest_scale"": 0.0068830568343400955, ""rest_zero_point"": -4}",53.494720554000196,3979942400,4483710976,2726522880,2882146304,True,5f4223211c9bff46283ec4b6c5d9d372323ca60d,11.818961381912231,643.0909957885742,4899365376,5718933504,4018237440,187b6095ffe3135c7769d73a9caefcd03a5273d8,2a234af55fbe8b90c8829c1436ce80088c4b622b,49ccae72e75eec9877354ed72074827531f7fd79,c0e34e8efa57,2026-10-02T13:44:04
train,j-2_p0_ogc,-2,6.666666666666665e-08,0,ogc,fork,0,ok,,,cuda,,0.01,0.001,1026508,115907,474552,436049,21.700105667114258,0.8026154637336731,0.22131304442882538,26669207,25.433737754821777,26.669207,16.391434802520806,478648,11.623418613848997,4096,"{""quantization"": {""compressed_bytes"": 67, ""uncompressed_bytes"": 129}, ""xyz"": {""compressed_bytes"": 4013367, ""uncompressed_bytes"": 5463734}, ""features_dc"": {""compressed_bytes"": 1131134, ""uncompressed_bytes"": 1436072}, ""features_dc_scale"": {""compressed_bytes"": 72, ""uncompressed_bytes"": 132}, ""features_dc_zero_point"": {""compressed_bytes"": 73, ""uncompressed_bytes"": 132}, ""features_rest"": {""compressed_bytes"": 14158019, ""uncompressed_bytes"": 21539288}, ""features_rest_scale"": {""compressed_bytes"": 72, ""uncompressed_bytes"": 132}, ""features_rest_zero_point"": {""compressed_bytes"": 73, ""uncompressed_bytes"": 132}, ""opacity"": {""compressed_bytes"": 789622, ""uncompressed_bytes"": 910729}, ""opacity_scale"": {""compressed_bytes"": 72, ""uncompressed_bytes"": 132}, ""opacity_zero_point"": {""compressed_bytes"": 73, ""uncompressed_bytes"": 132}, ""feature_indices"": {""compressed_bytes"": 2386730, ""uncompressed_bytes"": 3642532}, ""gaussian_indices"": {""compressed_bytes"": 1992421, ""uncompressed_bytes"": 3642532}, ""scaling"": {""compressed_bytes"": 600351, ""uncompressed_bytes"": 843839}, ""scaling_scale"": {""compressed_bytes"": 72, ""uncompressed_bytes"": 132}, ""scaling_zero_point"": {""compressed_bytes"": 73, ""uncompressed_bytes"": 132}, ""scaling_factor"": {""compressed_bytes"": 706943, ""uncompressed_bytes"": 910729}, ""scaling_factor_scale"": {""compressed_bytes"": 72, ""uncompressed_bytes"": 132}, ""scaling_factor_zero_point"": {""compressed_bytes"": 72, ""uncompressed_bytes"": 132}, ""rotation"": {""compressed_bytes"": 886718, ""uncompressed_bytes"": 1125076}, ""rotation_scale"": {""compressed_bytes"": 72, ""uncompressed_bytes"": 132}, ""rotation_zero_point"": {""compressed_bytes"": 73, ""uncompressed_bytes"": 132}}",21.22087691959582,0.7873280299337286,0.22234733245874705,"[24.812583923339844, 22.641937255859375, 25.771459579467773, 22.20060920715332, 23.716121673583984, 24.941123962402344, 22.61236572265625, 22.194116592407227, 23.430076599121094, 23.486892700195312, 22.3951358795166, 17.315507888793945, 17.974767684936523, 18.96858787536621, 18.813968658447266, 19.950439453125, 18.309263229370117, 22.19976234436035, 19.740249633789062, 22.226642608642578, 18.82694435119629, 21.707231521606445, 22.878273010253906, 22.573701858520508, 18.437944412231445, 19.73027801513672, 22.32877540588379, 18.74354362487793, 18.555788040161133, 25.34246063232422, 23.37501335144043, 25.926305770874023, 24.09364891052246, 12.992705345153809, 19.056352615356445, 16.016189575195312, 21.215383529663086, 20.891170501708984]","[[980, 545]]",38,7.351348367000355,"{""-40"": 38.81022152147795, ""-20"": 37.37643538023296, ""-10"": 38.21325041118421, ""0"": 38.78509832683363, ""10"": 37.34822323447779, ""20"": 38.265325144717565, ""40"": 37.50324485176488}","{""-40"": 37.99720743147074, ""-20"": 36.46842565038061, ""-10"": 37.67679508106407, ""0"": 38.37269414805822, ""10"": 33.91877373789142, ""20"": 36.01517562974409, ""40"": 35.86669981139433}",2.660301496000102,834269696,3571326976,,,,,,,"{""bits"": 8, ""dtype"": ""qint8"", ""step"": 0.0068830568343400955, ""dc"": {""scale"": 0.054016318172216415, ""zero_point"": -81, ""grid_min"": -2.5387669540941715, ""grid_max"": 11.235394179821014, ""codebook_min"": -2.397407293319702, ""codebook_max"": 11.23514175415039, ""n_outside_grid"": 0, ""n_values"": 12288}, ""rest"": {""scale"": 0.0068830568343400955, ""zero_point"": -4, ""grid_min"": -0.8534990474581718, ""grid_max"": 0.9016804452985525, ""codebook_min"": -2.345057725906372, ""codebook_max"": 2.4242937564849854, ""n_outside_grid"": 429, ""n_values"": 184320}}","{""dc_scale"": 0.054016318172216415, ""dc_zero_point"": -81, ""rest_scale"": 0.0068830568343400955, ""rest_zero_point"": -4}",13.818320536000101,4597903872,5716836352,2779172864,3564277760,True,5f4223211c9bff46283ec4b6c5d9d372323ca60d,11.969490766525269,643.0909957885742,4899365376,5718933504,4018237440,187b6095ffe3135c7769d73a9caefcd03a5273d8,2a234af55fbe8b90c8829c1436ce80088c4b622b,49ccae72e75eec9877354ed72074827531f7fd79,c0e34e8efa57,2026-10-02T13:44:04
train,j-2_p0_ogc_lamcv,-2,6.666666666666665e-08,0,ogc_lamcv,fork,0,alias,lam_cv = 1e-3: ogc_lamcv is ogc and is not run again (Amendment 16 b),ogc,cuda,,0.01,0.001,1026508,115907,474552,436049,21.700105667114258,0.8026154637336731,0.22131304442882538,26669207,25.433737754821777,26.669207,16.391434802520806,478648,11.623418613848997,4096,"{""quantization"": {""compressed_bytes"": 67, ""uncompressed_bytes"": 129}, ""xyz"": {""compressed_bytes"": 4013367, ""uncompressed_bytes"": 5463734}, ""features_dc"": {""compressed_bytes"": 1131134, ""uncompressed_bytes"": 1436072}, ""features_dc_scale"": {""compressed_bytes"": 72, ""uncompressed_bytes"": 132}, ""features_dc_zero_point"": {""compressed_bytes"": 73, ""uncompressed_bytes"": 132}, ""features_rest"": {""compressed_bytes"": 14158019, ""uncompressed_bytes"": 21539288}, ""features_rest_scale"": {""compressed_bytes"": 72, ""uncompressed_bytes"": 132}, ""features_rest_zero_point"": {""compressed_bytes"": 73, ""uncompressed_bytes"": 132}, ""opacity"": {""compressed_bytes"": 789622, ""uncompressed_bytes"": 910729}, ""opacity_scale"": {""compressed_bytes"": 72, ""uncompressed_bytes"": 132}, ""opacity_zero_point"": {""compressed_bytes"": 73, ""uncompressed_bytes"": 132}, ""feature_indices"": {""compressed_bytes"": 2386730, ""uncompressed_bytes"": 3642532}, ""gaussian_indices"": {""compressed_bytes"": 1992421, ""uncompressed_bytes"": 3642532}, ""scaling"": {""compressed_bytes"": 600351, ""uncompressed_bytes"": 843839}, ""scaling_scale"": {""compressed_bytes"": 72, ""uncompressed_bytes"": 132}, ""scaling_zero_point"": {""compressed_bytes"": 73, ""uncompressed_bytes"": 132}, ""scaling_factor"": {""compressed_bytes"": 706943, ""uncompressed_bytes"": 910729}, ""scaling_factor_scale"": {""compressed_bytes"": 72, ""uncompressed_bytes"": 132}, ""scaling_factor_zero_point"": {""compressed_bytes"": 72, ""uncompressed_bytes"": 132}, ""rotation"": {""compressed_bytes"": 886718, ""uncompressed_bytes"": 1125076}, ""rotation_scale"": {""compressed_bytes"": 72, ""uncompressed_bytes"": 132}, ""rotation_zero_point"": {""compressed_bytes"": 73, ""uncompressed_bytes"": 132}}",21.22087691959582,0.7873280299337286,0.22234733245874705,"[24.812583923339844, 22.641937255859375, 25.771459579467773, 22.20060920715332, 23.716121673583984, 24.941123962402344, 22.61236572265625, 22.194116592407227, 23.430076599121094, 23.486892700195312, 22.3951358795166, 17.315507888793945, 17.974767684936523, 18.96858787536621, 18.813968658447266, 19.950439453125, 18.309263229370117, 22.19976234436035, 19.740249633789062, 22.226642608642578, 18.82694435119629, 21.707231521606445, 22.878273010253906, 22.573701858520508, 18.437944412231445, 19.73027801513672, 22.32877540588379, 18.74354362487793, 18.555788040161133, 25.34246063232422, 23.37501335144043, 25.926305770874023, 24.09364891052246, 12.992705345153809, 19.056352615356445, 16.016189575195312, 21.215383529663086, 20.891170501708984]","[[980, 545]]",38,7.351348367000355,"{""-40"": 38.81022152147795, ""-20"": 37.37643538023296, ""-10"": 38.21325041118421, ""0"": 38.78509832683363, ""10"": 37.34822323447779, ""20"": 38.265325144717565, ""40"": 37.50324485176488}","{""-40"": 37.99720743147074, ""-20"": 36.46842565038061, ""-10"": 37.67679508106407, ""0"": 38.37269414805822, ""10"": 33.91877373789142, ""20"": 36.01517562974409, ""40"": 35.86669981139433}",2.660301496000102,834269696,3571326976,,,,,,,"{""bits"": 8, ""dtype"": ""qint8"", ""step"": 0.0068830568343400955, ""dc"": {""scale"": 0.054016318172216415, ""zero_point"": -81, ""grid_min"": -2.5387669540941715, ""grid_max"": 11.235394179821014, ""codebook_min"": -2.397407293319702, ""codebook_max"": 11.23514175415039, ""n_outside_grid"": 0, ""n_values"": 12288}, ""rest"": {""scale"": 0.0068830568343400955, ""zero_point"": -4, ""grid_min"": -0.8534990474581718, ""grid_max"": 0.9016804452985525, ""codebook_min"": -2.345057725906372, ""codebook_max"": 2.4242937564849854, ""n_outside_grid"": 429, ""n_values"": 184320}}","{""dc_scale"": 0.054016318172216415, ""dc_zero_point"": -81, ""rest_scale"": 0.0068830568343400955, ""rest_zero_point"": -4}",13.818320536000101,4597903872,5716836352,2779172864,3564277760,True,5f4223211c9bff46283ec4b6c5d9d372323ca60d,11.969490766525269,643.0909957885742,4899365376,5718933504,4018237440,187b6095ffe3135c7769d73a9caefcd03a5273d8,2a234af55fbe8b90c8829c1436ce80088c4b622b,49ccae72e75eec9877354ed72074827531f7fd79,c0e34e8efa57,2026-10-02T13:44:04
train,j-2_p0_lad_reseed,-2,6.666666666666665e-08,0,lad_reseed,fork,0,ok,,,cuda,0.01,0.01,0.001,1026508,115907,474552,436049,21.69995880126953,0.8025943040847778,0.22131799161434174,26635288,25.401390075683594,26.635288,16.112246186490086,478648,11.040389108114114,4096,"{""quantization"": {""compressed_bytes"": 67, ""uncompressed_bytes"": 129}, ""xyz"": {""compressed_bytes"": 4013367, ""uncompressed_bytes"": 5463734}, ""features_dc"": {""compressed_bytes"": 1131069, ""uncompressed_bytes"": 1436072}, ""features_dc_scale"": {""compressed_bytes"": 72, ""uncompressed_bytes"": 132}, ""features_dc_zero_point"": {""compressed_bytes"": 73, ""uncompressed_bytes"": 132}, ""features_rest"": {""compressed_bytes"": 14153875, ""uncompressed_bytes"": 21539288}, ""features_rest_scale"": {""compressed_bytes"": 72, ""uncompressed_bytes"": 132}, ""features_rest_zero_point"": {""compressed_bytes"": 73, ""uncompressed_bytes"": 132}, ""opacity"": {""compressed_bytes"": 789622, ""uncompressed_bytes"": 910729}, ""opacity_scale"": {""compressed_bytes"": 72, ""uncompressed_bytes"": 132}, ""opacity_zero_point"": {""compressed_bytes"": 73, ""uncompressed_bytes"": 132}, ""feature_indices"": {""compressed_bytes"": 2357020, ""uncompressed_bytes"": 3642532}, ""gaussian_indices"": {""compressed_bytes"": 1992421, ""uncompressed_bytes"": 3642532}, ""scaling"": {""compressed_bytes"": 600351, ""uncompressed_bytes"": 843839}, ""scaling_scale"": {""compressed_bytes"": 72, ""uncompressed_bytes"": 132}, ""scaling_zero_point"": {""compressed_bytes"": 73, ""uncompressed_bytes"": 132}, ""scaling_factor"": {""compressed_bytes"": 706943, ""uncompressed_bytes"": 910729}, ""scaling_factor_scale"": {""compressed_bytes"": 72, ""uncompressed_bytes"": 132}, ""scaling_factor_zero_point"": {""compressed_bytes"": 72, ""uncompressed_bytes"": 132}, ""rotation"": {""compressed_bytes"": 886718, ""uncompressed_bytes"": 1125076}, ""rotation_scale"": {""compressed_bytes"": 72, ""uncompressed_bytes"": 132}, ""rotation_zero_point"": {""compressed_bytes"": 73, ""uncompressed_bytes"": 132}}",21.22045218317132,0.7873105649885378,0.2223644617356752,"[24.810550689697266, 22.64166831970215, 25.772031784057617, 22.2018985748291, 23.715192794799805, 24.93765640258789, 22.611772537231445, 22.194272994995117, 23.42974281311035, 23.487178802490234, 22.39592170715332, 17.316850662231445, 17.97422218322754, 18.970426559448242, 18.81362533569336, 19.950090408325195, 18.310014724731445, 22.199050903320312, 19.740636825561523, 22.22730255126953, 18.826717376708984, 21.706558227539062, 22.8782958984375, 22.573406219482422, 18.43112564086914, 19.727136611938477, 22.324298858642578, 18.74411964416504, 18.55786895751953, 25.34332847595215, 23.376998901367188, 25.926271438598633, 24.094173431396484, 12.992379188537598, 19.0545597076416, 16.014328002929688, 21.215248107910156, 20.890260696411133]","[[980, 545]]",38,7.368032091999339,"{""-40"": 38.85273060045744, ""-20"": 37.34371506540399, ""-10"": 38.2331677487022, ""0"": 38.776886789422285, ""10"": 37.391118250395124, ""20"": 38.37146076403166, ""40"": 37.66378347497238}","{""-40"": 38.06204992079224, ""-20"": 36.51803078678559, ""-10"": 37.70934121354561, ""0"": 38.36417942520579, ""10"": 33.97301016104423, ""20"": 36.05417103677812, ""40"": 36.42069425402623}",2.66101367400006,834289152,3571326976,15,rel_tol,0.0006432675413527651,0,40.970652529999825,"{""rho"": ""cv"", ""start"": ""c3dgs"", ""reseed"": true, ""clip"": ""global"", ""update"": ""ridge"", ""eps"": 0.01, ""max_iters"": 20, ""rel_tol"": 0.001, ""final"": ""int8""}","{""bits"": 8, ""dtype"": ""qint8"", ""step"": 0.0068830568343400955, ""dc"": {""scale"": 0.054016318172216415, ""zero_point"": -81, ""grid_min"": -2.5387669540941715, ""grid_max"": 11.235394179821014, ""codebook_min"": -2.2146689891815186, ""codebook_max"": 11.235394477844238, ""n_outside_grid"": 0, ""n_values"": 12288}, ""rest"": {""scale"": 0.0068830568343400955, ""zero_point"": -4, ""grid_min"": -0.8534990474581718, ""grid_max"": 0.9016804452985525, ""codebook_min"": -1.0395455360412598, ""codebook_max"": 1.7826547622680664, ""n_outside_grid"": 269, ""n_values"": 184320}}","{""dc_scale"": 0.054016318172216415, ""dc_zero_point"": -81, ""rest_scale"": 0.0068830568343400955, ""rest_zero_point"": -4}",41.16455612499976,3989410304,5718933504,2782867456,2873323520,True,5f4223211c9bff46283ec4b6c5d9d372323ca60d,11.708003044128418,643.0909957885742,4899365376,5718933504,4018237440,187b6095ffe3135c7769d73a9caefcd03a5273d8,2a234af55fbe8b90c8829c1436ce80088c4b622b,49ccae72e75eec9877354ed72074827531f7fd79,c0e34e8efa57,2026-10-02T13:44:04
train,j-1_p0_c3dgs,-1,2e-07,0,c3dgs,fork,0,ok,,,cuda,,0.01,0.001,1026508,115907,274436,636165,21.652128219604492,0.7989644408226013,0.22564055025577545,19545024,18.63958740234375,19.545024,12.532897647043907,276847,8.882042735591174,2411,"{""quantization"": {""compressed_bytes"": 67, ""uncompressed_bytes"": 129}, ""xyz"": {""compressed_bytes"": 4013367, ""uncompressed_bytes"": 5463734}, ""features_dc"": {""compressed_bytes"": 647174, ""uncompressed_bytes"": 835724}, ""features_dc_scale"": {""compressed_bytes"": 72, ""uncompressed_bytes"": 132}, ""features_dc_zero_point"": {""compressed_bytes"": 73, ""uncompressed_bytes"": 132}, ""features_rest"": {""compressed_bytes"": 8123523, ""uncompressed_bytes"": 12534068}, ""features_rest_scale"": {""compressed_bytes"": 72, ""uncompressed_bytes"": 132}, ""features_rest_zero_point"": {""compressed_bytes"": 73, ""uncompressed_bytes"": 132}, ""opacity"": {""compressed_bytes"": 789622, ""uncompressed_bytes"": 910729}, ""opacity_scale"": {""compressed_bytes"": 72, ""uncompressed_bytes"": 132}, ""opacity_zero_point"": {""compressed_bytes"": 73, ""uncompressed_bytes"": 132}, ""feature_indices"": {""compressed_bytes"": 1781199, ""uncompressed_bytes"": 3642532}, ""gaussian_indices"": {""compressed_bytes"": 1992227, ""uncompressed_bytes"": 3642532}, ""scaling"": {""compressed_bytes"": 600341, ""uncompressed_bytes"": 843839}, ""scaling_scale"": {""compressed_bytes"": 72, ""uncompressed_bytes"": 132}, ""scaling_zero_point"": {""compressed_bytes"": 73, ""uncompressed_bytes"": 132}, ""scaling_factor"": {""compressed_bytes"": 706943, ""uncompressed_bytes"": 910729}, ""scaling_factor_scale"": {""compressed_bytes"": 72, ""uncompressed_bytes"": 132}, ""scaling_factor_zero_point"": {""compressed_bytes"": 72, ""uncompressed_bytes"": 132}, ""rotation"": {""compressed_bytes"": 886726, ""uncompressed_bytes"": 1125076}, ""rotation_scale"": {""compressed_bytes"": 72, ""uncompressed_bytes"": 132}, ""rotation_zero_point"": {""compressed_bytes"": 73, ""uncompressed_bytes"": 132}}",21.147998533750837,0.7833219147042224,0.2268572394785128,"[24.681325912475586, 22.519180297851562, 25.62708282470703, 22.124940872192383, 23.58403968811035, 24.831167221069336, 22.56827735900879, 22.12887954711914, 23.32382583618164, 23.435081481933594, 22.38692855834961, 17.276264190673828, 17.951026916503906, 18.899431228637695, 18.70165252685547, 19.872772216796875, 18.265644073486328, 22.126995086669922, 19.70963478088379, 22.152870178222656, 18.796018600463867, 21.616710662841797, 22.690168380737305, 22.5782470703125, 18.21139907836914, 19.630157470703125, 22.228893280029297, 18.68324089050293, 18.58124542236328, 25.281391143798828, 23.350427627563477, 25.77778434753418, 24.060638427734375, 13.007800102233887, 18.963787078857422, 15.97305679321289, 21.175395965576172, 20.850561141967773]","[[980, 545]]",38,7.474038570999255,"{""-40"": 37.14680179796721, ""-20"": 35.370753388655814, ""-10"": 36.17814726578562, ""0"": 36.60812197233501, ""10"": 35.64525845176295, ""20"": 36.952530559740566, ""40"": 36.17209043000874}","{""-40"": 36.528076942473795, ""-20"": 34.549999088303295, ""-10"": 35.80720002198389, ""0"": 36.24437098245099, ""10"": 32.952821392587644, ""20"": 35.25190228941401, ""40"": 35.31582640379546}",2.672733008999785,835406848,3554418688,,,,,,,"{""bits"": 8, ""dtype"": ""qint8"", ""step"": 0.0068830568343400955, ""dc"": {""scale"": 0.054016318172216415, ""zero_point"": -81, ""grid_min"": -2.5387669540941715, ""grid_max"": 11.235394179821014, ""codebook_min"": -1.8053089380264282, ""codebook_max"": 4.692957401275635, ""n_outside_grid"": 0, ""n_values"": 12288}, ""rest"": {""scale"": 0.0068830568343400955, ""zero_point"": -4, ""grid_min"": -0.8534990474581718, ""grid_max"": 0.9016804452985525, ""codebook_min"": -0.5275225043296814, ""codebook_max"": 0.5927274227142334, ""n_outside_grid"": 0, ""n_values"": 184320}}","{""dc_scale"": 0.054016318172216415, ""dc_zero_point"": -81, ""rest_scale"": 0.0068830568343400955, ""rest_zero_point"": -4}",126.29934697099998,2881662976,3256877056,1939394560,1941843968,True,31d77175ba801e7b12f2bccd04d98545ba0be95f,11.667446851730347,690.5340092182159,4905841152,5951717376,4043612160,187b6095ffe3135c7769d73a9caefcd03a5273d8,2a234af55fbe8b90c8829c1436ce80088c4b622b,49ccae72e75eec9877354ed72074827531f7fd79,c0e34e8efa57,2026-10-02T13:57:16
train,j-1_p0_gnvq_cv,-1,2e-07,0,gnvq_cv,fork,0,ok,,,cuda,0.01,0.01,0.001,1026508,115907,274436,636165,21.684070587158203,0.8011387586593628,0.2228795289993286,19711341,18.79819965362549,19.711341,13.028399464938913,276937,9.591299690747476,2501,"{""quantization"": {""compressed_bytes"": 67, ""uncompressed_bytes"": 129}, ""xyz"": {""compressed_bytes"": 4013367, ""uncompressed_bytes"": 5463734}, ""features_dc"": {""compressed_bytes"": 647140, ""uncompressed_bytes"": 835724}, ""features_dc_scale"": {""compressed_bytes"": 72, ""uncompressed_bytes"": 132}, ""features_dc_zero_point"": {""compressed_bytes"": 73, ""uncompressed_bytes"": 132}, ""features_rest"": {""compressed_bytes"": 8138986, ""uncompressed_bytes"": 12534068}, ""features_rest_scale"": {""compressed_bytes"": 72, ""uncompressed_bytes"": 132}, ""features_rest_zero_point"": {""compressed_bytes"": 73, ""uncompressed_bytes"": 132}, ""opacity"": {""compressed_bytes"": 789622, ""uncompressed_bytes"": 910729}, ""opacity_scale"": {""compressed_bytes"": 72, ""uncompressed_bytes"": 132}, ""opacity_zero_point"": {""compressed_bytes"": 73, ""uncompressed_bytes"": 132}, ""feature_indices"": {""compressed_bytes"": 1932087, ""uncompressed_bytes"": 3642532}, ""gaussian_indices"": {""compressed_bytes"": 1992227, ""uncompressed_bytes"": 3642532}, ""scaling"": {""compressed_bytes"": 600341, ""uncompressed_bytes"": 843839}, ""scaling_scale"": {""compressed_bytes"": 72, ""uncompressed_bytes"": 132}, ""scaling_zero_point"": {""compressed_bytes"": 73, ""uncompressed_bytes"": 132}, ""scaling_factor"": {""compressed_bytes"": 706943, ""uncompressed_bytes"": 910729}, ""scaling_factor_scale"": {""compressed_bytes"": 72, ""uncompressed_bytes"": 132}, ""scaling_factor_zero_point"": {""compressed_bytes"": 72, ""uncompressed_bytes"": 132}, ""rotation"": {""compressed_bytes"": 886726, ""uncompressed_bytes"": 1125076}, ""rotation_scale"": {""compressed_bytes"": 72, ""uncompressed_bytes"": 132}, ""rotation_zero_point"": {""compressed_bytes"": 73, ""uncompressed_bytes"": 132}}",21.190103781850713,0.78578004868407,0.22400995657632225,"[24.757535934448242, 22.60655403137207, 25.69590187072754, 22.18130874633789, 23.6623592376709, 24.897785186767578, 22.58002281188965, 22.17404556274414, 23.389455795288086, 23.45659065246582, 22.381324768066406, 17.31171226501465, 17.95277214050293, 18.944602966308594, 18.756746292114258, 19.914615631103516, 18.314533233642578, 22.17831039428711, 19.722492218017578, 22.197275161743164, 18.811023712158203, 21.654909133911133, 22.788415908813477, 22.566940307617188, 18.321123123168945, 19.680551528930664, 22.3128662109375, 18.703577041625977, 18.571470260620117, 25.322877883911133, 23.357328414916992, 25.8486270904541, 24.086078643798828, 13.031278610229492, 19.003774642944336, 16.011655807495117, 21.204782485961914, 20.870718002319336]","[[980, 545]]",38,7.271586823999314,"{""-40"": 37.86388763628508, ""-20"": 36.04178810119629, ""-10"": 37.28449475137811, ""0"": 37.971032092445775, ""10"": 36.61308298612896, ""20"": 37.62588691711426, ""40"": 36.54489813352886}","{""-40"": 37.000975126162324, ""-20"": 34.454232706091354, ""-10"": 36.761481747092155, ""0"": 37.59130314018901, ""10"": 33.40852781683123, ""20"": 35.645473331397, ""40"": 35.255607429197894}",2.6613863579987083,834235904,3575250944,20,max_iters,0.0021261756087728985,,77.11944172900076,"{""rho"": ""cv"", ""start"": ""c3dgs"", ""reseed"": false, ""clip"": ""global"", ""update"": ""ridge"", ""eps"": 0.01, ""max_iters"": 20, ""rel_tol"": 0.001, ""final"": ""int8""}","{""bits"": 8, ""dtype"": ""qint8"", ""step"": 0.0068830568343400955, ""dc"": {""scale"": 0.054016318172216415, ""zero_point"": -81, ""grid_min"": -2.5387669540941715, ""grid_max"": 11.235394179821014, ""codebook_min"": -1.6352565288543701, ""codebook_max"": 3.9640555381774902, ""n_outside_grid"": 0, ""n_values"": 12288}, ""rest"": {""scale"": 0.0068830568343400955, ""zero_point"": -4, ""grid_min"": -0.8534990474581718, ""grid_max"": 0.9016804452985525, ""codebook_min"": -0.7159525752067566, ""codebook_max"": 1.2297958135604858, ""n_outside_grid"": 9, ""n_values"": 184320}}","{""dc_scale"": 0.054016318172216415, ""dc_zero_point"": -81, ""rest_scale"": 0.0068830568343400955, ""rest_zero_point"": -4}",77.40666353100005,4132162560,4718592000,2848423936,3042508800,True,31d77175ba801e7b12f2bccd04d98545ba0be95f,11.893764972686768,690.5340092182159,4905841152,5951717376,4043612160,187b6095ffe3135c7769d73a9caefcd03a5273d8,2a234af55fbe8b90c8829c1436ce80088c4b622b,49ccae72e75eec9877354ed72074827531f7fd79,c0e34e8efa57,2026-10-02T13:57:16
train,j-1_p0_ogc,-1,2e-07,0,ogc,fork,0,ok,,,cuda,,0.01,0.001,1026508,115907,274436,636165,21.68527603149414,0.801524817943573,0.2223808616399765,19947940,19.02383804321289,19.94794,14.467744766416205,278532,11.65156592807667,4096,"{""quantization"": {""compressed_bytes"": 67, ""uncompressed_bytes"": 129}, ""xyz"": {""compressed_bytes"": 4013367, ""uncompressed_bytes"": 5463734}, ""features_dc"": {""compressed_bytes"": 650720, ""uncompressed_bytes"": 835724}, ""features_dc_scale"": {""compressed_bytes"": 72, ""uncompressed_bytes"": 132}, ""features_dc_zero_point"": {""compressed_bytes"": 73, ""uncompressed_bytes"": 132}, ""features_rest"": {""compressed_bytes"": 8200942, ""uncompressed_bytes"": 12534068}, ""features_rest_scale"": {""compressed_bytes"": 72, ""uncompressed_bytes"": 132}, ""features_rest_zero_point"": {""compressed_bytes"": 73, ""uncompressed_bytes"": 132}, ""opacity"": {""compressed_bytes"": 789622, ""uncompressed_bytes"": 910729}, ""opacity_scale"": {""compressed_bytes"": 72, ""uncompressed_bytes"": 132}, ""opacity_zero_point"": {""compressed_bytes"": 73, ""uncompressed_bytes"": 132}, ""feature_indices"": {""compressed_bytes"": 2103150, ""uncompressed_bytes"": 3642532}, ""gaussian_indices"": {""compressed_bytes"": 1992227, ""uncompressed_bytes"": 3642532}, ""scaling"": {""compressed_bytes"": 600341, ""uncompressed_bytes"": 843839}, ""scaling_scale"": {""compressed_bytes"": 72, ""uncompressed_bytes"": 132}, ""scaling_zero_point"": {""compressed_bytes"": 73, ""uncompressed_bytes"": 132}, ""scaling_factor"": {""compressed_bytes"": 706943, ""uncompressed_bytes"": 910729}, ""scaling_factor_scale"": {""compressed_bytes"": 72, ""uncompressed_bytes"": 132}, ""scaling_factor_zero_point"": {""compressed_bytes"": 72, ""uncompressed_bytes"": 132}, ""rotation"": {""compressed_bytes"": 886726, ""uncompressed_bytes"": 1125076}, ""rotation_scale"": {""compressed_bytes"": 72, ""uncompressed_bytes"": 132}, ""rotation_zero_point"": {""compressed_bytes"": 73, ""uncompressed_bytes"": 132}}",21.203429397783783,0.7862855588134966,0.22337141515393005,"[24.785568237304688, 22.629192352294922, 25.736948013305664, 22.18198013305664, 23.704423904418945, 24.91551399230957, 22.603492736816406, 22.1700382232666, 23.411409378051758, 23.46253776550293, 22.37583351135254, 17.309621810913086, 17.964284896850586, 18.92685890197754, 18.790056228637695, 19.94046401977539, 18.316938400268555, 22.18425941467285, 19.731576919555664, 22.20490837097168, 18.819765090942383, 21.68210792541504, 22.85492515563965, 22.564720153808594, 18.36997413635254, 19.699594497680664, 22.318317413330078, 18.70921516418457, 18.55746078491211, 25.327835083007812, 23.352916717529297, 25.903276443481445, 24.11148452758789, 12.988873481750488, 19.013254165649414, 16.02150535583496, 21.213483810424805, 20.875699996948242]","[[980, 545]]",38,7.331679027000064,"{""-40"": 38.04712481247751, ""-20"": 36.141587357772025, ""-10"": 37.603430898565996, ""0"": 38.33702097441021, ""10"": 36.881769832811855, ""20"": 37.72746181488037, ""40"": 36.707154273986816}","{""-40"": 36.96166179796923, ""-20"": 34.445636303087575, ""-10"": 37.038562749833154, ""0"": 37.940855275456954, ""10"": 33.514028828329096, ""20"": 35.25815855620398, ""40"": 35.03092047666605}",2.6719621980009833,834255360,3575250944,,,,,,,"{""bits"": 8, ""dtype"": ""qint8"", ""step"": 0.0068830568343400955, ""dc"": {""scale"": 0.054016318172216415, ""zero_point"": -81, ""grid_min"": -2.5387669540941715, ""grid_max"": 11.235394179821014, ""codebook_min"": -2.3993942737579346, ""codebook_max"": 8.248388290405273, ""n_outside_grid"": 0, ""n_values"": 12288}, ""rest"": {""scale"": 0.0068830568343400955, ""zero_point"": -4, ""grid_min"": -0.8534990474581718, ""grid_max"": 0.9016804452985525, ""codebook_min"": -2.5426886081695557, ""codebook_max"": 3.0021462440490723, ""n_outside_grid"": 307, ""n_values"": 184320}}","{""dc_scale"": 0.054016318172216415, ""dc_zero_point"": -81, ""rest_scale"": 0.0068830568343400955, ""rest_zero_point"": -4}",20.107114841999646,4748845056,5951717376,2899894272,4043612160,True,31d77175ba801e7b12f2bccd04d98545ba0be95f,11.899836301803589,690.5340092182159,4905841152,5951717376,4043612160,187b6095ffe3135c7769d73a9caefcd03a5273d8,2a234af55fbe8b90c8829c1436ce80088c4b622b,49ccae72e75eec9877354ed72074827531f7fd79,c0e34e8efa57,2026-10-02T13:57:16
train,j-1_p0_ogc_lamcv,-1,2e-07,0,ogc_lamcv,fork,0,alias,lam_cv = 1e-3: ogc_lamcv is ogc and is not run again (Amendment 16 b),ogc,cuda,,0.01,0.001,1026508,115907,274436,636165,21.68527603149414,0.801524817943573,0.2223808616399765,19947940,19.02383804321289,19.94794,14.467744766416205,278532,11.65156592807667,4096,"{""quantization"": {""compressed_bytes"": 67, ""uncompressed_bytes"": 129}, ""xyz"": {""compressed_bytes"": 4013367, ""uncompressed_bytes"": 5463734}, ""features_dc"": {""compressed_bytes"": 650720, ""uncompressed_bytes"": 835724}, ""features_dc_scale"": {""compressed_bytes"": 72, ""uncompressed_bytes"": 132}, ""features_dc_zero_point"": {""compressed_bytes"": 73, ""uncompressed_bytes"": 132}, ""features_rest"": {""compressed_bytes"": 8200942, ""uncompressed_bytes"": 12534068}, ""features_rest_scale"": {""compressed_bytes"": 72, ""uncompressed_bytes"": 132}, ""features_rest_zero_point"": {""compressed_bytes"": 73, ""uncompressed_bytes"": 132}, ""opacity"": {""compressed_bytes"": 789622, ""uncompressed_bytes"": 910729}, ""opacity_scale"": {""compressed_bytes"": 72, ""uncompressed_bytes"": 132}, ""opacity_zero_point"": {""compressed_bytes"": 73, ""uncompressed_bytes"": 132}, ""feature_indices"": {""compressed_bytes"": 2103150, ""uncompressed_bytes"": 3642532}, ""gaussian_indices"": {""compressed_bytes"": 1992227, ""uncompressed_bytes"": 3642532}, ""scaling"": {""compressed_bytes"": 600341, ""uncompressed_bytes"": 843839}, ""scaling_scale"": {""compressed_bytes"": 72, ""uncompressed_bytes"": 132}, ""scaling_zero_point"": {""compressed_bytes"": 73, ""uncompressed_bytes"": 132}, ""scaling_factor"": {""compressed_bytes"": 706943, ""uncompressed_bytes"": 910729}, ""scaling_factor_scale"": {""compressed_bytes"": 72, ""uncompressed_bytes"": 132}, ""scaling_factor_zero_point"": {""compressed_bytes"": 72, ""uncompressed_bytes"": 132}, ""rotation"": {""compressed_bytes"": 886726, ""uncompressed_bytes"": 1125076}, ""rotation_scale"": {""compressed_bytes"": 72, ""uncompressed_bytes"": 132}, ""rotation_zero_point"": {""compressed_bytes"": 73, ""uncompressed_bytes"": 132}}",21.203429397783783,0.7862855588134966,0.22337141515393005,"[24.785568237304688, 22.629192352294922, 25.736948013305664, 22.18198013305664, 23.704423904418945, 24.91551399230957, 22.603492736816406, 22.1700382232666, 23.411409378051758, 23.46253776550293, 22.37583351135254, 17.309621810913086, 17.964284896850586, 18.92685890197754, 18.790056228637695, 19.94046401977539, 18.316938400268555, 22.18425941467285, 19.731576919555664, 22.20490837097168, 18.819765090942383, 21.68210792541504, 22.85492515563965, 22.564720153808594, 18.36997413635254, 19.699594497680664, 22.318317413330078, 18.70921516418457, 18.55746078491211, 25.327835083007812, 23.352916717529297, 25.903276443481445, 24.11148452758789, 12.988873481750488, 19.013254165649414, 16.02150535583496, 21.213483810424805, 20.875699996948242]","[[980, 545]]",38,7.331679027000064,"{""-40"": 38.04712481247751, ""-20"": 36.141587357772025, ""-10"": 37.603430898565996, ""0"": 38.33702097441021, ""10"": 36.881769832811855, ""20"": 37.72746181488037, ""40"": 36.707154273986816}","{""-40"": 36.96166179796923, ""-20"": 34.445636303087575, ""-10"": 37.038562749833154, ""0"": 37.940855275456954, ""10"": 33.514028828329096, ""20"": 35.25815855620398, ""40"": 35.03092047666605}",2.6719621980009833,834255360,3575250944,,,,,,,"{""bits"": 8, ""dtype"": ""qint8"", ""step"": 0.0068830568343400955, ""dc"": {""scale"": 0.054016318172216415, ""zero_point"": -81, ""grid_min"": -2.5387669540941715, ""grid_max"": 11.235394179821014, ""codebook_min"": -2.3993942737579346, ""codebook_max"": 8.248388290405273, ""n_outside_grid"": 0, ""n_values"": 12288}, ""rest"": {""scale"": 0.0068830568343400955, ""zero_point"": -4, ""grid_min"": -0.8534990474581718, ""grid_max"": 0.9016804452985525, ""codebook_min"": -2.5426886081695557, ""codebook_max"": 3.0021462440490723, ""n_outside_grid"": 307, ""n_values"": 184320}}","{""dc_scale"": 0.054016318172216415, ""dc_zero_point"": -81, ""rest_scale"": 0.0068830568343400955, ""rest_zero_point"": -4}",20.107114841999646,4748845056,5951717376,2899894272,4043612160,True,31d77175ba801e7b12f2bccd04d98545ba0be95f,11.899836301803589,690.5340092182159,4905841152,5951717376,4043612160,187b6095ffe3135c7769d73a9caefcd03a5273d8,2a234af55fbe8b90c8829c1436ce80088c4b622b,49ccae72e75eec9877354ed72074827531f7fd79,c0e34e8efa57,2026-10-02T13:57:16
train,j-1_p0_lad_reseed,-1,2e-07,0,lad_reseed,fork,0,ok,,,cuda,0.01,0.01,0.001,1026508,115907,274436,636165,21.689390182495117,0.8016633987426758,0.22230570018291473,19908999,18.986701011657715,19.908999,14.15257869120824,278532,11.200439972938538,4096,"{""quantization"": {""compressed_bytes"": 67, ""uncompressed_bytes"": 129}, ""xyz"": {""compressed_bytes"": 4013367, ""uncompressed_bytes"": 5463734}, ""features_dc"": {""compressed_bytes"": 650252, ""uncompressed_bytes"": 835724}, ""features_dc_scale"": {""compressed_bytes"": 72, ""uncompressed_bytes"": 132}, ""features_dc_zero_point"": {""compressed_bytes"": 73, ""uncompressed_bytes"": 132}, ""features_rest"": {""compressed_bytes"": 8197416, ""uncompressed_bytes"": 12534068}, ""features_rest_scale"": {""compressed_bytes"": 72, ""uncompressed_bytes"": 132}, ""features_rest_zero_point"": {""compressed_bytes"": 73, ""uncompressed_bytes"": 132}, ""opacity"": {""compressed_bytes"": 789622, ""uncompressed_bytes"": 910729}, ""opacity_scale"": {""compressed_bytes"": 72, ""uncompressed_bytes"": 132}, ""opacity_zero_point"": {""compressed_bytes"": 73, ""uncompressed_bytes"": 132}, ""feature_indices"": {""compressed_bytes"": 2068203, ""uncompressed_bytes"": 3642532}, ""gaussian_indices"": {""compressed_bytes"": 1992227, ""uncompressed_bytes"": 3642532}, ""scaling"": {""compressed_bytes"": 600341, ""uncompressed_bytes"": 843839}, ""scaling_scale"": {""compressed_bytes"": 72, ""uncompressed_bytes"": 132}, ""scaling_zero_point"": {""compressed_bytes"": 73, ""uncompressed_bytes"": 132}, ""scaling_factor"": {""compressed_bytes"": 706943, ""uncompressed_bytes"": 910729}, ""scaling_factor_scale"": {""compressed_bytes"": 72, ""uncompressed_bytes"": 132}, ""scaling_factor_zero_point"": {""compressed_bytes"": 72, ""uncompressed_bytes"": 132}, ""rotation"": {""compressed_bytes"": 886726, ""uncompressed_bytes"": 1125076}, ""rotation_scale"": {""compressed_bytes"": 72, ""uncompressed_bytes"": 132}, ""rotation_zero_point"": {""compressed_bytes"": 73, ""uncompressed_bytes"": 132}}",21.20449881804617,0.7863523018987555,0.22337945236971504,"[24.784847259521484, 22.62794303894043, 25.73452377319336, 22.17808723449707, 23.694948196411133, 24.909130096435547, 22.588783264160156, 22.179227828979492, 23.410160064697266, 23.469358444213867, 22.390748977661133, 17.30223274230957, 17.970613479614258, 18.94735336303711, 18.79561996459961, 19.936939239501953, 18.30986785888672, 22.188358306884766, 19.7285213470459, 22.208946228027344, 18.819515228271484, 21.674610137939453, 22.850303649902344, 22.56587791442871, 18.366519927978516, 19.7039852142334, 22.318256378173828, 18.727157592773438, 18.566688537597656, 25.333173751831055, 23.365209579467773, 25.90473747253418, 24.090381622314453, 12.99413013458252, 19.032283782958984, 16.007671356201172, 21.210508346557617, 20.88373374938965]","[[980, 545]]",38,7.3629721289999,"{""-40"": 38.15545162401701, ""-20"": 36.11648910924008, ""-10"": 37.49794182024504, ""0"": 38.34066431145919, ""10"": 36.945591826187936, ""20"": 37.78404993759958, ""40"": 36.73475225348221}","{""-40"": 37.1520572780965, ""-20"": 33.11642662197276, ""-10"": 36.775322550574394, ""0"": 37.9388796164598, ""10"": 33.54819944931748, ""20"": 35.624969010248655, ""40"": 34.82864660084874}",2.6717616509995423,834274816,3575250944,16,rel_tol,0.0008667668976545351,0,62.930914999999004,"{""rho"": ""cv"", ""start"": ""c3dgs"", ""reseed"": true, ""clip"": ""global"", ""update"": ""ridge"", ""eps"": 0.01, ""max_iters"": 20, ""rel_tol"": 0.001, ""final"": ""int8""}","{""bits"": 8, ""dtype"": ""qint8"", ""step"": 0.0068830568343400955, ""dc"": {""scale"": 0.054016318172216415, ""zero_point"": -81, ""grid_min"": -2.5387669540941715, ""grid_max"": 11.235394179821014, ""codebook_min"": -2.3227016925811768, ""codebook_max"": 11.235394477844238, ""n_outside_grid"": 0, ""n_values"": 12288}, ""rest"": {""scale"": 0.0068830568343400955, ""zero_point"": -4, ""grid_min"": -0.8534990474581718, ""grid_max"": 0.9016804452985525, ""codebook_min"": -1.4922882318496704, ""codebook_max"": 2.262073516845703, ""n_outside_grid"": 359, ""n_values"": 184320}}","{""dc_scale"": 0.054016318172216415, ""dc_zero_point"": -81, ""rest_scale"": 0.0068830568343400955, ""rest_zero_point"": -4}",63.207363863000865,4143915008,5951717376,2903588864,3047100416,True,31d77175ba801e7b12f2bccd04d98545ba0be95f,11.868685245513916,690.5340092182159,4905841152,5951717376,4043612160,187b6095ffe3135c7769d73a9caefcd03a5273d8,2a234af55fbe8b90c8829c1436ce80088c4b622b,49ccae72e75eec9877354ed72074827531f7fd79,c0e34e8efa57,2026-10-02T13:57:16
train,j+1_p0_c3dgs,1,1.8e-06,0,c3dgs,fork,0,ok,,,cuda,,0.01,0.001,1026508,115907,31950,878651,21.332544326782227,0.7816565036773682,0.24448956549167633,11329011,10.804186820983887,11.329011,9.375987737778237,34405,8.945543901230682,2455,"{""quantization"": {""compressed_bytes"": 67, ""uncompressed_bytes"": 129}, ""xyz"": {""compressed_bytes"": 4013367, ""uncompressed_bytes"": 5463734}, ""features_dc"": {""compressed_bytes"": 80491, ""uncompressed_bytes"": 108266}, ""features_dc_scale"": {""compressed_bytes"": 72, ""uncompressed_bytes"": 132}, ""features_dc_zero_point"": {""compressed_bytes"": 73, ""uncompressed_bytes"": 132}, ""features_rest"": {""compressed_bytes"": 1008762, ""uncompressed_bytes"": 1622198}, ""features_rest_scale"": {""compressed_bytes"": 72, ""uncompressed_bytes"": 132}, ""features_rest_zero_point"": {""compressed_bytes"": 73, ""uncompressed_bytes"": 132}, ""opacity"": {""compressed_bytes"": 789622, ""uncompressed_bytes"": 910729}, ""opacity_scale"": {""compressed_bytes"": 72, ""uncompressed_bytes"": 132}, ""opacity_zero_point"": {""compressed_bytes"": 73, ""uncompressed_bytes"": 132}, ""feature_indices"": {""compressed_bytes"": 1247049, ""uncompressed_bytes"": 3642532}, ""gaussian_indices"": {""compressed_bytes"": 1991812, ""uncompressed_bytes"": 3642532}, ""scaling"": {""compressed_bytes"": 600348, ""uncompressed_bytes"": 843839}, ""scaling_scale"": {""compressed_bytes"": 72, ""uncompressed_bytes"": 132}, ""scaling_zero_point"": {""compressed_bytes"": 73, ""uncompressed_bytes"": 132}, ""scaling_factor"": {""compressed_bytes"": 706943, ""uncompressed_bytes"": 910729}, ""scaling_factor_scale"": {""compressed_bytes"": 72, ""uncompressed_bytes"": 132}, ""scaling_factor_zero_point"": {""compressed_bytes"": 72, ""uncompressed_bytes"": 132}, ""rotation"": {""compressed_bytes"": 886715, ""uncompressed_bytes"": 1125076}, ""rotation_scale"": {""compressed_bytes"": 72, ""uncompressed_bytes"": 132}, ""rotation_zero_point"": {""compressed_bytes"": 73, ""uncompressed_bytes"": 132}}",20.84059122989052,0.7660734269179796,0.24574851793678185,"[24.230623245239258, 22.054763793945312, 24.998695373535156, 21.818618774414062, 23.083106994628906, 24.500150680541992, 22.32200050354004, 21.86319923400879, 22.869705200195312, 23.116079330444336, 22.257259368896484, 16.986644744873047, 17.909141540527344, 18.927629470825195, 18.47725486755371, 19.624099731445312, 18.154926300048828, 21.812265396118164, 19.506303787231445, 21.77460479736328, 18.595474243164062, 21.24805450439453, 22.068498611450195, 22.458267211914062, 17.595199584960938, 19.348068237304688, 21.764162063598633, 18.425630569458008, 18.32246208190918, 24.835039138793945, 22.969646453857422, 25.175886154174805, 23.810285568237305, 13.032382011413574, 18.664098739624023, 15.882121086120605, 20.901885986328125, 20.558231353759766]","[[980, 545]]",38,7.544515689000036,"{""-40"": 32.32556097131027, ""-20"": 31.207354395013105, ""-10"": 31.482782865825452, ""0"": 31.819355312146637, ""10"": 31.122878476193076, ""20"": 32.21464011543676, ""40"": 32.351899799547695}","{""-40"": 31.804009339532065, ""-20"": 30.868012942665658, ""-10"": 31.237170098462748, ""0"": 31.56644847428991, ""10"": 29.981857947106498, ""20"": 31.315958841834075, ""40"": 31.661428403359384}",2.6577351999985694,835403264,3518525440,,,,,,,"{""bits"": 8, ""dtype"": ""qint8"", ""step"": 0.0068830568343400955, ""dc"": {""scale"": 0.054016318172216415, ""zero_point"": -81, ""grid_min"": -2.5387669540941715, ""grid_max"": 11.235394179821014, ""codebook_min"": -1.8186981678009033, ""codebook_max"": 4.498728275299072, ""n_outside_grid"": 0, ""n_values"": 12288}, ""rest"": {""scale"": 0.0068830568343400955, ""zero_point"": -4, ""grid_min"": -0.8534990474581718, ""grid_max"": 0.9016804452985525, ""codebook_min"": -0.5207891464233398, ""codebook_max"": 0.5656906366348267, ""n_outside_grid"": 0, ""n_values"": 184320}}","{""dc_scale"": 0.054016318172216415, ""dc_zero_point"": -81, ""rest_scale"": 0.0068830568343400955, ""rest_zero_point"": -4}",127.61043626399987,2979686400,3303014400,1949949952,1952268288,True,f1fc5188d980f9a9e232ed5f23a43347333d67a9,12.592625617980957,759.0023393630981,4921712128,6666846208,4634537984,187b6095ffe3135c7769d73a9caefcd03a5273d8,2a234af55fbe8b90c8829c1436ce80088c4b622b,49ccae72e75eec9877354ed72074827531f7fd79,c0e34e8efa57,2026-10-02T14:11:40
train,j+1_p0_gnvq_cv,1,1.8e-06,0,gnvq_cv,fork,0,ok,,,cuda,0.01,0.01,0.001,1026508,115907,31950,878651,21.57952308654785,0.7943007946014404,0.2310679852962494,11559964,11.02444076538086,11.559964,10.099272924131533,34502,9.695129588811415,2552,"{""quantization"": {""compressed_bytes"": 67, ""uncompressed_bytes"": 129}, ""xyz"": {""compressed_bytes"": 4013367, ""uncompressed_bytes"": 5463734}, ""features_dc"": {""compressed_bytes"": 80445, ""uncompressed_bytes"": 108266}, ""features_dc_scale"": {""compressed_bytes"": 72, ""uncompressed_bytes"": 132}, ""features_dc_zero_point"": {""compressed_bytes"": 73, ""uncompressed_bytes"": 132}, ""features_rest"": {""compressed_bytes"": 1023341, ""uncompressed_bytes"": 1622198}, ""features_rest_scale"": {""compressed_bytes"": 72, ""uncompressed_bytes"": 132}, ""features_rest_zero_point"": {""compressed_bytes"": 73, ""uncompressed_bytes"": 132}, ""opacity"": {""compressed_bytes"": 789622, ""uncompressed_bytes"": 910729}, ""opacity_scale"": {""compressed_bytes"": 72, ""uncompressed_bytes"": 132}, ""opacity_zero_point"": {""compressed_bytes"": 73, ""uncompressed_bytes"": 132}, ""feature_indices"": {""compressed_bytes"": 1463469, ""uncompressed_bytes"": 3642532}, ""gaussian_indices"": {""compressed_bytes"": 1991812, ""uncompressed_bytes"": 3642532}, ""scaling"": {""compressed_bytes"": 600348, ""uncompressed_bytes"": 843839}, ""scaling_scale"": {""compressed_bytes"": 72, ""uncompressed_bytes"": 132}, ""scaling_zero_point"": {""compressed_bytes"": 73, ""uncompressed_bytes"": 132}, ""scaling_factor"": {""compressed_bytes"": 706943, ""uncompressed_bytes"": 910729}, ""scaling_factor_scale"": {""compressed_bytes"": 72, ""uncompressed_bytes"": 132}, ""scaling_factor_zero_point"": {""compressed_bytes"": 72, ""uncompressed_bytes"": 132}, ""rotation"": {""compressed_bytes"": 886715, ""uncompressed_bytes"": 1125076}, ""rotation_scale"": {""compressed_bytes"": 72, ""uncompressed_bytes"": 132}, ""rotation_zero_point"": {""compressed_bytes"": 73, ""uncompressed_bytes"": 132}}",21.086072344529,0.7790939651037517,0.2318868527286931,"[24.619525909423828, 22.486473083496094, 25.406021118164062, 22.063642501831055, 23.48621368408203, 24.714641571044922, 22.480924606323242, 22.074504852294922, 23.31882095336914, 23.333219528198242, 22.334983825683594, 17.206172943115234, 17.949249267578125, 18.918346405029297, 18.644163131713867, 19.827627182006836, 18.30769920349121, 22.061275482177734, 19.641036987304688, 22.064687728881836, 18.757644653320312, 21.53764533996582, 22.5911808013916, 22.510046005249023, 18.017709732055664, 19.558923721313477, 22.234588623046875, 18.642736434936523, 18.53089141845703, 25.28597640991211, 23.16608428955078, 25.70501136779785, 24.009912490844727, 13.015631675720215, 18.84978485107422, 15.943721771240234, 21.125686645507812, 20.848342895507812]","[[980, 545]]",38,7.264499773000352,"{""-40"": 33.80910602368807, ""-20"": 32.60774938683761, ""-10"": 33.947263316104284, ""0"": 35.22203425357216, ""10"": 32.538321143702454, ""20"": 33.29166452508224, ""40"": 32.81379498933491}","{""-40"": 32.342432268776655, ""-20"": 31.13732998437794, ""-10"": 33.14448406983579, ""0"": 34.90277024506973, ""10"": 26.98971586092821, ""20"": 30.11253561765949, ""40"": 31.004858139437022}",2.6660610580001958,834231808,3544162304,20,max_iters,0.0025468352134703854,,106.77286063199972,"{""rho"": ""cv"", ""start"": ""c3dgs"", ""reseed"": false, ""clip"": ""global"", ""update"": ""ridge"", ""eps"": 0.01, ""max_iters"": 20, ""rel_tol"": 0.001, ""final"": ""int8""}","{""bits"": 8, ""dtype"": ""qint8"", ""step"": 0.0068830568343400955, ""dc"": {""scale"": 0.054016318172216415, ""zero_point"": -81, ""grid_min"": -2.5387669540941715, ""grid_max"": 11.235394179821014, ""codebook_min"": -1.7798357009887695, ""codebook_max"": 3.6218292713165283, ""n_outside_grid"": 0, ""n_values"": 12288}, ""rest"": {""scale"": 0.0068830568343400955, ""zero_point"": -4, ""grid_min"": -0.8534990474581718, ""grid_max"": 0.9016804452985525, ""codebook_min"": -0.8740673065185547, ""codebook_max"": 1.246550440788269, ""n_outside_grid"": 5, ""n_values"": 184320}}","{""dc_scale"": 0.054016318172216415, ""dc_zero_point"": -81, ""rest_scale"": 0.0068830568343400955, ""rest_zero_point"": -4}",107.16340044000026,4317849088,4894752768,2990759936,3184848896,True,f1fc5188d980f9a9e232ed5f23a43347333d67a9,11.844358205795288,759.0023393630981,4921712128,6666846208,4634537984,187b6095ffe3135c7769d73a9caefcd03a5273d8,2a234af55fbe8b90c8829c1436ce80088c4b622b,49ccae72e75eec9877354ed72074827531f7fd79,c0e34e8efa57,2026-10-02T14:11:40
train,j+1_p0_ogc,1,1.8e-06,0,ogc,fork,0,ok,,,cuda,,0.01,0.001,1026508,115907,31950,878651,21.614633560180664,0.7967227697372437,0.22776798903942108,11847146,11.298318862915039,11.847146,11.980551441302548,36046,11.64481620956806,4096,"{""quantization"": {""compressed_bytes"": 67, ""uncompressed_bytes"": 129}, ""xyz"": {""compressed_bytes"": 4013367, ""uncompressed_bytes"": 5463734}, ""features_dc"": {""compressed_bytes"": 83761, ""uncompressed_bytes"": 108266}, ""features_dc_scale"": {""compressed_bytes"": 72, ""uncompressed_bytes"": 132}, ""features_dc_zero_point"": {""compressed_bytes"": 73, ""uncompressed_bytes"": 132}, ""features_rest"": {""compressed_bytes"": 1082462, ""uncompressed_bytes"": 1622198}, ""features_rest_scale"": {""compressed_bytes"": 72, ""uncompressed_bytes"": 132}, ""features_rest_zero_point"": {""compressed_bytes"": 73, ""uncompressed_bytes"": 132}, ""opacity"": {""compressed_bytes"": 789622, ""uncompressed_bytes"": 910729}, ""opacity_scale"": {""compressed_bytes"": 72, ""uncompressed_bytes"": 132}, ""opacity_zero_point"": {""compressed_bytes"": 73, ""uncompressed_bytes"": 132}, ""feature_indices"": {""compressed_bytes"": 1688214, ""uncompressed_bytes"": 3642532}, ""gaussian_indices"": {""compressed_bytes"": 1991812, ""uncompressed_bytes"": 3642532}, ""scaling"": {""compressed_bytes"": 600348, ""uncompressed_bytes"": 843839}, ""scaling_scale"": {""compressed_bytes"": 72, ""uncompressed_bytes"": 132}, ""scaling_zero_point"": {""compressed_bytes"": 73, ""uncompressed_bytes"": 132}, ""scaling_factor"": {""compressed_bytes"": 706943, ""uncompressed_bytes"": 910729}, ""scaling_factor_scale"": {""compressed_bytes"": 72, ""uncompressed_bytes"": 132}, ""scaling_factor_zero_point"": {""compressed_bytes"": 72, ""uncompressed_bytes"": 132}, ""rotation"": {""compressed_bytes"": 886715, ""uncompressed_bytes"": 1125076}, ""rotation_scale"": {""compressed_bytes"": 72, ""uncompressed_bytes"": 132}, ""rotation_zero_point"": {""compressed_bytes"": 73, ""uncompressed_bytes"": 132}}",21.131379478856136,0.7815240127475638,0.22889381960818642,"[24.693588256835938, 22.5675048828125, 25.515235900878906, 22.115175247192383, 23.572111129760742, 24.803014755249023, 22.50543785095215, 22.11033821105957, 23.31966781616211, 23.33852195739746, 22.359786987304688, 17.24294090270996, 17.919172286987305, 18.941383361816406, 18.684703826904297, 19.869171142578125, 18.31340217590332, 22.116539001464844, 19.666933059692383, 22.12017250061035, 18.77863121032715, 21.60322380065918, 22.68221092224121, 22.539031982421875, 18.116416931152344, 19.624006271362305, 22.26278305053711, 18.670005798339844, 18.539302825927734, 25.33403778076172, 23.221601486206055, 25.81850242614746, 24.042591094970703, 13.02267074584961, 18.94782257080078, 15.984853744506836, 21.169139862060547, 20.86078643798828]","[[980, 545]]",38,7.305163548000564,"{""-40"": 33.801530034918535, ""-20"": 33.446994731300755, ""-10"": 34.801562660618835, ""0"": 36.29218954789011, ""10"": 33.40951507969906, ""20"": 33.552065899497585, ""40"": 33.12428218440006}","{""-40"": 30.577766045829037, ""-20"": 31.760892354656093, ""-10"": 33.75121619526072, ""0"": 35.96315841658813, ""10"": 29.430228558328466, ""20"": 29.474816602535803, ""40"": 30.97301229998036}",2.683393605000674,834251264,3544162304,,,,,,,"{""bits"": 8, ""dtype"": ""qint8"", ""step"": 0.0068830568343400955, ""dc"": {""scale"": 0.054016318172216415, ""zero_point"": -81, ""grid_min"": -2.5387669540941715, ""grid_max"": 11.235394179821014, ""codebook_min"": -2.3974356651306152, ""codebook_max"": 7.884131908416748, ""n_outside_grid"": 0, ""n_values"": 12288}, ""rest"": {""scale"": 0.0068830568343400955, ""zero_point"": -4, ""grid_min"": -0.8534990474581718, ""grid_max"": 0.9016804452985525, ""codebook_min"": -2.364997386932373, ""codebook_max"": 2.5226917266845703, ""n_outside_grid"": 176, ""n_values"": 184320}}","{""dc_scale"": 0.054016318172216415, ""dc_zero_point"": -81, ""rest_scale"": 0.0068830568343400955, ""rest_zero_point"": -4}",27.94993112500015,4921712128,6129975296,3042234368,4634537984,True,f1fc5188d980f9a9e232ed5f23a43347333d67a9,11.92690920829773,759.0023393630981,4921712128,6666846208,4634537984,187b6095ffe3135c7769d73a9caefcd03a5273d8,2a234af55fbe8b90c8829c1436ce80088c4b622b,49ccae72e75eec9877354ed72074827531f7fd79,c0e34e8efa57,2026-10-02T14:11:40
train,j+1_p0_ogc_lamcv,1,1.8e-06,0,ogc_lamcv,fork,0,alias,lam_cv = 1e-3: ogc_lamcv is ogc and is not run again (Amendment 16 b),ogc,cuda,,0.01,0.001,1026508,115907,31950,878651,21.614633560180664,0.7967227697372437,0.22776798903942108,11847146,11.298318862915039,11.847146,11.980551441302548,36046,11.64481620956806,4096,"{""quantization"": {""compressed_bytes"": 67, ""uncompressed_bytes"": 129}, ""xyz"": {""compressed_bytes"": 4013367, ""uncompressed_bytes"": 5463734}, ""features_dc"": {""compressed_bytes"": 83761, ""uncompressed_bytes"": 108266}, ""features_dc_scale"": {""compressed_bytes"": 72, ""uncompressed_bytes"": 132}, ""features_dc_zero_point"": {""compressed_bytes"": 73, ""uncompressed_bytes"": 132}, ""features_rest"": {""compressed_bytes"": 1082462, ""uncompressed_bytes"": 1622198}, ""features_rest_scale"": {""compressed_bytes"": 72, ""uncompressed_bytes"": 132}, ""features_rest_zero_point"": {""compressed_bytes"": 73, ""uncompressed_bytes"": 132}, ""opacity"": {""compressed_bytes"": 789622, ""uncompressed_bytes"": 910729}, ""opacity_scale"": {""compressed_bytes"": 72, ""uncompressed_bytes"": 132}, ""opacity_zero_point"": {""compressed_bytes"": 73, ""uncompressed_bytes"": 132}, ""feature_indices"": {""compressed_bytes"": 1688214, ""uncompressed_bytes"": 3642532}, ""gaussian_indices"": {""compressed_bytes"": 1991812, ""uncompressed_bytes"": 3642532}, ""scaling"": {""compressed_bytes"": 600348, ""uncompressed_bytes"": 843839}, ""scaling_scale"": {""compressed_bytes"": 72, ""uncompressed_bytes"": 132}, ""scaling_zero_point"": {""compressed_bytes"": 73, ""uncompressed_bytes"": 132}, ""scaling_factor"": {""compressed_bytes"": 706943, ""uncompressed_bytes"": 910729}, ""scaling_factor_scale"": {""compressed_bytes"": 72, ""uncompressed_bytes"": 132}, ""scaling_factor_zero_point"": {""compressed_bytes"": 72, ""uncompressed_bytes"": 132}, ""rotation"": {""compressed_bytes"": 886715, ""uncompressed_bytes"": 1125076}, ""rotation_scale"": {""compressed_bytes"": 72, ""uncompressed_bytes"": 132}, ""rotation_zero_point"": {""compressed_bytes"": 73, ""uncompressed_bytes"": 132}}",21.131379478856136,0.7815240127475638,0.22889381960818642,"[24.693588256835938, 22.5675048828125, 25.515235900878906, 22.115175247192383, 23.572111129760742, 24.803014755249023, 22.50543785095215, 22.11033821105957, 23.31966781616211, 23.33852195739746, 22.359786987304688, 17.24294090270996, 17.919172286987305, 18.941383361816406, 18.684703826904297, 19.869171142578125, 18.31340217590332, 22.116539001464844, 19.666933059692383, 22.12017250061035, 18.77863121032715, 21.60322380065918, 22.68221092224121, 22.539031982421875, 18.116416931152344, 19.624006271362305, 22.26278305053711, 18.670005798339844, 18.539302825927734, 25.33403778076172, 23.221601486206055, 25.81850242614746, 24.042591094970703, 13.02267074584961, 18.94782257080078, 15.984853744506836, 21.169139862060547, 20.86078643798828]","[[980, 545]]",38,7.305163548000564,"{""-40"": 33.801530034918535, ""-20"": 33.446994731300755, ""-10"": 34.801562660618835, ""0"": 36.29218954789011, ""10"": 33.40951507969906, ""20"": 33.552065899497585, ""40"": 33.12428218440006}","{""-40"": 30.577766045829037, ""-20"": 31.760892354656093, ""-10"": 33.75121619526072, ""0"": 35.96315841658813, ""10"": 29.430228558328466, ""20"": 29.474816602535803, ""40"": 30.97301229998036}",2.683393605000674,834251264,3544162304,,,,,,,"{""bits"": 8, ""dtype"": ""qint8"", ""step"": 0.0068830568343400955, ""dc"": {""scale"": 0.054016318172216415, ""zero_point"": -81, ""grid_min"": -2.5387669540941715, ""grid_max"": 11.235394179821014, ""codebook_min"": -2.3974356651306152, ""codebook_max"": 7.884131908416748, ""n_outside_grid"": 0, ""n_values"": 12288}, ""rest"": {""scale"": 0.0068830568343400955, ""zero_point"": -4, ""grid_min"": -0.8534990474581718, ""grid_max"": 0.9016804452985525, ""codebook_min"": -2.364997386932373, ""codebook_max"": 2.5226917266845703, ""n_outside_grid"": 176, ""n_values"": 184320}}","{""dc_scale"": 0.054016318172216415, ""dc_zero_point"": -81, ""rest_scale"": 0.0068830568343400955, ""rest_zero_point"": -4}",27.94993112500015,4921712128,6129975296,3042234368,4634537984,True,f1fc5188d980f9a9e232ed5f23a43347333d67a9,11.92690920829773,759.0023393630981,4921712128,6666846208,4634537984,187b6095ffe3135c7769d73a9caefcd03a5273d8,2a234af55fbe8b90c8829c1436ce80088c4b622b,49ccae72e75eec9877354ed72074827531f7fd79,c0e34e8efa57,2026-10-02T14:11:40
train,j+1_p0_lad_reseed,1,1.8e-06,0,lad_reseed,fork,0,ok,,,cuda,0.01,0.01,0.001,1026508,115907,31950,878651,21.613595962524414,0.7962759137153625,0.22838501632213593,11809211,11.262141227722168,11.809211,11.700781416666695,36046,11.354873030531747,4096,"{""quantization"": {""compressed_bytes"": 67, ""uncompressed_bytes"": 129}, ""xyz"": {""compressed_bytes"": 4013367, ""uncompressed_bytes"": 5463734}, ""features_dc"": {""compressed_bytes"": 83200, ""uncompressed_bytes"": 108266}, ""features_dc_scale"": {""compressed_bytes"": 72, ""uncompressed_bytes"": 132}, ""features_dc_zero_point"": {""compressed_bytes"": 73, ""uncompressed_bytes"": 132}, ""features_rest"": {""compressed_bytes"": 1077569, ""uncompressed_bytes"": 1622198}, ""features_rest_scale"": {""compressed_bytes"": 72, ""uncompressed_bytes"": 132}, ""features_rest_zero_point"": {""compressed_bytes"": 73, ""uncompressed_bytes"": 132}, ""opacity"": {""compressed_bytes"": 789622, ""uncompressed_bytes"": 910729}, ""opacity_scale"": {""compressed_bytes"": 72, ""uncompressed_bytes"": 132}, ""opacity_zero_point"": {""compressed_bytes"": 73, ""uncompressed_bytes"": 132}, ""feature_indices"": {""compressed_bytes"": 1655733, ""uncompressed_bytes"": 3642532}, ""gaussian_indices"": {""compressed_bytes"": 1991812, ""uncompressed_bytes"": 3642532}, ""scaling"": {""compressed_bytes"": 600348, ""uncompressed_bytes"": 843839}, ""scaling_scale"": {""compressed_bytes"": 72, ""uncompressed_bytes"": 132}, ""scaling_zero_point"": {""compressed_bytes"": 73, ""uncompressed_bytes"": 132}, ""scaling_factor"": {""compressed_bytes"": 706943, ""uncompressed_bytes"": 910729}, ""scaling_factor_scale"": {""compressed_bytes"": 72, ""uncompressed_bytes"": 132}, ""scaling_factor_zero_point"": {""compressed_bytes"": 72, ""uncompressed_bytes"": 132}, ""rotation"": {""compressed_bytes"": 886715, ""uncompressed_bytes"": 1125076}, ""rotation_scale"": {""compressed_bytes"": 72, ""uncompressed_bytes"": 132}, ""rotation_zero_point"": {""compressed_bytes"": 73, ""uncompressed_bytes"": 132}}",21.125103624243486,0.7810861382045244,0.22941040365319504,"[24.6809139251709, 22.549671173095703, 25.478683471679688, 22.12100601196289, 23.58438491821289, 24.79302978515625, 22.496545791625977, 22.113676071166992, 23.33297348022461, 23.352876663208008, 22.367685317993164, 17.22877311706543, 17.97063446044922, 18.92351531982422, 18.66343879699707, 19.85807991027832, 18.307682037353516, 22.114389419555664, 19.667081832885742, 22.125064849853516, 18.782453536987305, 21.58940315246582, 22.656517028808594, 22.54929542541504, 18.086034774780273, 19.632890701293945, 22.260099411010742, 18.6600399017334, 18.534608840942383, 25.299837112426758, 23.22662925720215, 25.783342361450195, 24.04689598083496, 13.023661613464355, 18.901525497436523, 15.967767715454102, 21.170869827270508, 20.851959228515625]","[[980, 545]]",38,7.5240704030002235,"{""-40"": 34.391000848067435, ""-20"": 33.3403434753418, ""-10"": 34.73645079763312, ""0"": 36.141581083598886, ""10"": 33.31406653554816, ""20"": 33.783788781417044, ""40"": 33.15332643609298}","{""-40"": 32.27853466015388, ""-20"": 30.272067037437097, ""-10"": 33.69653169111523, ""0"": 35.812528981560135, ""10"": 29.65582621512286, ""20"": 31.495959719330724, ""40"": 31.40376853925646}",2.687451316000079,834270720,3544162304,16,rel_tol,0.0008639839229741157,0,88.13867933100119,"{""rho"": ""cv"", ""start"": ""c3dgs"", ""reseed"": true, ""clip"": ""global"", ""update"": ""ridge"", ""eps"": 0.01, ""max_iters"": 20, ""rel_tol"": 0.001, ""final"": ""int8""}","{""bits"": 8, ""dtype"": ""qint8"", ""step"": 0.0068830568343400955, ""dc"": {""scale"": 0.054016318172216415, ""zero_point"": -81, ""grid_min"": -2.5387669540941715, ""grid_max"": 11.235394179821014, ""codebook_min"": -2.1606526374816895, ""codebook_max"": 5.563680648803711, ""n_outside_grid"": 0, ""n_values"": 12288}, ""rest"": {""scale"": 0.0068830568343400955, ""zero_point"": -4, ""grid_min"": -0.8534990474581718, ""grid_max"": 0.9016804452985525, ""codebook_min"": -1.265505313873291, ""codebook_max"": 2.179769277572632, ""n_outside_grid"": 169, ""n_values"": 184320}}","{""dc_scale"": 0.054016318172216415, ""dc_zero_point"": -81, ""rest_scale"": 0.0068830568343400955, ""rest_zero_point"": -4}",88.51383010999962,4333316096,6666846208,3059986432,3203547136,True,f1fc5188d980f9a9e232ed5f23a43347333d67a9,11.757406949996948,759.0023393630981,4921712128,6666846208,4634537984,187b6095ffe3135c7769d73a9caefcd03a5273d8,2a234af55fbe8b90c8829c1436ce80088c4b622b,49ccae72e75eec9877354ed72074827531f7fd79,c0e34e8efa57,2026-10-02T14:11:40
train,j+2_p0_c3dgs,2,5.4e-06,0,c3dgs,fork,0,ok,,,cuda,,0.01,0.001,1026508,115907,9058,901543,21.206069946289062,0.7767945528030396,0.24979111552238464,10567508,10.077960968017578,10.567508,9.075258424737184,11524,8.953117429318953,2466,"{""quantization"": {""compressed_bytes"": 67, ""uncompressed_bytes"": 129}, ""xyz"": {""compressed_bytes"": 4013367, ""uncompressed_bytes"": 5463734}, ""features_dc"": {""compressed_bytes"": 27942, ""uncompressed_bytes"": 39590}, ""features_dc_scale"": {""compressed_bytes"": 72, ""uncompressed_bytes"": 132}, ""features_dc_zero_point"": {""compressed_bytes"": 73, ""uncompressed_bytes"": 132}, ""features_rest"": {""compressed_bytes"": 346617, ""uncompressed_bytes"": 592058}, ""features_rest_scale"": {""compressed_bytes"": 72, ""uncompressed_bytes"": 132}, ""features_rest_zero_point"": {""compressed_bytes"": 73, ""uncompressed_bytes"": 132}, ""opacity"": {""compressed_bytes"": 789622, ""uncompressed_bytes"": 910729}, ""opacity_scale"": {""compressed_bytes"": 72, ""uncompressed_bytes"": 132}, ""opacity_zero_point"": {""compressed_bytes"": 73, ""uncompressed_bytes"": 132}, ""feature_indices"": {""compressed_bytes"": 1200297, ""uncompressed_bytes"": 3642532}, ""gaussian_indices"": {""compressed_bytes"": 1991757, ""uncompressed_bytes"": 3642532}, ""scaling"": {""compressed_bytes"": 600341, ""uncompressed_bytes"": 843839}, ""scaling_scale"": {""compressed_bytes"": 72, ""uncompressed_bytes"": 132}, ""scaling_zero_point"": {""compressed_bytes"": 73, ""uncompressed_bytes"": 132}, ""scaling_factor"": {""compressed_bytes"": 706943, ""uncompressed_bytes"": 910729}, ""scaling_factor_scale"": {""compressed_bytes"": 72, ""uncompressed_bytes"": 132}, ""scaling_factor_zero_point"": {""compressed_bytes"": 72, ""uncompressed_bytes"": 132}, ""rotation"": {""compressed_bytes"": 886720, ""uncompressed_bytes"": 1125076}, ""rotation_scale"": {""compressed_bytes"": 72, ""uncompressed_bytes"": 132}, ""rotation_zero_point"": {""compressed_bytes"": 73, ""uncompressed_bytes"": 132}}",20.73487869061922,0.7615389416092321,0.2508821957989743,"[24.092689514160156, 21.90906524658203, 24.673778533935547, 21.665313720703125, 22.91873550415039, 24.37796401977539, 22.292804718017578, 21.770870208740234, 22.650455474853516, 23.017059326171875, 22.27237319946289, 16.882122039794922, 17.781845092773438, 18.991653442382812, 18.349332809448242, 19.43769073486328, 18.161108016967773, 21.666309356689453, 19.380596160888672, 21.678138732910156, 18.539508819580078, 21.127277374267578, 21.813026428222656, 22.378271102905273, 17.41444206237793, 19.29275131225586, 21.637493133544922, 18.311412811279297, 18.26984977722168, 24.84819221496582, 22.61830711364746, 24.92068862915039, 23.785369873046875, 13.208691596984863, 18.490278244018555, 15.924529075622559, 20.849498748779297, 20.525896072387695]","[[980, 545]]",38,7.705383001000882,"{""-40"": 30.928882197329873, ""-20"": 30.199520362050908, ""-10"": 30.305963767202275, ""0"": 30.660426340605085, ""10"": 29.95678997039795, ""20"": 30.77220354582134, ""40"": 31.209615456430537}","{""-40"": 30.30496515333642, ""-20"": 29.874059381338604, ""-10"": 30.054696613078484, ""0"": 30.444279233633345, ""10"": 29.000909256819483, ""20"": 29.88508741666863, ""40"": 30.71068407330027}",2.6734675360003166,835399168,3116974080,,,,,,,"{""bits"": 8, ""dtype"": ""qint8"", ""step"": 0.0068830568343400955, ""dc"": {""scale"": 0.054016318172216415, ""zero_point"": -81, ""grid_min"": -2.5387669540941715, ""grid_max"": 11.235394179821014, ""codebook_min"": -1.7987865209579468, ""codebook_max"": 4.70997953414917, ""n_outside_grid"": 0, ""n_values"": 12288}, ""rest"": {""scale"": 0.0068830568343400955, ""zero_point"": -4, ""grid_min"": -0.8534990474581718, ""grid_max"": 0.9016804452985525, ""codebook_min"": -0.532748281955719, ""codebook_max"": 0.5584977865219116, ""n_outside_grid"": 0, ""n_values"": 184320}}","{""dc_scale"": 0.054016318172216415, ""dc_zero_point"": -81, ""rest_scale"": 0.0068830568343400955, ""rest_zero_point"": -4}",132.20003335799993,2990710272,3307208704,1944514560,1946873856,True,e0650346a3ec6cea3618ecfff700184157678425,11.841953039169312,783.2959456443787,4936715776,6683623424,4668592128,187b6095ffe3135c7769d73a9caefcd03a5273d8,2a234af55fbe8b90c8829c1436ce80088c4b622b,49ccae72e75eec9877354ed72074827531f7fd79,c0e34e8efa57,2026-10-02T14:26:26
train,j+2_p0_gnvq_cv,2,5.4e-06,0,gnvq_cv,fork,0,ok,,,cuda,0.01,0.01,0.001,1026508,115907,9058,901543,21.54363441467285,0.7923569679260254,0.23346585035324097,10806652,10.306026458740234,10.806652,9.830342428179009,11640,9.715787927141164,2582,"{""quantization"": {""compressed_bytes"": 67, ""uncompressed_bytes"": 129}, ""xyz"": {""compressed_bytes"": 4013367, ""uncompressed_bytes"": 5463734}, ""features_dc"": {""compressed_bytes"": 27946, ""uncompressed_bytes"": 39590}, ""features_dc_scale"": {""compressed_bytes"": 72, ""uncompressed_bytes"": 132}, ""features_dc_zero_point"": {""compressed_bytes"": 73, ""uncompressed_bytes"": 132}, ""features_rest"": {""compressed_bytes"": 361266, ""uncompressed_bytes"": 592058}, ""features_rest_scale"": {""compressed_bytes"": 72, ""uncompressed_bytes"": 132}, ""features_rest_zero_point"": {""compressed_bytes"": 73, ""uncompressed_bytes"": 132}, ""opacity"": {""compressed_bytes"": 789622, ""uncompressed_bytes"": 910729}, ""opacity_scale"": {""compressed_bytes"": 72, ""uncompressed_bytes"": 132}, ""opacity_zero_point"": {""compressed_bytes"": 73, ""uncompressed_bytes"": 132}, ""feature_indices"": {""compressed_bytes"": 1424788, ""uncompressed_bytes"": 3642532}, ""gaussian_indices"": {""compressed_bytes"": 1991757, ""uncompressed_bytes"": 3642532}, ""scaling"": {""compressed_bytes"": 600341, ""uncompressed_bytes"": 843839}, ""scaling_scale"": {""compressed_bytes"": 72, ""uncompressed_bytes"": 132}, ""scaling_zero_point"": {""compressed_bytes"": 73, ""uncompressed_bytes"": 132}, ""scaling_factor"": {""compressed_bytes"": 706943, ""uncompressed_bytes"": 910729}, ""scaling_factor_scale"": {""compressed_bytes"": 72, ""uncompressed_bytes"": 132}, ""scaling_factor_zero_point"": {""compressed_bytes"": 72, ""uncompressed_bytes"": 132}, ""rotation"": {""compressed_bytes"": 886720, ""uncompressed_bytes"": 1125076}, ""rotation_scale"": {""compressed_bytes"": 72, ""uncompressed_bytes"": 132}, ""rotation_zero_point"": {""compressed_bytes"": 73, ""uncompressed_bytes"": 132}}",21.058287821317975,0.7774133392070469,0.2342491302835314,"[24.543413162231445, 22.42757797241211, 25.339479446411133, 22.046289443969727, 23.437105178833008, 24.69938087463379, 22.459394454956055, 22.060853958129883, 23.222749710083008, 23.319664001464844, 22.328941345214844, 17.15757179260254, 17.908769607543945, 19.0877742767334, 18.56000328063965, 19.76028823852539, 18.3223934173584, 22.02960205078125, 19.607595443725586, 22.043367385864258, 18.75656509399414, 21.500764846801758, 22.606199264526367, 22.508203506469727, 17.931997299194336, 19.558876037597656, 22.22001838684082, 18.672441482543945, 18.517404556274414, 25.2548770904541, 23.022985458374023, 25.608388900756836, 23.99745750427246, 13.040885925292969, 18.774919509887695, 15.916250228881836, 21.097393035888672, 20.867094039916992]","[[980, 545]]",38,7.4501038050002535,"{""-40"": 32.07102278659218, ""-20"": 31.83979963001452, ""-10"": 32.96795102169639, ""0"": 34.49218383588289, ""10"": 31.45906332919472, ""20"": 31.017693017658434, ""40"": 31.451973061812552}","{""-40"": 29.531249835116434, ""-20"": 30.65282081668704, ""-10"": 31.944295171232078, ""0"": 34.19312182969772, ""10"": 27.475962921633375, ""20"": 28.572304047887357, ""40"": 29.59457878590744}",2.682991611000034,834226688,3144212480,20,max_iters,0.0024060285201450817,,111.1439668210005,"{""rho"": ""cv"", ""start"": ""c3dgs"", ""reseed"": false, ""clip"": ""global"", ""update"": ""ridge"", ""eps"": 0.01, ""max_iters"": 20, ""rel_tol"": 0.001, ""final"": ""int8""}","{""bits"": 8, ""dtype"": ""qint8"", ""step"": 0.0068830568343400955, ""dc"": {""scale"": 0.054016318172216415, ""zero_point"": -81, ""grid_min"": -2.5387669540941715, ""grid_max"": 11.235394179821014, ""codebook_min"": -1.7787147760391235, ""codebook_max"": 3.71879243850708, ""n_outside_grid"": 0, ""n_values"": 12288}, ""rest"": {""scale"": 0.0068830568343400955, ""zero_point"": -4, ""grid_min"": -0.8534990474581718, ""grid_max"": 0.9016804452985525, ""codebook_min"": -0.8985346555709839, ""codebook_max"": 1.0792372226715088, ""n_outside_grid"": 5, ""n_values"": 184320}}","{""dc_scale"": 0.054016318172216415, ""dc_zero_point"": -81, ""rest_scale"": 0.0068830568343400955, ""rest_zero_point"": -4}",111.55854022499989,4336276992,4911529984,2997821440,3192004608,True,e0650346a3ec6cea3618ecfff700184157678425,11.830262660980225,783.2959456443787,4936715776,6683623424,4668592128,187b6095ffe3135c7769d73a9caefcd03a5273d8,2a234af55fbe8b90c8829c1436ce80088c4b622b,49ccae72e75eec9877354ed72074827531f7fd79,c0e34e8efa57,2026-10-02T14:26:26
train,j+2_p0_ogc,2,5.4e-06,0,ogc,fork,0,ok,,,cuda,,0.01,0.001,1026508,115907,9058,901543,21.588134765625,0.7954770922660828,0.22940994799137115,11089131,10.575419425964355,11.089131,11.704186357971622,13154,11.608458777353615,4096,"{""quantization"": {""compressed_bytes"": 67, ""uncompressed_bytes"": 129}, ""xyz"": {""compressed_bytes"": 4013367, ""uncompressed_bytes"": 5463734}, ""features_dc"": {""compressed_bytes"": 31014, ""uncompressed_bytes"": 39590}, ""features_dc_scale"": {""compressed_bytes"": 72, ""uncompressed_bytes"": 132}, ""features_dc_zero_point"": {""compressed_bytes"": 73, ""uncompressed_bytes"": 132}, ""features_rest"": {""compressed_bytes"": 419112, ""uncompressed_bytes"": 592058}, ""features_rest_scale"": {""compressed_bytes"": 72, ""uncompressed_bytes"": 132}, ""features_rest_zero_point"": {""compressed_bytes"": 73, ""uncompressed_bytes"": 132}, ""opacity"": {""compressed_bytes"": 789622, ""uncompressed_bytes"": 910729}, ""opacity_scale"": {""compressed_bytes"": 72, ""uncompressed_bytes"": 132}, ""opacity_zero_point"": {""compressed_bytes"": 73, ""uncompressed_bytes"": 132}, ""feature_indices"": {""compressed_bytes"": 1646353, ""uncompressed_bytes"": 3642532}, ""gaussian_indices"": {""compressed_bytes"": 1991757, ""uncompressed_bytes"": 3642532}, ""scaling"": {""compressed_bytes"": 600341, ""uncompressed_bytes"": 843839}, ""scaling_scale"": {""compressed_bytes"": 72, ""uncompressed_bytes"": 132}, ""scaling_zero_point"": {""compressed_bytes"": 73, ""uncompressed_bytes"": 132}, ""scaling_factor"": {""compressed_bytes"": 706943, ""uncompressed_bytes"": 910729}, ""scaling_factor_scale"": {""compressed_bytes"": 72, ""uncompressed_bytes"": 132}, ""scaling_factor_zero_point"": {""compressed_bytes"": 72, ""uncompressed_bytes"": 132}, ""rotation"": {""compressed_bytes"": 886720, ""uncompressed_bytes"": 1125076}, ""rotation_scale"": {""compressed_bytes"": 72, ""uncompressed_bytes"": 132}, ""rotation_zero_point"": {""compressed_bytes"": 73, ""uncompressed_bytes"": 132}}",21.106015481446917,0.7802912632101461,0.23050402732271896,"[24.653358459472656, 22.56211280822754, 25.423118591308594, 22.0988826751709, 23.5355281829834, 24.75593376159668, 22.50813865661621, 22.083593368530273, 23.24077033996582, 23.36910057067871, 22.35820770263672, 17.20383644104004, 17.90658187866211, 18.852035522460938, 18.61581802368164, 19.830806732177734, 18.3384952545166, 22.077167510986328, 19.648784637451172, 22.15756607055664, 18.757686614990234, 21.555269241333008, 22.665803909301758, 22.520709991455078, 18.06068992614746, 19.643465042114258, 22.26854133605957, 18.656509399414062, 18.532018661499023, 25.334564208984375, 23.148635864257812, 25.691368103027344, 24.05988121032715, 13.042937278747559, 18.88582992553711, 15.97683334350586, 21.147178649902344, 20.860828399658203]","[[980, 545]]",38,7.389928152999346,"{""-40"": 32.37867664035998, ""-20"": 32.454512445550215, ""-10"": 34.08011682409989, ""0"": 35.72065654553865, ""10"": 33.14957071605482, ""20"": 32.123172082399066, ""40"": 31.796576901486045}","{""-40"": 24.69354035493717, ""-20"": 29.814009557160468, ""-10"": 32.78022146232804, ""0"": 35.41829768169854, ""10"": 31.083916646331765, ""20"": 25.52649706635975, ""40"": 29.594509552014433}",2.717402222999226,834246144,3144212480,,,,,,,"{""bits"": 8, ""dtype"": ""qint8"", ""step"": 0.0068830568343400955, ""dc"": {""scale"": 0.054016318172216415, ""zero_point"": -81, ""grid_min"": -2.5387669540941715, ""grid_max"": 11.235394179821014, ""codebook_min"": -2.2472002506256104, ""codebook_max"": 8.227556228637695, ""n_outside_grid"": 0, ""n_values"": 12288}, ""rest"": {""scale"": 0.0068830568343400955, ""zero_point"": -4, ""grid_min"": -0.8534990474581718, ""grid_max"": 0.9016804452985525, ""codebook_min"": -3.16828989982605, ""codebook_max"": 3.01484751701355, ""n_outside_grid"": 163, ""n_values"": 184320}}","{""dc_scale"": 0.054016318172216415, ""dc_zero_point"": -81, ""rest_scale"": 0.0068830568343400955, ""rest_zero_point"": -4}",29.648684259998845,4936715776,6144655360,3049390080,4668592128,True,e0650346a3ec6cea3618ecfff700184157678425,11.75402283668518,783.2959456443787,4936715776,6683623424,4668592128,187b6095ffe3135c7769d73a9caefcd03a5273d8,2a234af55fbe8b90c8829c1436ce80088c4b622b,49ccae72e75eec9877354ed72074827531f7fd79,c0e34e8efa57,2026-10-02T14:26:26
train,j+2_p0_ogc_lamcv,2,5.4e-06,0,ogc_lamcv,fork,0,alias,lam_cv = 1e-3: ogc_lamcv is ogc and is not run again (Amendment 16 b),ogc,cuda,,0.01,0.001,1026508,115907,9058,901543,21.588134765625,0.7954770922660828,0.22940994799137115,11089131,10.575419425964355,11.089131,11.704186357971622,13154,11.608458777353615,4096,"{""quantization"": {""compressed_bytes"": 67, ""uncompressed_bytes"": 129}, ""xyz"": {""compressed_bytes"": 4013367, ""uncompressed_bytes"": 5463734}, ""features_dc"": {""compressed_bytes"": 31014, ""uncompressed_bytes"": 39590}, ""features_dc_scale"": {""compressed_bytes"": 72, ""uncompressed_bytes"": 132}, ""features_dc_zero_point"": {""compressed_bytes"": 73, ""uncompressed_bytes"": 132}, ""features_rest"": {""compressed_bytes"": 419112, ""uncompressed_bytes"": 592058}, ""features_rest_scale"": {""compressed_bytes"": 72, ""uncompressed_bytes"": 132}, ""features_rest_zero_point"": {""compressed_bytes"": 73, ""uncompressed_bytes"": 132}, ""opacity"": {""compressed_bytes"": 789622, ""uncompressed_bytes"": 910729}, ""opacity_scale"": {""compressed_bytes"": 72, ""uncompressed_bytes"": 132}, ""opacity_zero_point"": {""compressed_bytes"": 73, ""uncompressed_bytes"": 132}, ""feature_indices"": {""compressed_bytes"": 1646353, ""uncompressed_bytes"": 3642532}, ""gaussian_indices"": {""compressed_bytes"": 1991757, ""uncompressed_bytes"": 3642532}, ""scaling"": {""compressed_bytes"": 600341, ""uncompressed_bytes"": 843839}, ""scaling_scale"": {""compressed_bytes"": 72, ""uncompressed_bytes"": 132}, ""scaling_zero_point"": {""compressed_bytes"": 73, ""uncompressed_bytes"": 132}, ""scaling_factor"": {""compressed_bytes"": 706943, ""uncompressed_bytes"": 910729}, ""scaling_factor_scale"": {""compressed_bytes"": 72, ""uncompressed_bytes"": 132}, ""scaling_factor_zero_point"": {""compressed_bytes"": 72, ""uncompressed_bytes"": 132}, ""rotation"": {""compressed_bytes"": 886720, ""uncompressed_bytes"": 1125076}, ""rotation_scale"": {""compressed_bytes"": 72, ""uncompressed_bytes"": 132}, ""rotation_zero_point"": {""compressed_bytes"": 73, ""uncompressed_bytes"": 132}}",21.106015481446917,0.7802912632101461,0.23050402732271896,"[24.653358459472656, 22.56211280822754, 25.423118591308594, 22.0988826751709, 23.5355281829834, 24.75593376159668, 22.50813865661621, 22.083593368530273, 23.24077033996582, 23.36910057067871, 22.35820770263672, 17.20383644104004, 17.90658187866211, 18.852035522460938, 18.61581802368164, 19.830806732177734, 18.3384952545166, 22.077167510986328, 19.648784637451172, 22.15756607055664, 18.757686614990234, 21.555269241333008, 22.665803909301758, 22.520709991455078, 18.06068992614746, 19.643465042114258, 22.26854133605957, 18.656509399414062, 18.532018661499023, 25.334564208984375, 23.148635864257812, 25.691368103027344, 24.05988121032715, 13.042937278747559, 18.88582992553711, 15.97683334350586, 21.147178649902344, 20.860828399658203]","[[980, 545]]",38,7.389928152999346,"{""-40"": 32.37867664035998, ""-20"": 32.454512445550215, ""-10"": 34.08011682409989, ""0"": 35.72065654553865, ""10"": 33.14957071605482, ""20"": 32.123172082399066, ""40"": 31.796576901486045}","{""-40"": 24.69354035493717, ""-20"": 29.814009557160468, ""-10"": 32.78022146232804, ""0"": 35.41829768169854, ""10"": 31.083916646331765, ""20"": 25.52649706635975, ""40"": 29.594509552014433}",2.717402222999226,834246144,3144212480,,,,,,,"{""bits"": 8, ""dtype"": ""qint8"", ""step"": 0.0068830568343400955, ""dc"": {""scale"": 0.054016318172216415, ""zero_point"": -81, ""grid_min"": -2.5387669540941715, ""grid_max"": 11.235394179821014, ""codebook_min"": -2.2472002506256104, ""codebook_max"": 8.227556228637695, ""n_outside_grid"": 0, ""n_values"": 12288}, ""rest"": {""scale"": 0.0068830568343400955, ""zero_point"": -4, ""grid_min"": -0.8534990474581718, ""grid_max"": 0.9016804452985525, ""codebook_min"": -3.16828989982605, ""codebook_max"": 3.01484751701355, ""n_outside_grid"": 163, ""n_values"": 184320}}","{""dc_scale"": 0.054016318172216415, ""dc_zero_point"": -81, ""rest_scale"": 0.0068830568343400955, ""rest_zero_point"": -4}",29.648684259998845,4936715776,6144655360,3049390080,4668592128,True,e0650346a3ec6cea3618ecfff700184157678425,11.75402283668518,783.2959456443787,4936715776,6683623424,4668592128,187b6095ffe3135c7769d73a9caefcd03a5273d8,2a234af55fbe8b90c8829c1436ce80088c4b622b,49ccae72e75eec9877354ed72074827531f7fd79,c0e34e8efa57,2026-10-02T14:26:26
train,j+2_p0_lad_reseed,2,5.4e-06,0,lad_reseed,fork,0,ok,,,cuda,0.01,0.01,0.001,1026508,115907,9058,901543,21.58482551574707,0.794897198677063,0.23027364909648895,11054251,10.542155265808105,11.054251,11.454583125115196,13154,11.356347726142197,4096,"{""quantization"": {""compressed_bytes"": 67, ""uncompressed_bytes"": 129}, ""xyz"": {""compressed_bytes"": 4013367, ""uncompressed_bytes"": 5463734}, ""features_dc"": {""compressed_bytes"": 30497, ""uncompressed_bytes"": 39590}, ""features_dc_scale"": {""compressed_bytes"": 72, ""uncompressed_bytes"": 132}, ""features_dc_zero_point"": {""compressed_bytes"": 73, ""uncompressed_bytes"": 132}, ""features_rest"": {""compressed_bytes"": 413333, ""uncompressed_bytes"": 592058}, ""features_rest_scale"": {""compressed_bytes"": 72, ""uncompressed_bytes"": 132}, ""features_rest_zero_point"": {""compressed_bytes"": 73, ""uncompressed_bytes"": 132}, ""opacity"": {""compressed_bytes"": 789622, ""uncompressed_bytes"": 910729}, ""opacity_scale"": {""compressed_bytes"": 72, ""uncompressed_bytes"": 132}, ""opacity_zero_point"": {""compressed_bytes"": 73, ""uncompressed_bytes"": 132}, ""feature_indices"": {""compressed_bytes"": 1617769, ""uncompressed_bytes"": 3642532}, ""gaussian_indices"": {""compressed_bytes"": 1991757, ""uncompressed_bytes"": 3642532}, ""scaling"": {""compressed_bytes"": 600341, ""uncompressed_bytes"": 843839}, ""scaling_scale"": {""compressed_bytes"": 72, ""uncompressed_bytes"": 132}, ""scaling_zero_point"": {""compressed_bytes"": 73, ""uncompressed_bytes"": 132}, ""scaling_factor"": {""compressed_bytes"": 706943, ""uncompressed_bytes"": 910729}, ""scaling_factor_scale"": {""compressed_bytes"": 72, ""uncompressed_bytes"": 132}, ""scaling_factor_zero_point"": {""compressed_bytes"": 72, ""uncompressed_bytes"": 132}, ""rotation"": {""compressed_bytes"": 886720, ""uncompressed_bytes"": 1125076}, ""rotation_scale"": {""compressed_bytes"": 72, ""uncompressed_bytes"": 132}, ""rotation_zero_point"": {""compressed_bytes"": 73, ""uncompressed_bytes"": 132}}",21.09689940904316,0.7797578149720242,0.23125284910202026,"[24.65113067626953, 22.5256290435791, 25.408435821533203, 22.106117248535156, 23.537525177001953, 24.744892120361328, 22.46685218811035, 22.08357048034668, 23.298198699951172, 23.335233688354492, 22.334569931030273, 17.203649520874023, 17.92224884033203, 18.847381591796875, 18.62740135192871, 19.828781127929688, 18.30304527282715, 22.075841903686523, 19.660205841064453, 22.131044387817383, 18.759265899658203, 21.56026268005371, 22.650135040283203, 22.54332733154297, 18.00858497619629, 19.620250701904297, 22.281158447265625, 18.642457962036133, 18.52248764038086, 25.303083419799805, 23.09029769897461, 25.718769073486328, 24.069408416748047, 13.027164459228516, 18.833078384399414, 15.9497652053833, 21.15595054626465, 20.8549747467041]","[[980, 545]]",38,7.447201717001008,"{""-40"": 33.020337305570905, ""-20"": 32.743215159366, ""-10"": 34.02365077169318, ""0"": 35.53987743980006, ""10"": 32.89237619701185, ""20"": 32.356032170747454, ""40"": 32.13550557588276}","{""-40"": 29.861606035560136, ""-20"": 31.20489358774273, ""-10"": 33.043189850245945, ""0"": 35.238084066912066, ""10"": 30.34668021005878, ""20"": 29.002869668371215, ""40"": 29.935222946669203}",2.677273597000749,834265600,3144212480,16,rel_tol,0.0008734068499381245,0,91.61324632600008,"{""rho"": ""cv"", ""start"": ""c3dgs"", ""reseed"": true, ""clip"": ""global"", ""update"": ""ridge"", ""eps"": 0.01, ""max_iters"": 20, ""rel_tol"": 0.001, ""final"": ""int8""}","{""bits"": 8, ""dtype"": ""qint8"", ""step"": 0.0068830568343400955, ""dc"": {""scale"": 0.054016318172216415, ""zero_point"": -81, ""grid_min"": -2.5387669540941715, ""grid_max"": 11.235394179821014, ""codebook_min"": -2.3227016925811768, ""codebook_max"": 5.563680648803711, ""n_outside_grid"": 0, ""n_values"": 12288}, ""rest"": {""scale"": 0.0068830568343400955, ""zero_point"": -4, ""grid_min"": -0.8534990474581718, ""grid_max"": 0.9016804452985525, ""codebook_min"": -1.0953166484832764, ""codebook_max"": 2.136467695236206, ""n_outside_grid"": 97, ""n_values"": 184320}}","{""dc_scale"": 0.054016318172216415, ""dc_zero_point"": -81, ""rest_scale"": 0.0068830568343400955, ""rest_zero_point"": -4}",92.07904551399952,4351981056,6683623424,3051171840,3194621952,True,e0650346a3ec6cea3618ecfff700184157678425,11.656102418899536,783.2959456443787,4936715776,6683623424,4668592128,187b6095ffe3135c7769d73a9caefcd03a5273d8,2a234af55fbe8b90c8829c1436ce80088c4b622b,49ccae72e75eec9877354ed72074827531f7fd79,c0e34e8efa57,2026-10-02T14:26:26
