scene,config,j,threshold,process_seed,row,kind,attempt,status,reason,data_device,ogc_metric,impl,ogc_source,n_ckpt,n_pruned,n_kept_colour,n_colour_quantized,c3dgs_PSNR,c3dgs_SSIM,c3dgs_LPIPS,c3dgs_eval_error,npz_bytes,size_MiB,size_MB,index_entropy_bits,distinct_indices,codebook_entropy_bits,codebook_distinct,arrays,PSNR_ii,SSIM_ii,LPIPS_ii,psnr_ii_per_view,resolution_ii,n_views_ii,eval_ii_time_s,fidelity_psnr,fidelity_pooled_psnr,fidelity_time_s,fidelity_cuda_peak,fidelity_rss_peak,ogc_time_s,table_range,qa_at_save,labels_survived,row_time_s,row_cuda_peak_allocated,row_cuda_peak_reserved,row_rss_start_bytes,row_rss_peak_bytes,row_host_bytes_metric_copy,checks_ok,geometry_sha1,npz2ply_time_s,process_wall_s,process_peak_allocated,process_peak_reserved,process_rss_peak,model_sha1,c3dgs_commit,ogc_commit,gsplat_commit,timestamp
train,uncompressed,,,,,uncompressed,,ok,,,,,url,,,,,,,,,,,,,,,,,21.293174643265573,0.7926117911150581,0.2170319965011195,"[24.810510635375977, 22.81905174255371, 25.82695960998535, 22.29166030883789, 23.79964256286621, 25.014055252075195, 22.67318344116211, 22.264163970947266, 23.5482120513916, 23.624404907226562, 22.474544525146484, 17.284976959228516, 18.02279281616211, 19.229516983032227, 18.813879013061523, 20.02608871459961, 18.39786148071289, 22.285533905029297, 19.828075408935547, 22.3250732421875, 18.842815399169922, 21.7712459564209, 22.991310119628906, 22.644445419311523, 18.62172508239746, 19.82048797607422, 22.43360137939453, 18.82884407043457, 18.593156814575195, 25.32912826538086, 23.377275466918945, 26.135543823242188, 24.143508911132812, 12.912752151489258, 19.103452682495117, 16.006643295288086, 21.241424560546875, 20.98308753967285]","[[980, 545]]",38,9.105303067000023,,,,,,,,,,,,,,,,,,,,,,,187b6095ffe3135c7769d73a9caefcd03a5273d8,2a234af55fbe8b90c8829c1436ce80088c4b622b,49ccae72e75eec9877354ed72074827531f7fd79,27c7731bcb76,2026-10-09T14:27:26
train,p0_c3dgs,0,6e-07,0,c3dgs,fork,0,ok,,cuda,,,url,1026508,115907,107525,803076,21.514741897583008,0.7907651662826538,0.2346070408821106,,13876889,13.23403263092041,13.876889,10.445090475854327,110021,9.011739714489927,2496,"{""quantization"": {""compressed_bytes"": 67, ""uncompressed_bytes"": 129}, ""xyz"": {""compressed_bytes"": 4013367, ""uncompressed_bytes"": 5463734}, ""features_dc"": {""compressed_bytes"": 255314, ""uncompressed_bytes"": 334991}, ""features_dc_scale"": {""compressed_bytes"": 72, ""uncompressed_bytes"": 132}, ""features_dc_zero_point"": {""compressed_bytes"": 73, ""uncompressed_bytes"": 132}, ""features_rest"": {""compressed_bytes"": 3203748, ""uncompressed_bytes"": 5023073}, ""features_rest_scale"": {""compressed_bytes"": 72, ""uncompressed_bytes"": 132}, ""features_rest_zero_point"": {""compressed_bytes"": 73, ""uncompressed_bytes"": 132}, ""opacity"": {""compressed_bytes"": 789622, ""uncompressed_bytes"": 910729}, ""opacity_scale"": {""compressed_bytes"": 72, ""uncompressed_bytes"": 132}, ""opacity_zero_point"": {""compressed_bytes"": 73, ""uncompressed_bytes"": 132}, ""feature_indices"": {""compressed_bytes"": 1424880, ""uncompressed_bytes"": 3642532}, ""gaussian_indices"": {""compressed_bytes"": 1992030, ""uncompressed_bytes"": 3642532}, ""scaling"": {""compressed_bytes"": 600360, ""uncompressed_bytes"": 843839}, ""scaling_scale"": {""compressed_bytes"": 72, ""uncompressed_bytes"": 132}, ""scaling_zero_point"": {""compressed_bytes"": 73, ""uncompressed_bytes"": 132}, ""scaling_factor"": {""compressed_bytes"": 706943, ""uncompressed_bytes"": 910729}, ""scaling_factor_scale"": {""compressed_bytes"": 72, ""uncompressed_bytes"": 132}, ""scaling_factor_zero_point"": {""compressed_bytes"": 72, ""uncompressed_bytes"": 132}, ""rotation"": {""compressed_bytes"": 886723, ""uncompressed_bytes"": 1125076}, ""rotation_scale"": {""compressed_bytes"": 72, ""uncompressed_bytes"": 132}, ""rotation_zero_point"": {""compressed_bytes"": 73, ""uncompressed_bytes"": 132}}",21.00311582966855,0.7746592901254955,0.23587718213859357,"[24.459815979003906, 22.26151466369629, 25.440155029296875, 21.96209144592285, 23.35170555114746, 24.68167495727539, 22.459245681762695, 21.981393814086914, 23.153717041015625, 23.262144088745117, 22.29092788696289, 17.15791130065918, 17.95107650756836, 18.94476318359375, 18.584205627441406, 19.773944854736328, 18.192508697509766, 21.97930908203125, 19.649158477783203, 21.94822883605957, 18.693267822265625, 21.397212982177734, 22.566192626953125, 22.562484741210938, 17.859952926635742, 19.485639572143555, 21.999849319458008, 18.568622589111328, 18.4765682220459, 25.024181365966797, 23.195999145507812, 25.430377960205078, 23.99005699157715, 13.01090145111084, 18.79075813293457, 15.906408309936523, 20.98407554626465, 20.690359115600586]","[[980, 545]]",38,8.730022935000306,"{""-40"": 34.89864098398309, ""-20"": 32.936862794976484, ""-10"": 33.435123443603516, ""0"": 33.847350421704746, ""10"": 32.87322988008198, ""20"": 34.61596654590807, ""40"": 34.160161570498815}","{""-40"": 34.158919074548265, ""-20"": 32.22226809445694, ""-10"": 33.16140298517768, ""0"": 33.53735897100231, ""10"": 31.2731936196601, ""20"": 33.35885894399025, ""40"": 33.605048099096464}",2.8255311820003044,834368512,3383894016,,"{""bits"": 8, ""dtype"": ""qint8"", ""step"": 0.0068830568343400955, ""dc"": {""scale"": 0.054016318172216415, ""zero_point"": -81, ""grid_min"": -2.5387669540941715, ""grid_max"": 11.235394179821014, ""codebook_min"": -1.8231552839279175, ""codebook_max"": 4.90042781829834, ""n_outside_grid"": 0, ""n_values"": 12288}, ""rest"": {""scale"": 0.0068830568343400955, ""zero_point"": -4, ""grid_min"": -0.8534990474581718, ""grid_max"": 0.9016804452985525, ""codebook_min"": -0.5591908693313599, ""codebook_max"": 0.5737599730491638, ""n_outside_grid"": 0, ""n_values"": 184320}}","{""dc_scale"": 0.054016318172216415, ""dc_zero_point"": -81, ""rest_scale"": 0.0068830568343400955, ""rest_zero_point"": -4}",,130.6421635250008,2950757376,3288334336,1756794880,1759092736,,True,87712a764e8066ff97bad93303cd23b02abfd5c7,11.277018785476685,1446.8138401508331,4917826048,5377097728,4463632384,187b6095ffe3135c7769d73a9caefcd03a5273d8,2a234af55fbe8b90c8829c1436ce80088c4b622b,49ccae72e75eec9877354ed72074827531f7fd79,27c7731bcb76,2026-10-09T14:54:59
train,p0_ogc_plain,0,6e-07,0,ogc_plain,fork,0,ok,,cuda,plain,ogc,url,1026508,115907,107525,803076,21.558300018310547,0.7933370471000671,0.2320219874382019,,14131078,13.476446151733398,14.131078,12.665969867444439,111621,11.529975840163399,4096,"{""quantization"": {""compressed_bytes"": 67, ""uncompressed_bytes"": 129}, ""xyz"": {""compressed_bytes"": 4013367, ""uncompressed_bytes"": 5463734}, ""features_dc"": {""compressed_bytes"": 258904, ""uncompressed_bytes"": 334991}, ""features_dc_scale"": {""compressed_bytes"": 72, ""uncompressed_bytes"": 132}, ""features_dc_zero_point"": {""compressed_bytes"": 73, ""uncompressed_bytes"": 132}, ""features_rest"": {""compressed_bytes"": 3242091, ""uncompressed_bytes"": 5023073}, ""features_rest_scale"": {""compressed_bytes"": 72, ""uncompressed_bytes"": 132}, ""features_rest_zero_point"": {""compressed_bytes"": 73, ""uncompressed_bytes"": 132}, ""opacity"": {""compressed_bytes"": 789622, ""uncompressed_bytes"": 910729}, ""opacity_scale"": {""compressed_bytes"": 72, ""uncompressed_bytes"": 132}, ""opacity_zero_point"": {""compressed_bytes"": 73, ""uncompressed_bytes"": 132}, ""feature_indices"": {""compressed_bytes"": 1637136, ""uncompressed_bytes"": 3642532}, ""gaussian_indices"": {""compressed_bytes"": 1992030, ""uncompressed_bytes"": 3642532}, ""scaling"": {""compressed_bytes"": 600360, ""uncompressed_bytes"": 843839}, ""scaling_scale"": {""compressed_bytes"": 72, ""uncompressed_bytes"": 132}, ""scaling_zero_point"": {""compressed_bytes"": 73, ""uncompressed_bytes"": 132}, ""scaling_factor"": {""compressed_bytes"": 706943, ""uncompressed_bytes"": 910729}, ""scaling_factor_scale"": {""compressed_bytes"": 72, ""uncompressed_bytes"": 132}, ""scaling_factor_zero_point"": {""compressed_bytes"": 72, ""uncompressed_bytes"": 132}, ""rotation"": {""compressed_bytes"": 886723, ""uncompressed_bytes"": 1125076}, ""rotation_scale"": {""compressed_bytes"": 72, ""uncompressed_bytes"": 132}, ""rotation_zero_point"": {""compressed_bytes"": 73, ""uncompressed_bytes"": 132}}",21.078922823855752,0.7779752972878908,0.23301135591770472,"[24.622787475585938, 22.44134521484375, 25.4755916595459, 22.074674606323242, 23.452320098876953, 24.707067489624023, 22.438724517822266, 22.089494705200195, 23.184276580810547, 23.282583236694336, 22.392169952392578, 17.17645263671875, 17.93436622619629, 19.015575408935547, 18.65872573852539, 19.815597534179688, 18.280166625976562, 22.04806900024414, 19.6386775970459, 22.095033645629883, 18.737957000732422, 21.544584274291992, 22.561254501342773, 22.497934341430664, 18.068082809448242, 19.626056671142578, 22.05396842956543, 18.638578414916992, 18.461078643798828, 25.14072036743164, 23.26576805114746, 25.560321807861328, 24.012693405151367, 13.024295806884766, 18.93496322631836, 15.973737716674805, 21.19639778137207, 20.87697410583496]","[[980, 545]]",38,8.335936503000084,"{""-40"": 35.68745106144955, ""-20"": 33.883140563964844, ""-10"": 34.51146828500848, ""0"": 34.932540341427455, ""10"": 34.13883113861084, ""20"": 35.426658178630625, ""40"": 34.75656900907818}","{""-40"": 35.079187839775564, ""-20"": 33.0222667528954, ""-10"": 34.23166202478599, ""0"": 34.64829571468278, ""10"": 32.075483548902724, ""20"": 34.07719677410083, ""40"": 34.22373701520622}",2.7738136119996852,833199616,3411132416,23.215017444000296,"{""bits"": 8, ""dtype"": ""qint8"", ""step"": 0.0068830568343400955, ""dc"": {""scale"": 0.054016318172216415, ""zero_point"": -81, ""grid_min"": -2.5387669540941715, ""grid_max"": 11.235394179821014, ""codebook_min"": -2.1995439529418945, ""codebook_max"": 11.235394477844238, ""n_outside_grid"": 0, ""n_values"": 12288}, ""rest"": {""scale"": 0.0068830568343400955, ""zero_point"": -4, ""grid_min"": -0.8534990474581718, ""grid_max"": 0.9016804452985525, ""codebook_min"": -0.8053176403045654, ""codebook_max"": 0.7181322574615479, ""n_outside_grid"": 0, ""n_values"": 184320}}","{""dc_scale"": 0.054016318172216415, ""dc_zero_point"": -81, ""rest_scale"": 0.0068830568343400955, ""rest_zero_point"": -4}",,23.27981757499947,4417958400,4936695808,2198028288,4463628288,822349824,True,87712a764e8066ff97bad93303cd23b02abfd5c7,11.221225500106812,1446.8138401508331,4917826048,5377097728,4463632384,187b6095ffe3135c7769d73a9caefcd03a5273d8,2a234af55fbe8b90c8829c1436ce80088c4b622b,49ccae72e75eec9877354ed72074827531f7fd79,27c7731bcb76,2026-10-09T14:54:59
train,p0_ogc_scalar,0,6e-07,0,ogc_scalar,fork,0,ok,,cuda,scalar,ogc,url,1026508,115907,107525,803076,21.5875301361084,0.7941405773162842,0.23139795660972595,,14122893,13.468640327453613,14.122893,12.472742331614219,111621,11.310876791811145,4096,"{""quantization"": {""compressed_bytes"": 67, ""uncompressed_bytes"": 129}, ""xyz"": {""compressed_bytes"": 4013367, ""uncompressed_bytes"": 5463734}, ""features_dc"": {""compressed_bytes"": 258249, ""uncompressed_bytes"": 334991}, ""features_dc_scale"": {""compressed_bytes"": 72, ""uncompressed_bytes"": 132}, ""features_dc_zero_point"": {""compressed_bytes"": 73, ""uncompressed_bytes"": 132}, ""features_rest"": {""compressed_bytes"": 3243895, ""uncompressed_bytes"": 5023073}, ""features_rest_scale"": {""compressed_bytes"": 72, ""uncompressed_bytes"": 132}, ""features_rest_zero_point"": {""compressed_bytes"": 73, ""uncompressed_bytes"": 132}, ""opacity"": {""compressed_bytes"": 789622, ""uncompressed_bytes"": 910729}, ""opacity_scale"": {""compressed_bytes"": 72, ""uncompressed_bytes"": 132}, ""opacity_zero_point"": {""compressed_bytes"": 73, ""uncompressed_bytes"": 132}, ""feature_indices"": {""compressed_bytes"": 1627802, ""uncompressed_bytes"": 3642532}, ""gaussian_indices"": {""compressed_bytes"": 1992030, ""uncompressed_bytes"": 3642532}, ""scaling"": {""compressed_bytes"": 600360, ""uncompressed_bytes"": 843839}, ""scaling_scale"": {""compressed_bytes"": 72, ""uncompressed_bytes"": 132}, ""scaling_zero_point"": {""compressed_bytes"": 73, ""uncompressed_bytes"": 132}, ""scaling_factor"": {""compressed_bytes"": 706943, ""uncompressed_bytes"": 910729}, ""scaling_factor_scale"": {""compressed_bytes"": 72, ""uncompressed_bytes"": 132}, ""scaling_factor_zero_point"": {""compressed_bytes"": 72, ""uncompressed_bytes"": 132}, ""rotation"": {""compressed_bytes"": 886723, ""uncompressed_bytes"": 1125076}, ""rotation_scale"": {""compressed_bytes"": 72, ""uncompressed_bytes"": 132}, ""rotation_zero_point"": {""compressed_bytes"": 73, ""uncompressed_bytes"": 132}}",21.089300130542956,0.7784741983601922,0.23263781517744064,"[24.609573364257812, 22.41907501220703, 25.494779586791992, 22.0728759765625, 23.52372169494629, 24.76156997680664, 22.49161720275879, 22.096410751342773, 23.26337242126465, 23.347789764404297, 22.360057830810547, 17.223512649536133, 17.93522071838379, 18.871435165405273, 18.649028778076172, 19.814865112304688, 18.274120330810547, 22.06574058532715, 19.6602783203125, 22.090736389160156, 18.74666976928711, 21.561141967773438, 22.5556640625, 22.587038040161133, 18.080202102661133, 19.589847564697266, 22.1185302734375, 18.63176727294922, 18.50319480895996, 25.218631744384766, 23.27227210998535, 25.63218116760254, 24.0162353515625, 13.016801834106445, 18.926259994506836, 15.929886817932129, 21.15510368347168, 20.826194763183594]","[[980, 545]]",38,8.213111746000322,"{""-40"": 35.75350098860891, ""-20"": 33.93064102373625, ""-10"": 34.67259256463302, ""0"": 35.101214157907584, ""10"": 34.03376293182373, ""20"": 35.53307683844315, ""40"": 34.92110036548815}","{""-40"": 35.20079234968375, ""-20"": 33.062524290378406, ""-10"": 34.40757534141459, ""0"": 34.81426524023958, ""10"": 32.16484386635353, ""20"": 34.269542886521755, ""40"": 34.43900336983322}",2.7699540650000927,833219072,3427155968,23.551620320999973,"{""bits"": 8, ""dtype"": ""qint8"", ""step"": 0.0068830568343400955, ""dc"": {""scale"": 0.054016318172216415, ""zero_point"": -81, ""grid_min"": -2.5387669540941715, ""grid_max"": 11.235394179821014, ""codebook_min"": -2.2865068912506104, ""codebook_max"": 7.936097621917725, ""n_outside_grid"": 0, ""n_values"": 12288}, ""rest"": {""scale"": 0.0068830568343400955, ""zero_point"": -4, ""grid_min"": -0.8534990474581718, ""grid_max"": 0.9016804452985525, ""codebook_min"": -0.8328498601913452, ""codebook_max"": 0.7915515303611755, ""n_outside_grid"": 0, ""n_values"": 184320}}","{""dc_scale"": 0.054016318172216415, ""dc_zero_point"": -81, ""rest_scale"": 0.0068830568343400955, ""rest_zero_point"": -4}",,23.615014096000777,4426030080,4936695808,2202148864,4463632384,822349824,True,87712a764e8066ff97bad93303cd23b02abfd5c7,11.203319072723389,1446.8138401508331,4917826048,5377097728,4463632384,187b6095ffe3135c7769d73a9caefcd03a5273d8,2a234af55fbe8b90c8829c1436ce80088c4b622b,49ccae72e75eec9877354ed72074827531f7fd79,27c7731bcb76,2026-10-09T14:54:59
train,p0_ogc_gram,0,6e-07,0,ogc_gram,fork,0,ok,,cuda,gram,ogc,url,1026508,115907,107525,803076,21.652835845947266,0.7991595268249512,0.22487342357635498,,14349600,13.684844970703125,14.3496,12.775408328355388,111621,11.654067173915088,4096,"{""quantization"": {""compressed_bytes"": 67, ""uncompressed_bytes"": 129}, ""xyz"": {""compressed_bytes"": 4013367, ""uncompressed_bytes"": 5463734}, ""features_dc"": {""compressed_bytes"": 258529, ""uncompressed_bytes"": 334991}, ""features_dc_scale"": {""compressed_bytes"": 72, ""uncompressed_bytes"": 132}, ""features_dc_zero_point"": {""compressed_bytes"": 73, ""uncompressed_bytes"": 132}, ""features_rest"": {""compressed_bytes"": 3277763, ""uncompressed_bytes"": 5023073}, ""features_rest_scale"": {""compressed_bytes"": 72, ""uncompressed_bytes"": 132}, ""features_rest_zero_point"": {""compressed_bytes"": 73, ""uncompressed_bytes"": 132}, ""opacity"": {""compressed_bytes"": 789622, ""uncompressed_bytes"": 910729}, ""opacity_scale"": {""compressed_bytes"": 72, ""uncompressed_bytes"": 132}, ""opacity_zero_point"": {""compressed_bytes"": 73, ""uncompressed_bytes"": 132}, ""feature_indices"": {""compressed_bytes"": 1820361, ""uncompressed_bytes"": 3642532}, ""gaussian_indices"": {""compressed_bytes"": 1992030, ""uncompressed_bytes"": 3642532}, ""scaling"": {""compressed_bytes"": 600360, ""uncompressed_bytes"": 843839}, ""scaling_scale"": {""compressed_bytes"": 72, ""uncompressed_bytes"": 132}, ""scaling_zero_point"": {""compressed_bytes"": 73, ""uncompressed_bytes"": 132}, ""scaling_factor"": {""compressed_bytes"": 706943, ""uncompressed_bytes"": 910729}, ""scaling_factor_scale"": {""compressed_bytes"": 72, ""uncompressed_bytes"": 132}, ""scaling_factor_zero_point"": {""compressed_bytes"": 72, ""uncompressed_bytes"": 132}, ""rotation"": {""compressed_bytes"": 886723, ""uncompressed_bytes"": 1125076}, ""rotation_scale"": {""compressed_bytes"": 72, ""uncompressed_bytes"": 132}, ""rotation_zero_point"": {""compressed_bytes"": 73, ""uncompressed_bytes"": 132}}",21.166836261749268,0.7839080871720063,0.22585670179442355,"[24.733877182006836, 22.598400115966797, 25.63729476928711, 22.14105224609375, 23.63144302368164, 24.848142623901367, 22.546768188476562, 22.144655227661133, 23.360767364501953, 23.427024841308594, 22.38432502746582, 17.275959014892578, 17.95981216430664, 18.890161514282227, 18.750286102294922, 19.902584075927734, 18.30055046081543, 22.150712966918945, 19.700082778930664, 22.17607879638672, 18.79523468017578, 21.641788482666016, 22.77065658569336, 22.546966552734375, 18.255306243896484, 19.669021606445312, 22.294452667236328, 18.68602180480957, 18.54621124267578, 25.324996948242188, 23.309219360351562, 25.833925247192383, 24.0712890625, 13.006248474121094, 18.981464385986328, 15.995009422302246, 21.19573211669922, 20.85625457763672]","[[980, 545]]",38,8.451293887999782,"{""-40"": 36.29093908008776, ""-20"": 34.716155554118906, ""-10"": 36.18659310591848, ""0"": 37.28346051667866, ""10"": 35.39125156402588, ""20"": 35.92257012818989, ""40"": 34.677974249187265}","{""-40"": 34.51484091228391, ""-20"": 33.05454974774345, ""-10"": 35.41117921092295, ""0"": 36.93238928802613, ""10"": 32.61143723825808, ""20"": 33.35555128911417, ""40"": 33.021992419249464}",2.8123049890000402,833238528,3427155968,24.20111487900067,"{""bits"": 8, ""dtype"": ""qint8"", ""step"": 0.0068830568343400955, ""dc"": {""scale"": 0.054016318172216415, ""zero_point"": -81, ""grid_min"": -2.5387669540941715, ""grid_max"": 11.235394179821014, ""codebook_min"": -2.4123177528381348, ""codebook_max"": 6.812413215637207, ""n_outside_grid"": 0, ""n_values"": 12288}, ""rest"": {""scale"": 0.0068830568343400955, ""zero_point"": -4, ""grid_min"": -0.8534990474581718, ""grid_max"": 0.9016804452985525, ""codebook_min"": -2.495361566543579, ""codebook_max"": 3.7088961601257324, ""n_outside_grid"": 254, ""n_values"": 184320}}","{""dc_scale"": 0.054016318172216415, ""dc_zero_point"": -81, ""rest_scale"": 0.0068830568343400955, ""rest_zero_point"": -4}",,24.26413963199957,4433241600,4938792960,2202148864,3641278464,0,True,87712a764e8066ff97bad93303cd23b02abfd5c7,11.160706520080566,1446.8138401508331,4917826048,5377097728,4463632384,187b6095ffe3135c7769d73a9caefcd03a5273d8,2a234af55fbe8b90c8829c1436ce80088c4b622b,49ccae72e75eec9877354ed72074827531f7fd79,27c7731bcb76,2026-10-09T14:54:59
train,p0_ogc_gram_ours,0,6e-07,0,ogc_gram_ours,fork,0,ok,,cuda,gram,ogc_derived,url,1026508,115907,107525,803076,21.652835845947266,0.7991595268249512,0.22487342357635498,,14349600,13.684844970703125,14.3496,12.775408328355388,111621,11.654067173915088,4096,"{""quantization"": {""compressed_bytes"": 67, ""uncompressed_bytes"": 129}, ""xyz"": {""compressed_bytes"": 4013367, ""uncompressed_bytes"": 5463734}, ""features_dc"": {""compressed_bytes"": 258529, ""uncompressed_bytes"": 334991}, ""features_dc_scale"": {""compressed_bytes"": 72, ""uncompressed_bytes"": 132}, ""features_dc_zero_point"": {""compressed_bytes"": 73, ""uncompressed_bytes"": 132}, ""features_rest"": {""compressed_bytes"": 3277763, ""uncompressed_bytes"": 5023073}, ""features_rest_scale"": {""compressed_bytes"": 72, ""uncompressed_bytes"": 132}, ""features_rest_zero_point"": {""compressed_bytes"": 73, ""uncompressed_bytes"": 132}, ""opacity"": {""compressed_bytes"": 789622, ""uncompressed_bytes"": 910729}, ""opacity_scale"": {""compressed_bytes"": 72, ""uncompressed_bytes"": 132}, ""opacity_zero_point"": {""compressed_bytes"": 73, ""uncompressed_bytes"": 132}, ""feature_indices"": {""compressed_bytes"": 1820361, ""uncompressed_bytes"": 3642532}, ""gaussian_indices"": {""compressed_bytes"": 1992030, ""uncompressed_bytes"": 3642532}, ""scaling"": {""compressed_bytes"": 600360, ""uncompressed_bytes"": 843839}, ""scaling_scale"": {""compressed_bytes"": 72, ""uncompressed_bytes"": 132}, ""scaling_zero_point"": {""compressed_bytes"": 73, ""uncompressed_bytes"": 132}, ""scaling_factor"": {""compressed_bytes"": 706943, ""uncompressed_bytes"": 910729}, ""scaling_factor_scale"": {""compressed_bytes"": 72, ""uncompressed_bytes"": 132}, ""scaling_factor_zero_point"": {""compressed_bytes"": 72, ""uncompressed_bytes"": 132}, ""rotation"": {""compressed_bytes"": 886723, ""uncompressed_bytes"": 1125076}, ""rotation_scale"": {""compressed_bytes"": 72, ""uncompressed_bytes"": 132}, ""rotation_zero_point"": {""compressed_bytes"": 73, ""uncompressed_bytes"": 132}}",21.166836261749268,0.7839080871720063,0.22585670179442355,"[24.733877182006836, 22.598400115966797, 25.63729476928711, 22.14105224609375, 23.63144302368164, 24.848142623901367, 22.546768188476562, 22.144655227661133, 23.360767364501953, 23.427024841308594, 22.38432502746582, 17.275959014892578, 17.95981216430664, 18.890161514282227, 18.750286102294922, 19.902584075927734, 18.30055046081543, 22.150712966918945, 19.700082778930664, 22.17607879638672, 18.79523468017578, 21.641788482666016, 22.77065658569336, 22.546966552734375, 18.255306243896484, 19.669021606445312, 22.294452667236328, 18.68602180480957, 18.54621124267578, 25.324996948242188, 23.309219360351562, 25.833925247192383, 24.0712890625, 13.006248474121094, 18.981464385986328, 15.995009422302246, 21.19573211669922, 20.85625457763672]","[[980, 545]]",38,8.414879308000309,"{""-40"": 36.29093908008776, ""-20"": 34.716155554118906, ""-10"": 36.18659310591848, ""0"": 37.28346051667866, ""10"": 35.39125156402588, ""20"": 35.92257012818989, ""40"": 34.677974249187265}","{""-40"": 34.51484091228391, ""-20"": 33.05454974774345, ""-10"": 35.41117921092295, ""0"": 36.93238928802613, ""10"": 32.61143723825808, ""20"": 33.35555128911417, ""40"": 33.021992419249464}",2.7933280019997255,833257984,3431964672,23.473787858999458,"{""bits"": 8, ""dtype"": ""qint8"", ""step"": 0.0068830568343400955, ""dc"": {""scale"": 0.054016318172216415, ""zero_point"": -81, ""grid_min"": -2.5387669540941715, ""grid_max"": 11.235394179821014, ""codebook_min"": -2.4123177528381348, ""codebook_max"": 6.812413215637207, ""n_outside_grid"": 0, ""n_values"": 12288}, ""rest"": {""scale"": 0.0068830568343400955, ""zero_point"": -4, ""grid_min"": -0.8534990474581718, ""grid_max"": 0.9016804452985525, ""codebook_min"": -2.495361566543579, ""codebook_max"": 3.7088961601257324, ""n_outside_grid"": 254, ""n_values"": 184320}}","{""dc_scale"": 0.054016318172216415, ""dc_zero_point"": -81, ""rest_scale"": 0.0068830568343400955, ""rest_zero_point"": -4}",,23.547409525999683,4405986816,4938792960,2202148864,3641278464,0,True,87712a764e8066ff97bad93303cd23b02abfd5c7,11.217739582061768,1446.8138401508331,4917826048,5377097728,4463632384,187b6095ffe3135c7769d73a9caefcd03a5273d8,2a234af55fbe8b90c8829c1436ce80088c4b622b,49ccae72e75eec9877354ed72074827531f7fd79,27c7731bcb76,2026-10-09T14:54:59
train,p0_c3dgs_ft,0,6e-07,0,c3dgs_ft,finetuned,0,ok,,cuda,,,url,1026508,115907,107525,803076,21.634855270385742,0.7998477816581726,0.22608257830142975,,13936459,13.29084300994873,13.936459,10.445090475854327,110021,9.011739714489927,2496,"{""quantization"": {""compressed_bytes"": 67, ""uncompressed_bytes"": 129}, ""xyz"": {""compressed_bytes"": 4013367, ""uncompressed_bytes"": 5463734}, ""features_dc"": {""compressed_bytes"": 280080, ""uncompressed_bytes"": 334991}, ""features_dc_scale"": {""compressed_bytes"": 72, ""uncompressed_bytes"": 132}, ""features_dc_zero_point"": {""compressed_bytes"": 73, ""uncompressed_bytes"": 132}, ""features_rest"": {""compressed_bytes"": 3281910, ""uncompressed_bytes"": 5023073}, ""features_rest_scale"": {""compressed_bytes"": 73, ""uncompressed_bytes"": 132}, ""features_rest_zero_point"": {""compressed_bytes"": 73, ""uncompressed_bytes"": 132}, ""opacity"": {""compressed_bytes"": 777285, ""uncompressed_bytes"": 910729}, ""opacity_scale"": {""compressed_bytes"": 72, ""uncompressed_bytes"": 132}, ""opacity_zero_point"": {""compressed_bytes"": 73, ""uncompressed_bytes"": 132}, ""feature_indices"": {""compressed_bytes"": 1424880, ""uncompressed_bytes"": 3642532}, ""gaussian_indices"": {""compressed_bytes"": 1992030, ""uncompressed_bytes"": 3642532}, ""scaling"": {""compressed_bytes"": 410790, ""uncompressed_bytes"": 843839}, ""scaling_scale"": {""compressed_bytes"": 72, ""uncompressed_bytes"": 132}, ""scaling_zero_point"": {""compressed_bytes"": 73, ""uncompressed_bytes"": 132}, ""scaling_factor"": {""compressed_bytes"": 695455, ""uncompressed_bytes"": 910729}, ""scaling_factor_scale"": {""compressed_bytes"": 72, ""uncompressed_bytes"": 132}, ""scaling_factor_zero_point"": {""compressed_bytes"": 72, ""uncompressed_bytes"": 132}, ""rotation"": {""compressed_bytes"": 1056759, ""uncompressed_bytes"": 1125076}, ""rotation_scale"": {""compressed_bytes"": 72, ""uncompressed_bytes"": 132}, ""rotation_zero_point"": {""compressed_bytes"": 73, ""uncompressed_bytes"": 132}}",21.156481416601885,0.7829910689278653,0.22753533760183736,"[24.01647186279297, 22.71088981628418, 25.023040771484375, 22.081369400024414, 24.166351318359375, 24.039085388183594, 23.298734664916992, 22.308731079101562, 23.287508010864258, 24.306652069091797, 22.61897087097168, 16.48761558532715, 15.641510009765625, 17.64653778076172, 18.93661880493164, 20.930158615112305, 17.82335662841797, 22.06300163269043, 19.923051834106445, 22.690366744995117, 18.661893844604492, 21.469560623168945, 23.18742561340332, 21.682144165039062, 17.984619140625, 20.040969848632812, 22.782779693603516, 16.85846710205078, 18.511667251586914, 26.269868850708008, 23.426021575927734, 25.01759147644043, 25.095149993896484, 15.40374755859375, 18.637866973876953, 15.511979103088379, 21.661897659301758, 21.74262046813965]","[[980, 545]]",38,8.294291842999883,"{""-40"": 29.34983273556358, ""-20"": 28.358427148116263, ""-10"": 29.537566235190944, ""0"": 29.36852364791067, ""10"": 28.182940031352796, ""20"": 29.277664284957083, ""40"": 29.27584974389327}","{""-40"": 27.386114831325248, ""-20"": 27.061448018230774, ""-10"": 29.069015699606553, ""0"": 28.11751073850344, ""10"": 26.14351084161229, ""20"": 27.171113689557508, ""40"": 28.491966033156878}",2.7258720099998754,830211584,3436773376,,,,True,325.78907932200036,3216296960,4322230272,2418429952,2564669440,,,87712a764e8066ff97bad93303cd23b02abfd5c7,11.205775260925293,1446.8138401508331,4917826048,5377097728,4463632384,187b6095ffe3135c7769d73a9caefcd03a5273d8,2a234af55fbe8b90c8829c1436ce80088c4b622b,49ccae72e75eec9877354ed72074827531f7fd79,27c7731bcb76,2026-10-09T14:54:59
train,p0_ogc_gram_ft,0,6e-07,0,ogc_gram_ft,finetuned,0,ok,,cuda,gram,ogc,url,1026508,115907,107525,803076,21.816247940063477,0.8033999800682068,0.22186198830604553,,13270044,12.65530014038086,13.270044,12.775408328355388,111621,11.654067173915088,4096,"{""quantization"": {""compressed_bytes"": 67, ""uncompressed_bytes"": 129}, ""xyz"": {""compressed_bytes"": 4013367, ""uncompressed_bytes"": 5463734}, ""features_dc"": {""compressed_bytes"": 281868, ""uncompressed_bytes"": 334991}, ""features_dc_scale"": {""compressed_bytes"": 72, ""uncompressed_bytes"": 132}, ""features_dc_zero_point"": {""compressed_bytes"": 73, ""uncompressed_bytes"": 132}, ""features_rest"": {""compressed_bytes"": 2212783, ""uncompressed_bytes"": 5023073}, ""features_rest_scale"": {""compressed_bytes"": 72, ""uncompressed_bytes"": 132}, ""features_rest_zero_point"": {""compressed_bytes"": 73, ""uncompressed_bytes"": 132}, ""opacity"": {""compressed_bytes"": 778201, ""uncompressed_bytes"": 910729}, ""opacity_scale"": {""compressed_bytes"": 72, ""uncompressed_bytes"": 132}, ""opacity_zero_point"": {""compressed_bytes"": 73, ""uncompressed_bytes"": 132}, ""feature_indices"": {""compressed_bytes"": 1820361, ""uncompressed_bytes"": 3642532}, ""gaussian_indices"": {""compressed_bytes"": 1992030, ""uncompressed_bytes"": 3642532}, ""scaling"": {""compressed_bytes"": 411554, ""uncompressed_bytes"": 843839}, ""scaling_scale"": {""compressed_bytes"": 72, ""uncompressed_bytes"": 132}, ""scaling_zero_point"": {""compressed_bytes"": 73, ""uncompressed_bytes"": 132}, ""scaling_factor"": {""compressed_bytes"": 701503, ""uncompressed_bytes"": 910729}, ""scaling_factor_scale"": {""compressed_bytes"": 72, ""uncompressed_bytes"": 132}, ""scaling_factor_zero_point"": {""compressed_bytes"": 72, ""uncompressed_bytes"": 132}, ""rotation"": {""compressed_bytes"": 1054475, ""uncompressed_bytes"": 1125076}, ""rotation_scale"": {""compressed_bytes"": 72, ""uncompressed_bytes"": 132}, ""rotation_zero_point"": {""compressed_bytes"": 73, ""uncompressed_bytes"": 132}}",21.415664497174713,0.7880418473168423,0.22223221236153654,"[23.919883728027344, 22.526960372924805, 25.886701583862305, 22.02960205078125, 24.711414337158203, 24.377363204956055, 23.310094833374023, 22.29851531982422, 23.50099754333496, 23.564897537231445, 22.379499435424805, 17.207548141479492, 16.991201400756836, 18.597938537597656, 19.19660186767578, 20.926467895507812, 18.620922088623047, 22.088964462280273, 19.84027862548828, 22.77217674255371, 18.966625213623047, 21.379993438720703, 23.792776107788086, 23.159679412841797, 17.901546478271484, 20.389171600341797, 22.78394317626953, 17.988544464111328, 18.616485595703125, 26.997425079345703, 23.53666114807129, 24.683948516845703, 25.05910301208496, 16.450565338134766, 18.599172592163086, 15.544089317321777, 21.63825035095215, 21.559240341186523]","[[980, 545]]",38,8.49349471900041,"{""-40"": 30.145025805423135, ""-20"": 28.54308755774247, ""-10"": 30.09912771927683, ""0"": 29.748100531728642, ""10"": 28.713277114065068, ""20"": 29.762179977015446, ""40"": 29.489255704377825}","{""-40"": 28.677489652841857, ""-20"": 26.643367829477597, ""-10"": 29.765250550633674, ""0"": 26.334063771830113, ""10"": 27.06462116457778, ""20"": 27.859914888971765, ""40"": 28.532241441942958}",2.7640726939998785,831020544,3439976448,,,,True,320.57080955499987,3223903232,4322230272,2602737664,2613559296,,,87712a764e8066ff97bad93303cd23b02abfd5c7,11.211871862411499,1446.8138401508331,4917826048,5377097728,4463632384,187b6095ffe3135c7769d73a9caefcd03a5273d8,2a234af55fbe8b90c8829c1436ce80088c4b622b,49ccae72e75eec9877354ed72074827531f7fd79,27c7731bcb76,2026-10-09T14:54:59
train,p1_c3dgs,0,6e-07,1,c3dgs,fork,0,ok,,cpu,,,url,1026508,115907,107525,803076,21.499486923217773,0.7903615832328796,0.23491312563419342,,13855216,13.213363647460938,13.855216,10.335187891010456,109734,8.887122114584798,2209,"{""quantization"": {""compressed_bytes"": 67, ""uncompressed_bytes"": 129}, ""xyz"": {""compressed_bytes"": 4013367, ""uncompressed_bytes"": 5463734}, ""features_dc"": {""compressed_bytes"": 254901, ""uncompressed_bytes"": 334991}, ""features_dc_scale"": {""compressed_bytes"": 72, ""uncompressed_bytes"": 132}, ""features_dc_zero_point"": {""compressed_bytes"": 73, ""uncompressed_bytes"": 132}, ""features_rest"": {""compressed_bytes"": 3195605, ""uncompressed_bytes"": 5023073}, ""features_rest_scale"": {""compressed_bytes"": 72, ""uncompressed_bytes"": 132}, ""features_rest_zero_point"": {""compressed_bytes"": 73, ""uncompressed_bytes"": 132}, ""opacity"": {""compressed_bytes"": 789622, ""uncompressed_bytes"": 910729}, ""opacity_scale"": {""compressed_bytes"": 72, ""uncompressed_bytes"": 132}, ""opacity_zero_point"": {""compressed_bytes"": 73, ""uncompressed_bytes"": 132}, ""feature_indices"": {""compressed_bytes"": 1413733, ""uncompressed_bytes"": 3642532}, ""gaussian_indices"": {""compressed_bytes"": 1990098, ""uncompressed_bytes"": 3642532}, ""scaling"": {""compressed_bytes"": 600333, ""uncompressed_bytes"": 843839}, ""scaling_scale"": {""compressed_bytes"": 72, ""uncompressed_bytes"": 132}, ""scaling_zero_point"": {""compressed_bytes"": 73, ""uncompressed_bytes"": 132}, ""scaling_factor"": {""compressed_bytes"": 706943, ""uncompressed_bytes"": 910729}, ""scaling_factor_scale"": {""compressed_bytes"": 72, ""uncompressed_bytes"": 132}, ""scaling_factor_zero_point"": {""compressed_bytes"": 72, ""uncompressed_bytes"": 132}, ""rotation"": {""compressed_bytes"": 886712, ""uncompressed_bytes"": 1125076}, ""rotation_scale"": {""compressed_bytes"": 72, ""uncompressed_bytes"": 132}, ""rotation_zero_point"": {""compressed_bytes"": 73, ""uncompressed_bytes"": 132}}",20.99466451845671,0.7742350673989246,0.2363325188818731,"[24.4569034576416, 22.2435359954834, 25.435089111328125, 21.949596405029297, 23.34307289123535, 24.64545249938965, 22.457881927490234, 21.956859588623047, 23.13472557067871, 23.24000358581543, 22.312746047973633, 17.15921401977539, 17.946157455444336, 18.93377113342285, 18.568941116333008, 19.767709732055664, 18.19265365600586, 21.971588134765625, 19.63381004333496, 21.924877166748047, 18.6960391998291, 21.39789390563965, 22.595226287841797, 22.534788131713867, 17.826261520385742, 19.474319458007812, 21.997262954711914, 18.54969596862793, 18.467315673828125, 25.038101196289062, 23.174474716186523, 25.436416625976562, 23.978548049926758, 13.022730827331543, 18.785999298095703, 15.906946182250977, 20.995677947998047, 20.64496421813965]","[[980, 545]]",38,8.6051766519995,"{""-40"": 34.68701056430214, ""-20"": 32.9391639107152, ""-10"": 33.366650079426016, ""0"": 33.74518098329243, ""10"": 32.67705661372135, ""20"": 34.49895893900018, ""40"": 33.88856134916607}","{""-40"": 34.05631719108645, ""-20"": 32.43781100311743, ""-10"": 33.0845753211313, ""0"": 33.43265616292175, ""10"": 31.026302783228875, ""20"": 33.037600080064415, ""40"": 33.10492184703469}",2.8126774610009306,834399232,3442663424,,"{""bits"": 8, ""dtype"": ""qint8"", ""step"": 0.0068830568343400955, ""dc"": {""scale"": 0.054016318172216415, ""zero_point"": -81, ""grid_min"": -2.5387669540941715, ""grid_max"": 11.235394179821014, ""codebook_min"": -1.8254644870758057, ""codebook_max"": 4.469325065612793, ""n_outside_grid"": 0, ""n_values"": 12288}, ""rest"": {""scale"": 0.0068830568343400955, ""zero_point"": -4, ""grid_min"": -0.8534990474581718, ""grid_max"": 0.9016804452985525, ""codebook_min"": -0.5457978248596191, ""codebook_max"": 0.5715845227241516, ""n_outside_grid"": 0, ""n_values"": 184320}}","{""dc_scale"": 0.054016318172216415, ""dc_zero_point"": -81, ""rest_scale"": 0.0068830568343400955, ""rest_zero_point"": -4}",,130.28261275899968,1021627904,1191182336,4151816192,4161597440,,True,4d306a1cdec3e8734a2b46c8d00111a7104894f0,11.312193632125854,1453.7767040729523,2990455808,3112173568,6923145216,187b6095ffe3135c7769d73a9caefcd03a5273d8,2a234af55fbe8b90c8829c1436ce80088c4b622b,49ccae72e75eec9877354ed72074827531f7fd79,27c7731bcb76,2026-10-09T15:22:04
train,p1_ogc_plain,0,6e-07,1,ogc_plain,fork,0,ok,,cpu,plain,ogc,url,1026508,115907,107525,803076,21.55176544189453,0.793316125869751,0.2321290522813797,,14129108,13.474567413330078,14.129108,12.665969867444439,111621,11.529975840163399,4096,"{""quantization"": {""compressed_bytes"": 67, ""uncompressed_bytes"": 129}, ""xyz"": {""compressed_bytes"": 4013367, ""uncompressed_bytes"": 5463734}, ""features_dc"": {""compressed_bytes"": 258904, ""uncompressed_bytes"": 334991}, ""features_dc_scale"": {""compressed_bytes"": 72, ""uncompressed_bytes"": 132}, ""features_dc_zero_point"": {""compressed_bytes"": 73, ""uncompressed_bytes"": 132}, ""features_rest"": {""compressed_bytes"": 3242091, ""uncompressed_bytes"": 5023073}, ""features_rest_scale"": {""compressed_bytes"": 72, ""uncompressed_bytes"": 132}, ""features_rest_zero_point"": {""compressed_bytes"": 73, ""uncompressed_bytes"": 132}, ""opacity"": {""compressed_bytes"": 789622, ""uncompressed_bytes"": 910729}, ""opacity_scale"": {""compressed_bytes"": 72, ""uncompressed_bytes"": 132}, ""opacity_zero_point"": {""compressed_bytes"": 73, ""uncompressed_bytes"": 132}, ""feature_indices"": {""compressed_bytes"": 1637136, ""uncompressed_bytes"": 3642532}, ""gaussian_indices"": {""compressed_bytes"": 1990098, ""uncompressed_bytes"": 3642532}, ""scaling"": {""compressed_bytes"": 600333, ""uncompressed_bytes"": 843839}, ""scaling_scale"": {""compressed_bytes"": 72, ""uncompressed_bytes"": 132}, ""scaling_zero_point"": {""compressed_bytes"": 73, ""uncompressed_bytes"": 132}, ""scaling_factor"": {""compressed_bytes"": 706943, ""uncompressed_bytes"": 910729}, ""scaling_factor_scale"": {""compressed_bytes"": 72, ""uncompressed_bytes"": 132}, ""scaling_factor_zero_point"": {""compressed_bytes"": 72, ""uncompressed_bytes"": 132}, ""rotation"": {""compressed_bytes"": 886712, ""uncompressed_bytes"": 1125076}, ""rotation_scale"": {""compressed_bytes"": 72, ""uncompressed_bytes"": 132}, ""rotation_zero_point"": {""compressed_bytes"": 73, ""uncompressed_bytes"": 132}}",21.08087502027813,0.7779317027644107,0.2332493356968227,"[24.632993698120117, 22.440706253051758, 25.4699649810791, 22.075183868408203, 23.46080780029297, 24.706710815429688, 22.434391021728516, 22.086063385009766, 23.174732208251953, 23.285707473754883, 22.402101516723633, 17.1754207611084, 17.933048248291016, 19.012537002563477, 18.656421661376953, 19.816125869750977, 18.280731201171875, 22.045936584472656, 19.63515853881836, 22.095672607421875, 18.73609733581543, 21.545001983642578, 22.55813217163086, 22.494003295898438, 18.071638107299805, 19.631113052368164, 22.057720184326172, 18.63776206970215, 18.463653564453125, 25.14870834350586, 23.267475128173828, 25.55240821838379, 24.013383865356445, 13.075329780578613, 18.931787490844727, 15.974973678588867, 21.211580276489258, 20.88206672668457]","[[980, 545]]",38,8.366584414001409,"{""-40"": 35.64078240645559, ""-20"": 33.86825300517835, ""-10"": 34.4990691636738, ""0"": 34.90023171274286, ""10"": 34.0839974754735, ""20"": 35.30341685445685, ""40"": 34.75499825728567}","{""-40"": 35.07307723824172, ""-20"": 32.96920924791513, ""-10"": 34.21287365917009, ""0"": 34.6282329903637, ""10"": 31.861634894631756, ""20"": 33.88058859622906, ""40"": 34.101204153602666}",2.7815243099994404,833236480,3442663424,23.243568518000757,"{""bits"": 8, ""dtype"": ""qint8"", ""step"": 0.0068830568343400955, ""dc"": {""scale"": 0.054016318172216415, ""zero_point"": -81, ""grid_min"": -2.5387669540941715, ""grid_max"": 11.235394179821014, ""codebook_min"": -2.1995439529418945, ""codebook_max"": 11.235394477844238, ""n_outside_grid"": 0, ""n_values"": 12288}, ""rest"": {""scale"": 0.0068830568343400955, ""zero_point"": -4, ""grid_min"": -0.8534990474581718, ""grid_max"": 0.9016804452985525, ""codebook_min"": -0.8053176403045654, ""codebook_max"": 0.7181322574615479, ""n_outside_grid"": 0, ""n_values"": 184320}}","{""dc_scale"": 0.054016318172216415, ""dc_zero_point"": -81, ""rest_scale"": 0.0068830568343400955, ""rest_zero_point"": -4}",,23.306578259000162,2490701824,2839543808,4616998912,6916714496,822349824,True,4d306a1cdec3e8734a2b46c8d00111a7104894f0,11.202091455459595,1453.7767040729523,2990455808,3112173568,6923145216,187b6095ffe3135c7769d73a9caefcd03a5273d8,2a234af55fbe8b90c8829c1436ce80088c4b622b,49ccae72e75eec9877354ed72074827531f7fd79,27c7731bcb76,2026-10-09T15:22:04
train,p1_ogc_scalar,0,6e-07,1,ogc_scalar,fork,0,ok,,cpu,scalar,ogc,url,1026508,115907,107525,803076,21.5822811126709,0.7940751910209656,0.23155120015144348,,14120923,13.466761589050293,14.120923,12.472742331614219,111621,11.310876791811145,4096,"{""quantization"": {""compressed_bytes"": 67, ""uncompressed_bytes"": 129}, ""xyz"": {""compressed_bytes"": 4013367, ""uncompressed_bytes"": 5463734}, ""features_dc"": {""compressed_bytes"": 258249, ""uncompressed_bytes"": 334991}, ""features_dc_scale"": {""compressed_bytes"": 72, ""uncompressed_bytes"": 132}, ""features_dc_zero_point"": {""compressed_bytes"": 73, ""uncompressed_bytes"": 132}, ""features_rest"": {""compressed_bytes"": 3243895, ""uncompressed_bytes"": 5023073}, ""features_rest_scale"": {""compressed_bytes"": 72, ""uncompressed_bytes"": 132}, ""features_rest_zero_point"": {""compressed_bytes"": 73, ""uncompressed_bytes"": 132}, ""opacity"": {""compressed_bytes"": 789622, ""uncompressed_bytes"": 910729}, ""opacity_scale"": {""compressed_bytes"": 72, ""uncompressed_bytes"": 132}, ""opacity_zero_point"": {""compressed_bytes"": 73, ""uncompressed_bytes"": 132}, ""feature_indices"": {""compressed_bytes"": 1627802, ""uncompressed_bytes"": 3642532}, ""gaussian_indices"": {""compressed_bytes"": 1990098, ""uncompressed_bytes"": 3642532}, ""scaling"": {""compressed_bytes"": 600333, ""uncompressed_bytes"": 843839}, ""scaling_scale"": {""compressed_bytes"": 72, ""uncompressed_bytes"": 132}, ""scaling_zero_point"": {""compressed_bytes"": 73, ""uncompressed_bytes"": 132}, ""scaling_factor"": {""compressed_bytes"": 706943, ""uncompressed_bytes"": 910729}, ""scaling_factor_scale"": {""compressed_bytes"": 72, ""uncompressed_bytes"": 132}, ""scaling_factor_zero_point"": {""compressed_bytes"": 72, ""uncompressed_bytes"": 132}, ""rotation"": {""compressed_bytes"": 886712, ""uncompressed_bytes"": 1125076}, ""rotation_scale"": {""compressed_bytes"": 72, ""uncompressed_bytes"": 132}, ""rotation_zero_point"": {""compressed_bytes"": 73, ""uncompressed_bytes"": 132}}",21.09143382624576,0.7784375485621,0.2328273657905428,"[24.61954689025879, 22.41805076599121, 25.49092674255371, 22.0731201171875, 23.531957626342773, 24.76259422302246, 22.487773895263672, 22.093053817749023, 23.255413055419922, 23.35114288330078, 22.369766235351562, 17.22340965270996, 17.933691024780273, 18.86819076538086, 18.64577865600586, 19.81555938720703, 18.275049209594727, 22.063621520996094, 19.656095504760742, 22.090879440307617, 18.745731353759766, 21.56113624572754, 22.553325653076172, 22.584177017211914, 18.082002639770508, 19.594057083129883, 22.120677947998047, 18.633174896240234, 18.5049991607666, 25.225357055664062, 23.273576736450195, 25.622817993164062, 24.017576217651367, 13.073230743408203, 18.923748016357422, 15.931486129760742, 21.170303344726562, 20.831485748291016]","[[980, 545]]",38,8.312068193001323,"{""-40"": 35.71498931081671, ""-20"": 33.92255587326853, ""-10"": 34.6631003931949, ""0"": 35.058583309775905, ""10"": 33.98155799664949, ""20"": 35.36585270731073, ""40"": 34.97325435437654}","{""-40"": 35.19460674229293, ""-20"": 33.01322277713056, ""-10"": 34.39468524206608, ""0"": 34.79041751081046, ""10"": 31.957058020680854, ""20"": 33.92674939601513, ""40"": 34.38349251537676}",2.7754614879995643,833255936,3442663424,23.656806714000595,"{""bits"": 8, ""dtype"": ""qint8"", ""step"": 0.0068830568343400955, ""dc"": {""scale"": 0.054016318172216415, ""zero_point"": -81, ""grid_min"": -2.5387669540941715, ""grid_max"": 11.235394179821014, ""codebook_min"": -2.2865068912506104, ""codebook_max"": 7.936097621917725, ""n_outside_grid"": 0, ""n_values"": 12288}, ""rest"": {""scale"": 0.0068830568343400955, ""zero_point"": -4, ""grid_min"": -0.8534990474581718, ""grid_max"": 0.9016804452985525, ""codebook_min"": -0.8328498601913452, ""codebook_max"": 0.7915515303611755, ""n_outside_grid"": 0, ""n_values"": 184320}}","{""dc_scale"": 0.054016318172216415, ""dc_zero_point"": -81, ""rest_scale"": 0.0068830568343400955, ""rest_zero_point"": -4}",,23.72201130799931,2498773504,2839543808,4655235072,6923145216,822349824,True,4d306a1cdec3e8734a2b46c8d00111a7104894f0,11.197266340255737,1453.7767040729523,2990455808,3112173568,6923145216,187b6095ffe3135c7769d73a9caefcd03a5273d8,2a234af55fbe8b90c8829c1436ce80088c4b622b,49ccae72e75eec9877354ed72074827531f7fd79,27c7731bcb76,2026-10-09T15:22:04
train,p1_ogc_gram,0,6e-07,1,ogc_gram,fork,0,ok,,cpu,gram,ogc,url,1026508,115907,107525,803076,21.6429386138916,0.7990905046463013,0.22502116858959198,,14347630,13.682966232299805,14.34763,12.775408328355388,111621,11.654067173915088,4096,"{""quantization"": {""compressed_bytes"": 67, ""uncompressed_bytes"": 129}, ""xyz"": {""compressed_bytes"": 4013367, ""uncompressed_bytes"": 5463734}, ""features_dc"": {""compressed_bytes"": 258529, ""uncompressed_bytes"": 334991}, ""features_dc_scale"": {""compressed_bytes"": 72, ""uncompressed_bytes"": 132}, ""features_dc_zero_point"": {""compressed_bytes"": 73, ""uncompressed_bytes"": 132}, ""features_rest"": {""compressed_bytes"": 3277763, ""uncompressed_bytes"": 5023073}, ""features_rest_scale"": {""compressed_bytes"": 72, ""uncompressed_bytes"": 132}, ""features_rest_zero_point"": {""compressed_bytes"": 73, ""uncompressed_bytes"": 132}, ""opacity"": {""compressed_bytes"": 789622, ""uncompressed_bytes"": 910729}, ""opacity_scale"": {""compressed_bytes"": 72, ""uncompressed_bytes"": 132}, ""opacity_zero_point"": {""compressed_bytes"": 73, ""uncompressed_bytes"": 132}, ""feature_indices"": {""compressed_bytes"": 1820361, ""uncompressed_bytes"": 3642532}, ""gaussian_indices"": {""compressed_bytes"": 1990098, ""uncompressed_bytes"": 3642532}, ""scaling"": {""compressed_bytes"": 600333, ""uncompressed_bytes"": 843839}, ""scaling_scale"": {""compressed_bytes"": 72, ""uncompressed_bytes"": 132}, ""scaling_zero_point"": {""compressed_bytes"": 73, ""uncompressed_bytes"": 132}, ""scaling_factor"": {""compressed_bytes"": 706943, ""uncompressed_bytes"": 910729}, ""scaling_factor_scale"": {""compressed_bytes"": 72, ""uncompressed_bytes"": 132}, ""scaling_factor_zero_point"": {""compressed_bytes"": 72, ""uncompressed_bytes"": 132}, ""rotation"": {""compressed_bytes"": 886712, ""uncompressed_bytes"": 1125076}, ""rotation_scale"": {""compressed_bytes"": 72, ""uncompressed_bytes"": 132}, ""rotation_zero_point"": {""compressed_bytes"": 73, ""uncompressed_bytes"": 132}}",21.16887935839201,0.7838739815511202,0.22599806009154572,"[24.7426815032959, 22.597537994384766, 25.634395599365234, 22.143720626831055, 23.63985252380371, 24.84840202331543, 22.54435920715332, 22.142009735107422, 23.353382110595703, 23.431716918945312, 22.393539428710938, 17.276159286499023, 17.9586181640625, 18.888059616088867, 18.74717903137207, 19.903141021728516, 18.301376342773438, 22.14834976196289, 19.695158004760742, 22.176782608032227, 18.79379653930664, 21.640727996826172, 22.7724666595459, 22.543054580688477, 18.25669288635254, 19.67387580871582, 22.296070098876953, 18.685039520263672, 18.54730987548828, 25.329492568969727, 23.311031341552734, 25.820344924926758, 24.074155807495117, 13.062593460083008, 18.978713989257812, 15.995874404907227, 21.209402084350586, 20.8603515625]","[[980, 545]]",38,8.305201643001055,"{""-40"": 36.24782913609555, ""-20"": 34.698904639796204, ""-10"": 36.17063065579063, ""0"": 37.22111591539885, ""10"": 35.333563905013236, ""20"": 35.84404277801514, ""40"": 34.6081586636995}","{""-40"": 34.5059951385906, ""-20"": 33.04819672481576, ""-10"": 35.38272189746531, ""0"": 36.890444282289195, ""10"": 32.411652502693244, ""20"": 33.300604919801174, ""40"": 32.83857343759702}",2.787219150000965,833275392,3442663424,23.930107389000113,"{""bits"": 8, ""dtype"": ""qint8"", ""step"": 0.0068830568343400955, ""dc"": {""scale"": 0.054016318172216415, ""zero_point"": -81, ""grid_min"": -2.5387669540941715, ""grid_max"": 11.235394179821014, ""codebook_min"": -2.4123177528381348, ""codebook_max"": 6.812413215637207, ""n_outside_grid"": 0, ""n_values"": 12288}, ""rest"": {""scale"": 0.0068830568343400955, ""zero_point"": -4, ""grid_min"": -0.8534990474581718, ""grid_max"": 0.9016804452985525, ""codebook_min"": -2.495361566543579, ""codebook_max"": 3.7088961601257324, ""n_outside_grid"": 254, ""n_values"": 184320}}","{""dc_scale"": 0.054016318172216415, ""dc_zero_point"": -81, ""rest_scale"": 0.0068830568343400955, ""rest_zero_point"": -4}",,23.99410383600025,2505985024,2841640960,4661661696,6100795392,0,True,4d306a1cdec3e8734a2b46c8d00111a7104894f0,11.353148221969604,1453.7767040729523,2990455808,3112173568,6923145216,187b6095ffe3135c7769d73a9caefcd03a5273d8,2a234af55fbe8b90c8829c1436ce80088c4b622b,49ccae72e75eec9877354ed72074827531f7fd79,27c7731bcb76,2026-10-09T15:22:04
train,p1_ogc_gram_ours,0,6e-07,1,ogc_gram_ours,fork,0,ok,,cpu,gram,ogc_derived,url,1026508,115907,107525,803076,21.6429386138916,0.7990905046463013,0.22502116858959198,,14347630,13.682966232299805,14.34763,12.775408328355388,111621,11.654067173915088,4096,"{""quantization"": {""compressed_bytes"": 67, ""uncompressed_bytes"": 129}, ""xyz"": {""compressed_bytes"": 4013367, ""uncompressed_bytes"": 5463734}, ""features_dc"": {""compressed_bytes"": 258529, ""uncompressed_bytes"": 334991}, ""features_dc_scale"": {""compressed_bytes"": 72, ""uncompressed_bytes"": 132}, ""features_dc_zero_point"": {""compressed_bytes"": 73, ""uncompressed_bytes"": 132}, ""features_rest"": {""compressed_bytes"": 3277763, ""uncompressed_bytes"": 5023073}, ""features_rest_scale"": {""compressed_bytes"": 72, ""uncompressed_bytes"": 132}, ""features_rest_zero_point"": {""compressed_bytes"": 73, ""uncompressed_bytes"": 132}, ""opacity"": {""compressed_bytes"": 789622, ""uncompressed_bytes"": 910729}, ""opacity_scale"": {""compressed_bytes"": 72, ""uncompressed_bytes"": 132}, ""opacity_zero_point"": {""compressed_bytes"": 73, ""uncompressed_bytes"": 132}, ""feature_indices"": {""compressed_bytes"": 1820361, ""uncompressed_bytes"": 3642532}, ""gaussian_indices"": {""compressed_bytes"": 1990098, ""uncompressed_bytes"": 3642532}, ""scaling"": {""compressed_bytes"": 600333, ""uncompressed_bytes"": 843839}, ""scaling_scale"": {""compressed_bytes"": 72, ""uncompressed_bytes"": 132}, ""scaling_zero_point"": {""compressed_bytes"": 73, ""uncompressed_bytes"": 132}, ""scaling_factor"": {""compressed_bytes"": 706943, ""uncompressed_bytes"": 910729}, ""scaling_factor_scale"": {""compressed_bytes"": 72, ""uncompressed_bytes"": 132}, ""scaling_factor_zero_point"": {""compressed_bytes"": 72, ""uncompressed_bytes"": 132}, ""rotation"": {""compressed_bytes"": 886712, ""uncompressed_bytes"": 1125076}, ""rotation_scale"": {""compressed_bytes"": 72, ""uncompressed_bytes"": 132}, ""rotation_zero_point"": {""compressed_bytes"": 73, ""uncompressed_bytes"": 132}}",21.16887935839201,0.7838739815511202,0.22599806009154572,"[24.7426815032959, 22.597537994384766, 25.634395599365234, 22.143720626831055, 23.63985252380371, 24.84840202331543, 22.54435920715332, 22.142009735107422, 23.353382110595703, 23.431716918945312, 22.393539428710938, 17.276159286499023, 17.9586181640625, 18.888059616088867, 18.74717903137207, 19.903141021728516, 18.301376342773438, 22.14834976196289, 19.695158004760742, 22.176782608032227, 18.79379653930664, 21.640727996826172, 22.7724666595459, 22.543054580688477, 18.25669288635254, 19.67387580871582, 22.296070098876953, 18.685039520263672, 18.54730987548828, 25.329492568969727, 23.311031341552734, 25.820344924926758, 24.074155807495117, 13.062593460083008, 18.978713989257812, 15.995874404907227, 21.209402084350586, 20.8603515625]","[[980, 545]]",38,8.497373711999899,"{""-40"": 36.24782913609555, ""-20"": 34.698904639796204, ""-10"": 36.17063065579063, ""0"": 37.22111591539885, ""10"": 35.333563905013236, ""20"": 35.84404277801514, ""40"": 34.6081586636995}","{""-40"": 34.5059951385906, ""-20"": 33.04819672481576, ""-10"": 35.38272189746531, ""0"": 36.890444282289195, ""10"": 32.411652502693244, ""20"": 33.300604919801174, ""40"": 32.83857343759702}",2.800250195999979,833294848,3442663424,23.400163815999804,"{""bits"": 8, ""dtype"": ""qint8"", ""step"": 0.0068830568343400955, ""dc"": {""scale"": 0.054016318172216415, ""zero_point"": -81, ""grid_min"": -2.5387669540941715, ""grid_max"": 11.235394179821014, ""codebook_min"": -2.4123177528381348, ""codebook_max"": 6.812413215637207, ""n_outside_grid"": 0, ""n_values"": 12288}, ""rest"": {""scale"": 0.0068830568343400955, ""zero_point"": -4, ""grid_min"": -0.8534990474581718, ""grid_max"": 0.9016804452985525, ""codebook_min"": -2.495361566543579, ""codebook_max"": 3.7088961601257324, ""n_outside_grid"": 254, ""n_values"": 184320}}","{""dc_scale"": 0.054016318172216415, ""dc_zero_point"": -81, ""rest_scale"": 0.0068830568343400955, ""rest_zero_point"": -4}",,23.472648166,2477716992,2841640960,4661669888,6100799488,0,True,4d306a1cdec3e8734a2b46c8d00111a7104894f0,11.292804956436157,1453.7767040729523,2990455808,3112173568,6923145216,187b6095ffe3135c7769d73a9caefcd03a5273d8,2a234af55fbe8b90c8829c1436ce80088c4b622b,49ccae72e75eec9877354ed72074827531f7fd79,27c7731bcb76,2026-10-09T15:22:04
train,p1_c3dgs_ft,0,6e-07,1,c3dgs_ft,finetuned,0,ok,,cpu,,,url,1026508,115907,107525,803076,21.695791244506836,0.8009250164031982,0.22624440491199493,,13909862,13.265478134155273,13.909862,10.335187891010456,109734,8.887122114584798,2209,"{""quantization"": {""compressed_bytes"": 67, ""uncompressed_bytes"": 129}, ""xyz"": {""compressed_bytes"": 4013367, ""uncompressed_bytes"": 5463734}, ""features_dc"": {""compressed_bytes"": 279400, ""uncompressed_bytes"": 334991}, ""features_dc_scale"": {""compressed_bytes"": 72, ""uncompressed_bytes"": 132}, ""features_dc_zero_point"": {""compressed_bytes"": 73, ""uncompressed_bytes"": 132}, ""features_rest"": {""compressed_bytes"": 3270267, ""uncompressed_bytes"": 5023073}, ""features_rest_scale"": {""compressed_bytes"": 73, ""uncompressed_bytes"": 132}, ""features_rest_zero_point"": {""compressed_bytes"": 73, ""uncompressed_bytes"": 132}, ""opacity"": {""compressed_bytes"": 776904, ""uncompressed_bytes"": 910729}, ""opacity_scale"": {""compressed_bytes"": 72, ""uncompressed_bytes"": 132}, ""opacity_zero_point"": {""compressed_bytes"": 73, ""uncompressed_bytes"": 132}, ""feature_indices"": {""compressed_bytes"": 1413733, ""uncompressed_bytes"": 3642532}, ""gaussian_indices"": {""compressed_bytes"": 1990098, ""uncompressed_bytes"": 3642532}, ""scaling"": {""compressed_bytes"": 409468, ""uncompressed_bytes"": 843839}, ""scaling_scale"": {""compressed_bytes"": 72, ""uncompressed_bytes"": 132}, ""scaling_zero_point"": {""compressed_bytes"": 73, ""uncompressed_bytes"": 132}, ""scaling_factor"": {""compressed_bytes"": 699947, ""uncompressed_bytes"": 910729}, ""scaling_factor_scale"": {""compressed_bytes"": 72, ""uncompressed_bytes"": 132}, ""scaling_factor_zero_point"": {""compressed_bytes"": 72, ""uncompressed_bytes"": 132}, ""rotation"": {""compressed_bytes"": 1052775, ""uncompressed_bytes"": 1125076}, ""rotation_scale"": {""compressed_bytes"": 72, ""uncompressed_bytes"": 132}, ""rotation_zero_point"": {""compressed_bytes"": 73, ""uncompressed_bytes"": 132}}",21.284561207419948,0.7885328860659349,0.22686876238960968,"[24.279932022094727, 21.4101619720459, 25.71241569519043, 21.514543533325195, 23.57944679260254, 23.71669578552246, 22.901241302490234, 22.093963623046875, 24.295133590698242, 25.796363830566406, 21.535818099975586, 17.37929344177246, 19.059446334838867, 21.00665283203125, 18.85396385192871, 20.424789428710938, 18.431541442871094, 21.799856185913086, 19.910343170166016, 22.61821174621582, 18.953872680664062, 21.103639602661133, 23.33738136291504, 23.069997787475586, 18.30586814880371, 18.714101791381836, 22.40095329284668, 19.825353622436523, 18.34001350402832, 23.32941436767578, 22.251041412353516, 24.85668182373047, 24.34689712524414, 16.186513900756836, 19.212337493896484, 15.514896392822266, 21.32609748840332, 21.41844940185547]","[[980, 545]]",38,8.410626546999993,"{""-40"": 29.1925408714696, ""-20"": 28.035946093107526, ""-10"": 29.122623945537367, ""0"": 29.144308717627275, ""10"": 28.562014328806026, ""20"": 28.522102958277653, ""40"": 29.454771995544434}","{""-40"": 28.09599054790564, ""-20"": 26.891071804294384, ""-10"": 28.726321901865546, ""0"": 25.91333674518719, ""10"": 26.88147170916649, ""20"": 25.888729945083533, ""40"": 28.420077659539803}",2.7344387039993308,830246400,3445846016,,,,True,328.0172452449997,1299705856,2264924160,4667138048,4771332096,,,4d306a1cdec3e8734a2b46c8d00111a7104894f0,11.336353540420532,1453.7767040729523,2990455808,3112173568,6923145216,187b6095ffe3135c7769d73a9caefcd03a5273d8,2a234af55fbe8b90c8829c1436ce80088c4b622b,49ccae72e75eec9877354ed72074827531f7fd79,27c7731bcb76,2026-10-09T15:22:04
train,p1_ogc_gram_ft,0,6e-07,1,ogc_gram_ft,finetuned,0,ok,,cpu,gram,ogc,url,1026508,115907,107525,803076,21.672683715820312,0.8031823039054871,0.22214703261852264,,13265681,12.651139259338379,13.265681,12.775408328355388,111621,11.654067173915088,4096,"{""quantization"": {""compressed_bytes"": 67, ""uncompressed_bytes"": 129}, ""xyz"": {""compressed_bytes"": 4013367, ""uncompressed_bytes"": 5463734}, ""features_dc"": {""compressed_bytes"": 282400, ""uncompressed_bytes"": 334991}, ""features_dc_scale"": {""compressed_bytes"": 72, ""uncompressed_bytes"": 132}, ""features_dc_zero_point"": {""compressed_bytes"": 73, ""uncompressed_bytes"": 132}, ""features_rest"": {""compressed_bytes"": 2211961, ""uncompressed_bytes"": 5023073}, ""features_rest_scale"": {""compressed_bytes"": 72, ""uncompressed_bytes"": 132}, ""features_rest_zero_point"": {""compressed_bytes"": 73, ""uncompressed_bytes"": 132}, ""opacity"": {""compressed_bytes"": 778138, ""uncompressed_bytes"": 910729}, ""opacity_scale"": {""compressed_bytes"": 72, ""uncompressed_bytes"": 132}, ""opacity_zero_point"": {""compressed_bytes"": 73, ""uncompressed_bytes"": 132}, ""feature_indices"": {""compressed_bytes"": 1820361, ""uncompressed_bytes"": 3642532}, ""gaussian_indices"": {""compressed_bytes"": 1990098, ""uncompressed_bytes"": 3642532}, ""scaling"": {""compressed_bytes"": 411040, ""uncompressed_bytes"": 843839}, ""scaling_scale"": {""compressed_bytes"": 72, ""uncompressed_bytes"": 132}, ""scaling_zero_point"": {""compressed_bytes"": 73, ""uncompressed_bytes"": 132}, ""scaling_factor"": {""compressed_bytes"": 698693, ""uncompressed_bytes"": 910729}, ""scaling_factor_scale"": {""compressed_bytes"": 72, ""uncompressed_bytes"": 132}, ""scaling_factor_zero_point"": {""compressed_bytes"": 72, ""uncompressed_bytes"": 132}, ""rotation"": {""compressed_bytes"": 1055721, ""uncompressed_bytes"": 1125076}, ""rotation_scale"": {""compressed_bytes"": 72, ""uncompressed_bytes"": 132}, ""rotation_zero_point"": {""compressed_bytes"": 73, ""uncompressed_bytes"": 132}}",21.305691242218018,0.7907235010674125,0.22241740909061933,"[23.967260360717773, 21.302833557128906, 25.64934730529785, 21.371572494506836, 23.924768447875977, 23.72154998779297, 22.90358543395996, 22.148866653442383, 24.39097785949707, 25.865314483642578, 21.71502113342285, 17.469440460205078, 18.29496955871582, 21.08771514892578, 18.985023498535156, 20.16159439086914, 18.363983154296875, 21.87625503540039, 19.860857009887695, 22.544387817382812, 19.04216194152832, 21.182016372680664, 23.203882217407227, 23.0584774017334, 18.427005767822266, 19.162109375, 22.298173904418945, 19.371257781982422, 18.350976943969727, 24.431957244873047, 22.310945510864258, 24.712785720825195, 24.308185577392578, 16.532264709472656, 19.264312744140625, 15.581976890563965, 21.342811584472656, 21.429641723632812]","[[980, 545]]",38,8.272058445998482,"{""-40"": 29.55235195159912, ""-20"": 28.3829759296618, ""-10"": 29.237284760726126, ""0"": 29.59135110754716, ""10"": 28.78971727270829, ""20"": 29.295968457272178, ""40"": 29.63218714061536}","{""-40"": 28.004946675871896, ""-20"": 27.466156545334343, ""-10"": 28.76176029200127, ""0"": 26.330930701541718, ""10"": 27.356726807570617, ""20"": 27.717582539015023, ""40"": 28.62748579613413}",2.7290121570003976,830779904,3445846016,,,,True,323.01733918399896,1302475776,2262827008,4811362304,4811362304,,,4d306a1cdec3e8734a2b46c8d00111a7104894f0,11.365941762924194,1453.7767040729523,2990455808,3112173568,6923145216,187b6095ffe3135c7769d73a9caefcd03a5273d8,2a234af55fbe8b90c8829c1436ce80088c4b622b,49ccae72e75eec9877354ed72074827531f7fd79,27c7731bcb76,2026-10-09T15:22:04
train,j-1_p0_c3dgs,-1,2e-07,0,c3dgs,fork,0,ok,,cuda,,,url,1026508,115907,274436,636165,21.652101516723633,0.7989711761474609,0.22557993233203888,,19545426,18.639970779418945,19.545426,12.532897647043907,276847,8.882042735591174,2411,"{""quantization"": {""compressed_bytes"": 67, ""uncompressed_bytes"": 129}, ""xyz"": {""compressed_bytes"": 4013367, ""uncompressed_bytes"": 5463734}, ""features_dc"": {""compressed_bytes"": 647174, ""uncompressed_bytes"": 835724}, ""features_dc_scale"": {""compressed_bytes"": 72, ""uncompressed_bytes"": 132}, ""features_dc_zero_point"": {""compressed_bytes"": 73, ""uncompressed_bytes"": 132}, ""features_rest"": {""compressed_bytes"": 8123523, ""uncompressed_bytes"": 12534068}, ""features_rest_scale"": {""compressed_bytes"": 72, ""uncompressed_bytes"": 132}, ""features_rest_zero_point"": {""compressed_bytes"": 73, ""uncompressed_bytes"": 132}, ""opacity"": {""compressed_bytes"": 789622, ""uncompressed_bytes"": 910729}, ""opacity_scale"": {""compressed_bytes"": 72, ""uncompressed_bytes"": 132}, ""opacity_zero_point"": {""compressed_bytes"": 73, ""uncompressed_bytes"": 132}, ""feature_indices"": {""compressed_bytes"": 1781199, ""uncompressed_bytes"": 3642532}, ""gaussian_indices"": {""compressed_bytes"": 1992642, ""uncompressed_bytes"": 3642532}, ""scaling"": {""compressed_bytes"": 600335, ""uncompressed_bytes"": 843839}, ""scaling_scale"": {""compressed_bytes"": 72, ""uncompressed_bytes"": 132}, ""scaling_zero_point"": {""compressed_bytes"": 73, ""uncompressed_bytes"": 132}, ""scaling_factor"": {""compressed_bytes"": 706943, ""uncompressed_bytes"": 910729}, ""scaling_factor_scale"": {""compressed_bytes"": 72, ""uncompressed_bytes"": 132}, ""scaling_factor_zero_point"": {""compressed_bytes"": 72, ""uncompressed_bytes"": 132}, ""rotation"": {""compressed_bytes"": 886719, ""uncompressed_bytes"": 1125076}, ""rotation_scale"": {""compressed_bytes"": 72, ""uncompressed_bytes"": 132}, ""rotation_zero_point"": {""compressed_bytes"": 73, ""uncompressed_bytes"": 132}}",21.148440084959333,0.7833285614063865,0.226815695825376,"[24.683998107910156, 22.517993927001953, 25.632349014282227, 22.130104064941406, 23.57839012145996, 24.83782958984375, 22.567180633544922, 22.127277374267578, 23.31596565246582, 23.438823699951172, 22.39556312561035, 17.278392791748047, 17.94873046875, 18.9001407623291, 18.703369140625, 19.875049591064453, 18.2635440826416, 22.12772560119629, 19.71243667602539, 22.152448654174805, 18.79285430908203, 21.614696502685547, 22.695859909057617, 22.58040428161621, 18.21331024169922, 19.631507873535156, 22.227500915527344, 18.682762145996094, 18.575077056884766, 25.286619186401367, 23.355859756469727, 25.775123596191406, 24.053136825561523, 13.011282920837402, 18.9631290435791, 15.971405029296875, 21.172330856323242, 20.850549697875977]","[[980, 545]]",38,8.521337453999877,"{""-40"": 37.12649656596937, ""-20"": 35.43528752577932, ""-10"": 36.179218091462786, ""0"": 36.5865824849982, ""10"": 35.655010524548985, ""20"": 36.77612871872751, ""40"": 36.44298427983334}","{""-40"": 36.5214316861136, ""-20"": 34.60901548505708, ""-10"": 35.808987604132405, ""0"": 36.23021359566198, ""10"": 33.094001793445, ""20"": 35.012668683539246, ""40"": 35.74221351614217}",2.7971751559998665,834347008,3449212928,,"{""bits"": 8, ""dtype"": ""qint8"", ""step"": 0.0068830568343400955, ""dc"": {""scale"": 0.054016318172216415, ""zero_point"": -81, ""grid_min"": -2.5387669540941715, ""grid_max"": 11.235394179821014, ""codebook_min"": -1.8053091764450073, ""codebook_max"": 4.692957878112793, ""n_outside_grid"": 0, ""n_values"": 12288}, ""rest"": {""scale"": 0.0068830568343400955, ""zero_point"": -4, ""grid_min"": -0.8534990474581718, ""grid_max"": 0.9016804452985525, ""codebook_min"": -0.5275225043296814, ""codebook_max"": 0.5927274227142334, ""n_outside_grid"": 0, ""n_values"": 184320}}","{""dc_scale"": 0.054016318172216415, ""dc_zero_point"": -81, ""rest_scale"": 0.0068830568343400955, ""rest_zero_point"": -4}",,129.67029641800036,2881662976,3256877056,1764564992,1766748160,,True,34b1e08453d93508f68afefb03fcde698322e7ce,11.400183200836182,674.4003138542175,4910668800,5377097728,3910979584,187b6095ffe3135c7769d73a9caefcd03a5273d8,2a234af55fbe8b90c8829c1436ce80088c4b622b,49ccae72e75eec9877354ed72074827531f7fd79,27c7731bcb76,2026-10-09T15:35:24
train,j-1_p0_ogc_plain,-1,2e-07,0,ogc_plain,fork,0,ok,,cuda,plain,ogc,url,1026508,115907,274436,636165,21.664810180664062,0.8000581860542297,0.22449226677417755,,19765449,18.849801063537598,19.765449,14.371746249975262,278532,11.514154493826688,4096,"{""quantization"": {""compressed_bytes"": 67, ""uncompressed_bytes"": 129}, ""xyz"": {""compressed_bytes"": 4013367, ""uncompressed_bytes"": 5463734}, ""features_dc"": {""compressed_bytes"": 651046, ""uncompressed_bytes"": 835724}, ""features_dc_scale"": {""compressed_bytes"": 72, ""uncompressed_bytes"": 132}, ""features_dc_zero_point"": {""compressed_bytes"": 73, ""uncompressed_bytes"": 132}, ""features_rest"": {""compressed_bytes"": 8165086, ""uncompressed_bytes"": 12534068}, ""features_rest_scale"": {""compressed_bytes"": 72, ""uncompressed_bytes"": 132}, ""features_rest_zero_point"": {""compressed_bytes"": 73, ""uncompressed_bytes"": 132}, ""opacity"": {""compressed_bytes"": 789622, ""uncompressed_bytes"": 910729}, ""opacity_scale"": {""compressed_bytes"": 72, ""uncompressed_bytes"": 132}, ""opacity_zero_point"": {""compressed_bytes"": 73, ""uncompressed_bytes"": 132}, ""feature_indices"": {""compressed_bytes"": 1955787, ""uncompressed_bytes"": 3642532}, ""gaussian_indices"": {""compressed_bytes"": 1992642, ""uncompressed_bytes"": 3642532}, ""scaling"": {""compressed_bytes"": 600335, ""uncompressed_bytes"": 843839}, ""scaling_scale"": {""compressed_bytes"": 72, ""uncompressed_bytes"": 132}, ""scaling_zero_point"": {""compressed_bytes"": 73, ""uncompressed_bytes"": 132}, ""scaling_factor"": {""compressed_bytes"": 706943, ""uncompressed_bytes"": 910729}, ""scaling_factor_scale"": {""compressed_bytes"": 72, ""uncompressed_bytes"": 132}, ""scaling_factor_zero_point"": {""compressed_bytes"": 72, ""uncompressed_bytes"": 132}, ""rotation"": {""compressed_bytes"": 886719, ""uncompressed_bytes"": 1125076}, ""rotation_scale"": {""compressed_bytes"": 72, ""uncompressed_bytes"": 132}, ""rotation_zero_point"": {""compressed_bytes"": 73, ""uncompressed_bytes"": 132}}",21.175301049884997,0.7845311376609301,0.22567844312441976,"[24.75154685974121, 22.572160720825195, 25.672466278076172, 22.164718627929688, 23.630924224853516, 24.862642288208008, 22.555816650390625, 22.161483764648438, 23.33531951904297, 23.4379825592041, 22.41962432861328, 17.28662109375, 17.95981788635254, 18.92641258239746, 18.746414184570312, 19.897998809814453, 18.3004093170166, 22.155920028686523, 19.711977005004883, 22.190330505371094, 18.796754837036133, 21.64690589904785, 22.716964721679688, 22.565187454223633, 18.30489730834961, 19.690580368041992, 22.246660232543945, 18.707530975341797, 18.53502082824707, 25.322423934936523, 23.36800765991211, 25.809234619140625, 24.086185455322266, 13.017570495605469, 19.001014709472656, 15.987958908081055, 21.229503631591797, 20.888450622558594]","[[980, 545]]",38,8.487917675998688,"{""-40"": 37.80793139809057, ""-20"": 35.94334923593622, ""-10"": 36.81457911039654, ""0"": 37.283996180484166, ""10"": 36.24169706043444, ""20"": 37.241212593881706, ""40"": 37.03663499731766}","{""-40"": 37.16519268283957, ""-20"": 34.70657463228194, ""-10"": 36.41761180639992, ""0"": 36.928428309495416, ""10"": 33.435868862398706, ""20"": 35.43416301049637, ""40"": 36.26495803645242}",2.791252966999309,833174016,3434815488,18.432441435999863,"{""bits"": 8, ""dtype"": ""qint8"", ""step"": 0.0068830568343400955, ""dc"": {""scale"": 0.054016318172216415, ""zero_point"": -81, ""grid_min"": -2.5387669540941715, ""grid_max"": 11.235394179821014, ""codebook_min"": -2.15194034576416, ""codebook_max"": 11.235394477844238, ""n_outside_grid"": 0, ""n_values"": 12288}, ""rest"": {""scale"": 0.0068830568343400955, ""zero_point"": -4, ""grid_min"": -0.8534990474581718, ""grid_max"": 0.9016804452985525, ""codebook_min"": -0.8190837502479553, ""codebook_max"": 0.736487090587616, ""n_outside_grid"": 0, ""n_values"": 184320}}","{""dc_scale"": 0.054016318172216415, ""dc_zero_point"": -81, ""rest_scale"": 0.0068830568343400955, ""rest_zero_point"": -4}",,18.48722007300057,4395846144,4903141376,2114924544,3910971392,651432960,True,34b1e08453d93508f68afefb03fcde698322e7ce,11.35936951637268,674.4003138542175,4910668800,5377097728,3910979584,187b6095ffe3135c7769d73a9caefcd03a5273d8,2a234af55fbe8b90c8829c1436ce80088c4b622b,49ccae72e75eec9877354ed72074827531f7fd79,27c7731bcb76,2026-10-09T15:35:24
train,j-1_p0_ogc_scalar,-1,2e-07,0,ogc_scalar,fork,0,ok,,cuda,scalar,ogc,url,1026508,115907,274436,636165,21.67109489440918,0.8001204133033752,0.22456929087638855,,19761811,18.84633159637451,19.761811,14.193407054537614,278532,11.258881334025821,4096,"{""quantization"": {""compressed_bytes"": 67, ""uncompressed_bytes"": 129}, ""xyz"": {""compressed_bytes"": 4013367, ""uncompressed_bytes"": 5463734}, ""features_dc"": {""compressed_bytes"": 650425, ""uncompressed_bytes"": 835724}, ""features_dc_scale"": {""compressed_bytes"": 72, ""uncompressed_bytes"": 132}, ""features_dc_zero_point"": {""compressed_bytes"": 73, ""uncompressed_bytes"": 132}, ""features_rest"": {""compressed_bytes"": 8167377, ""uncompressed_bytes"": 12534068}, ""features_rest_scale"": {""compressed_bytes"": 72, ""uncompressed_bytes"": 132}, ""features_rest_zero_point"": {""compressed_bytes"": 73, ""uncompressed_bytes"": 132}, ""opacity"": {""compressed_bytes"": 789622, ""uncompressed_bytes"": 910729}, ""opacity_scale"": {""compressed_bytes"": 72, ""uncompressed_bytes"": 132}, ""opacity_zero_point"": {""compressed_bytes"": 73, ""uncompressed_bytes"": 132}, ""feature_indices"": {""compressed_bytes"": 1950479, ""uncompressed_bytes"": 3642532}, ""gaussian_indices"": {""compressed_bytes"": 1992642, ""uncompressed_bytes"": 3642532}, ""scaling"": {""compressed_bytes"": 600335, ""uncompressed_bytes"": 843839}, ""scaling_scale"": {""compressed_bytes"": 72, ""uncompressed_bytes"": 132}, ""scaling_zero_point"": {""compressed_bytes"": 73, ""uncompressed_bytes"": 132}, ""scaling_factor"": {""compressed_bytes"": 706943, ""uncompressed_bytes"": 910729}, ""scaling_factor_scale"": {""compressed_bytes"": 72, ""uncompressed_bytes"": 132}, ""scaling_factor_zero_point"": {""compressed_bytes"": 72, ""uncompressed_bytes"": 132}, ""rotation"": {""compressed_bytes"": 886719, ""uncompressed_bytes"": 1125076}, ""rotation_scale"": {""compressed_bytes"": 72, ""uncompressed_bytes"": 132}, ""rotation_zero_point"": {""compressed_bytes"": 73, ""uncompressed_bytes"": 132}}",21.175842134576094,0.7845979168226844,0.22577720919722005,"[24.738906860351562, 22.55818748474121, 25.676334381103516, 22.18177604675293, 23.647794723510742, 24.879913330078125, 22.57680320739746, 22.163360595703125, 23.364978790283203, 23.454265594482422, 22.412389755249023, 17.290138244628906, 17.952281951904297, 18.912752151489258, 18.73821449279785, 19.89455223083496, 18.29562759399414, 22.1617431640625, 19.719924926757812, 22.19324493408203, 18.80434226989746, 21.648571014404297, 22.717056274414062, 22.590028762817383, 18.29793930053711, 19.664897918701172, 22.256013870239258, 18.68968963623047, 18.54836654663086, 25.31377410888672, 23.36701774597168, 25.81307029724121, 24.073789596557617, 13.020132064819336, 18.99120330810547, 15.991401672363281, 21.208585739135742, 20.8729305267334]","[[980, 545]]",38,8.34037303200057,"{""-40"": 37.749432714361895, ""-20"": 36.03656186555561, ""-10"": 36.87492616553055, ""0"": 37.312190206427324, ""10"": 36.240026022258554, ""20"": 37.32536165337814, ""40"": 36.93517177983334}","{""-40"": 37.1065948123836, ""-20"": 35.122656183543306, ""-10"": 36.48065609302813, ""0"": 36.96373065215904, ""10"": 33.41774337135125, ""20"": 35.514452736439885, ""40"": 36.217609430171535}",2.775925449001079,833193472,3444428800,18.72998978800024,"{""bits"": 8, ""dtype"": ""qint8"", ""step"": 0.0068830568343400955, ""dc"": {""scale"": 0.054016318172216415, ""zero_point"": -81, ""grid_min"": -2.5387669540941715, ""grid_max"": 11.235394179821014, ""codebook_min"": -2.178541421890259, ""codebook_max"": 7.6146368980407715, ""n_outside_grid"": 0, ""n_values"": 12288}, ""rest"": {""scale"": 0.0068830568343400955, ""zero_point"": -4, ""grid_min"": -0.8534990474581718, ""grid_max"": 0.9016804452985525, ""codebook_min"": -0.8190837502479553, ""codebook_max"": 0.736487090587616, ""n_outside_grid"": 0, ""n_values"": 184320}}","{""dc_scale"": 0.054016318172216415, ""dc_zero_point"": -81, ""rest_scale"": 0.0068830568343400955, ""rest_zero_point"": -4}",,18.78437255300014,4401774080,4903141376,2119516160,3910979584,651432960,True,34b1e08453d93508f68afefb03fcde698322e7ce,11.333472490310669,674.4003138542175,4910668800,5377097728,3910979584,187b6095ffe3135c7769d73a9caefcd03a5273d8,2a234af55fbe8b90c8829c1436ce80088c4b622b,49ccae72e75eec9877354ed72074827531f7fd79,27c7731bcb76,2026-10-09T15:35:24
train,j-1_p0_ogc_gram,-1,2e-07,0,ogc_gram,fork,0,ok,,cuda,gram,ogc,url,1026508,115907,274436,636165,21.686973571777344,0.8015532493591309,0.22233149409294128,,19948459,19.024333000183105,19.948459,14.469299439514986,278532,11.653791273511303,4096,"{""quantization"": {""compressed_bytes"": 67, ""uncompressed_bytes"": 129}, ""xyz"": {""compressed_bytes"": 4013367, ""uncompressed_bytes"": 5463734}, ""features_dc"": {""compressed_bytes"": 650721, ""uncompressed_bytes"": 835724}, ""features_dc_scale"": {""compressed_bytes"": 72, ""uncompressed_bytes"": 132}, ""features_dc_zero_point"": {""compressed_bytes"": 73, ""uncompressed_bytes"": 132}, ""features_rest"": {""compressed_bytes"": 8200930, ""uncompressed_bytes"": 12534068}, ""features_rest_scale"": {""compressed_bytes"": 72, ""uncompressed_bytes"": 132}, ""features_rest_zero_point"": {""compressed_bytes"": 73, ""uncompressed_bytes"": 132}, ""opacity"": {""compressed_bytes"": 789622, ""uncompressed_bytes"": 910729}, ""opacity_scale"": {""compressed_bytes"": 72, ""uncompressed_bytes"": 132}, ""opacity_zero_point"": {""compressed_bytes"": 73, ""uncompressed_bytes"": 132}, ""feature_indices"": {""compressed_bytes"": 2103278, ""uncompressed_bytes"": 3642532}, ""gaussian_indices"": {""compressed_bytes"": 1992642, ""uncompressed_bytes"": 3642532}, ""scaling"": {""compressed_bytes"": 600335, ""uncompressed_bytes"": 843839}, ""scaling_scale"": {""compressed_bytes"": 72, ""uncompressed_bytes"": 132}, ""scaling_zero_point"": {""compressed_bytes"": 73, ""uncompressed_bytes"": 132}, ""scaling_factor"": {""compressed_bytes"": 706943, ""uncompressed_bytes"": 910729}, ""scaling_factor_scale"": {""compressed_bytes"": 72, ""uncompressed_bytes"": 132}, ""scaling_factor_zero_point"": {""compressed_bytes"": 72, ""uncompressed_bytes"": 132}, ""rotation"": {""compressed_bytes"": 886719, ""uncompressed_bytes"": 1125076}, ""rotation_scale"": {""compressed_bytes"": 72, ""uncompressed_bytes"": 132}, ""rotation_zero_point"": {""compressed_bytes"": 73, ""uncompressed_bytes"": 132}}",21.204217760186445,0.786312925188165,0.22333938079444984,"[24.786977767944336, 22.636791229248047, 25.737667083740234, 22.186193466186523, 23.69354820251465, 24.912248611450195, 22.579120635986328, 22.18181037902832, 23.385581970214844, 23.472461700439453, 22.397207260131836, 17.29952049255371, 17.960617065429688, 18.938209533691406, 18.793771743774414, 19.940505981445312, 18.311725616455078, 22.186185836791992, 19.737321853637695, 22.20962905883789, 18.81772232055664, 21.68825340270996, 22.8481388092041, 22.551803588867188, 18.38140106201172, 19.710100173950195, 22.301334381103516, 18.715662002563477, 18.554182052612305, 25.317943572998047, 23.365821838378906, 25.921688079833984, 24.087928771972656, 12.988208770751953, 19.043874740600586, 16.0233211517334, 21.21510124206543, 20.880693435668945]","[[980, 545]]",38,8.291882303999955,"{""-40"": 38.09200854050486, ""-20"": 36.134339934901185, ""-10"": 37.60317205127917, ""0"": 38.315093893753854, ""10"": 36.89669458489669, ""20"": 37.519160672238, ""40"": 36.798083757099356}","{""-40"": 36.97858231382513, ""-20"": 34.35633750028683, ""-10"": 37.04207416922425, ""0"": 37.92446584059574, ""10"": 33.67134542771913, ""20"": 35.258177267567234, ""40"": 35.150676483993415}",2.78933026499908,833212928,3444432896,19.024424420000287,"{""bits"": 8, ""dtype"": ""qint8"", ""step"": 0.0068830568343400955, ""dc"": {""scale"": 0.054016318172216415, ""zero_point"": -81, ""grid_min"": -2.5387669540941715, ""grid_max"": 11.235394179821014, ""codebook_min"": -2.459988594055176, ""codebook_max"": 8.231006622314453, ""n_outside_grid"": 0, ""n_values"": 12288}, ""rest"": {""scale"": 0.0068830568343400955, ""zero_point"": -4, ""grid_min"": -0.8534990474581718, ""grid_max"": 0.9016804452985525, ""codebook_min"": -2.5255510807037354, ""codebook_max"": 2.859241247177124, ""n_outside_grid"": 294, ""n_values"": 184320}}","{""dc_scale"": 0.054016318172216415, ""dc_zero_point"": -81, ""rest_scale"": 0.0068830568343400955, ""rest_zero_point"": -4}",,19.081263190000755,4407650304,4905238528,2119520256,3259543552,0,True,34b1e08453d93508f68afefb03fcde698322e7ce,11.27921748161316,674.4003138542175,4910668800,5377097728,3910979584,187b6095ffe3135c7769d73a9caefcd03a5273d8,2a234af55fbe8b90c8829c1436ce80088c4b622b,49ccae72e75eec9877354ed72074827531f7fd79,27c7731bcb76,2026-10-09T15:35:24
train,j-1_p0_ogc_gram_ours,-1,2e-07,0,ogc_gram_ours,fork,0,ok,,cuda,gram,ogc_derived,url,1026508,115907,274436,636165,21.686973571777344,0.8015532493591309,0.22233149409294128,,19948459,19.024333000183105,19.948459,14.469299439514986,278532,11.653791273511303,4096,"{""quantization"": {""compressed_bytes"": 67, ""uncompressed_bytes"": 129}, ""xyz"": {""compressed_bytes"": 4013367, ""uncompressed_bytes"": 5463734}, ""features_dc"": {""compressed_bytes"": 650721, ""uncompressed_bytes"": 835724}, ""features_dc_scale"": {""compressed_bytes"": 72, ""uncompressed_bytes"": 132}, ""features_dc_zero_point"": {""compressed_bytes"": 73, ""uncompressed_bytes"": 132}, ""features_rest"": {""compressed_bytes"": 8200930, ""uncompressed_bytes"": 12534068}, ""features_rest_scale"": {""compressed_bytes"": 72, ""uncompressed_bytes"": 132}, ""features_rest_zero_point"": {""compressed_bytes"": 73, ""uncompressed_bytes"": 132}, ""opacity"": {""compressed_bytes"": 789622, ""uncompressed_bytes"": 910729}, ""opacity_scale"": {""compressed_bytes"": 72, ""uncompressed_bytes"": 132}, ""opacity_zero_point"": {""compressed_bytes"": 73, ""uncompressed_bytes"": 132}, ""feature_indices"": {""compressed_bytes"": 2103278, ""uncompressed_bytes"": 3642532}, ""gaussian_indices"": {""compressed_bytes"": 1992642, ""uncompressed_bytes"": 3642532}, ""scaling"": {""compressed_bytes"": 600335, ""uncompressed_bytes"": 843839}, ""scaling_scale"": {""compressed_bytes"": 72, ""uncompressed_bytes"": 132}, ""scaling_zero_point"": {""compressed_bytes"": 73, ""uncompressed_bytes"": 132}, ""scaling_factor"": {""compressed_bytes"": 706943, ""uncompressed_bytes"": 910729}, ""scaling_factor_scale"": {""compressed_bytes"": 72, ""uncompressed_bytes"": 132}, ""scaling_factor_zero_point"": {""compressed_bytes"": 72, ""uncompressed_bytes"": 132}, ""rotation"": {""compressed_bytes"": 886719, ""uncompressed_bytes"": 1125076}, ""rotation_scale"": {""compressed_bytes"": 72, ""uncompressed_bytes"": 132}, ""rotation_zero_point"": {""compressed_bytes"": 73, ""uncompressed_bytes"": 132}}",21.204217760186445,0.786312925188165,0.22333938079444984,"[24.786977767944336, 22.636791229248047, 25.737667083740234, 22.186193466186523, 23.69354820251465, 24.912248611450195, 22.579120635986328, 22.18181037902832, 23.385581970214844, 23.472461700439453, 22.397207260131836, 17.29952049255371, 17.960617065429688, 18.938209533691406, 18.793771743774414, 19.940505981445312, 18.311725616455078, 22.186185836791992, 19.737321853637695, 22.20962905883789, 18.81772232055664, 21.68825340270996, 22.8481388092041, 22.551803588867188, 18.38140106201172, 19.710100173950195, 22.301334381103516, 18.715662002563477, 18.554182052612305, 25.317943572998047, 23.365821838378906, 25.921688079833984, 24.087928771972656, 12.988208770751953, 19.043874740600586, 16.0233211517334, 21.21510124206543, 20.880693435668945]","[[980, 545]]",38,8.495427002000724,"{""-40"": 38.09200854050486, ""-20"": 36.134339934901185, ""-10"": 37.60317205127917, ""0"": 38.315093893753854, ""10"": 36.89669458489669, ""20"": 37.519160672238, ""40"": 36.798083757099356}","{""-40"": 36.97858231382513, ""-20"": 34.35633750028683, ""-10"": 37.04207416922425, ""0"": 37.92446584059574, ""10"": 33.67134542771913, ""20"": 35.258177267567234, ""40"": 35.150676483993415}",2.7996922889997222,833232384,3442831360,19.053669476999858,"{""bits"": 8, ""dtype"": ""qint8"", ""step"": 0.0068830568343400955, ""dc"": {""scale"": 0.054016318172216415, ""zero_point"": -81, ""grid_min"": -2.5387669540941715, ""grid_max"": 11.235394179821014, ""codebook_min"": -2.459988594055176, ""codebook_max"": 8.231006622314453, ""n_outside_grid"": 0, ""n_values"": 12288}, ""rest"": {""scale"": 0.0068830568343400955, ""zero_point"": -4, ""grid_min"": -0.8534990474581718, ""grid_max"": 0.9016804452985525, ""codebook_min"": -2.5255510807037354, ""codebook_max"": 2.859241247177124, ""n_outside_grid"": 294, ""n_values"": 184320}}","{""dc_scale"": 0.054016318172216415, ""dc_zero_point"": -81, ""rest_scale"": 0.0068830568343400955, ""rest_zero_point"": -4}",,19.11718095699871,4368903680,4905238528,2119524352,3259547648,0,True,34b1e08453d93508f68afefb03fcde698322e7ce,11.315230131149292,674.4003138542175,4910668800,5377097728,3910979584,187b6095ffe3135c7769d73a9caefcd03a5273d8,2a234af55fbe8b90c8829c1436ce80088c4b622b,49ccae72e75eec9877354ed72074827531f7fd79,27c7731bcb76,2026-10-09T15:35:24
train,j+1_p0_c3dgs,1,1.8e-06,0,c3dgs,fork,0,ok,,cuda,,,url,1026508,115907,31950,878651,21.335323333740234,0.7816665768623352,0.24445457756519318,,11328966,10.804143905639648,11.328966,9.378340740174083,34401,8.947982464818114,2451,"{""quantization"": {""compressed_bytes"": 67, ""uncompressed_bytes"": 129}, ""xyz"": {""compressed_bytes"": 4013367, ""uncompressed_bytes"": 5463734}, ""features_dc"": {""compressed_bytes"": 80483, ""uncompressed_bytes"": 108266}, ""features_dc_scale"": {""compressed_bytes"": 72, ""uncompressed_bytes"": 132}, ""features_dc_zero_point"": {""compressed_bytes"": 73, ""uncompressed_bytes"": 132}, ""features_rest"": {""compressed_bytes"": 1008648, ""uncompressed_bytes"": 1622198}, ""features_rest_scale"": {""compressed_bytes"": 72, ""uncompressed_bytes"": 132}, ""features_rest_zero_point"": {""compressed_bytes"": 73, ""uncompressed_bytes"": 132}, ""opacity"": {""compressed_bytes"": 789622, ""uncompressed_bytes"": 910729}, ""opacity_scale"": {""compressed_bytes"": 72, ""uncompressed_bytes"": 132}, ""opacity_zero_point"": {""compressed_bytes"": 73, ""uncompressed_bytes"": 132}, ""feature_indices"": {""compressed_bytes"": 1247103, ""uncompressed_bytes"": 3642532}, ""gaussian_indices"": {""compressed_bytes"": 1991832, ""uncompressed_bytes"": 3642532}, ""scaling"": {""compressed_bytes"": 600350, ""uncompressed_bytes"": 843839}, ""scaling_scale"": {""compressed_bytes"": 72, ""uncompressed_bytes"": 132}, ""scaling_zero_point"": {""compressed_bytes"": 73, ""uncompressed_bytes"": 132}, ""scaling_factor"": {""compressed_bytes"": 706943, ""uncompressed_bytes"": 910729}, ""scaling_factor_scale"": {""compressed_bytes"": 72, ""uncompressed_bytes"": 132}, ""scaling_factor_zero_point"": {""compressed_bytes"": 72, ""uncompressed_bytes"": 132}, ""rotation"": {""compressed_bytes"": 886716, ""uncompressed_bytes"": 1125076}, ""rotation_scale"": {""compressed_bytes"": 72, ""uncompressed_bytes"": 132}, ""rotation_zero_point"": {""compressed_bytes"": 73, ""uncompressed_bytes"": 132}}",20.844836335433158,0.7661413338623548,0.24559491676719566,"[24.235069274902344, 22.06043815612793, 25.012033462524414, 21.800264358520508, 23.08119773864746, 24.491104125976562, 22.322269439697266, 21.848588943481445, 22.85772705078125, 23.11101722717285, 22.261770248413086, 16.981462478637695, 17.909151077270508, 18.924325942993164, 18.484485626220703, 19.628250122070312, 18.163320541381836, 21.816238403320312, 19.514673233032227, 21.7752628326416, 18.593931198120117, 21.24908447265625, 22.085763931274414, 22.471405029296875, 17.578060150146484, 19.34992027282715, 21.772750854492188, 18.435747146606445, 18.3353271484375, 24.84210968017578, 22.974735260009766, 25.197551727294922, 23.821115493774414, 13.0244779586792, 18.674100875854492, 15.888236045837402, 20.90735626220703, 20.623456954956055]","[[980, 545]]",38,8.444691850998424,"{""-40"": 32.38114311820582, ""-20"": 31.27707576751709, ""-10"": 31.502599565606367, ""0"": 31.836207590605085, ""10"": 31.17572061639083, ""20"": 32.1461376892893, ""40"": 32.30570948751349}","{""-40"": 31.818659904143026, ""-20"": 30.935002589275285, ""-10"": 31.250311750920318, ""0"": 31.583564745951623, ""10"": 30.05954403209667, ""20"": 31.143479693641225, ""40"": 31.61478420069109}",2.775647656999354,834353152,3417341952,,"{""bits"": 8, ""dtype"": ""qint8"", ""step"": 0.0068830568343400955, ""dc"": {""scale"": 0.054016318172216415, ""zero_point"": -81, ""grid_min"": -2.5387669540941715, ""grid_max"": 11.235394179821014, ""codebook_min"": -1.819243311882019, ""codebook_max"": 4.498715877532959, ""n_outside_grid"": 0, ""n_values"": 12288}, ""rest"": {""scale"": 0.0068830568343400955, ""zero_point"": -4, ""grid_min"": -0.8534990474581718, ""grid_max"": 0.9016804452985525, ""codebook_min"": -0.5012050867080688, ""codebook_max"": 0.5845051407814026, ""n_outside_grid"": 0, ""n_values"": 184320}}","{""dc_scale"": 0.054016318172216415, ""dc_zero_point"": -81, ""rest_scale"": 0.0068830568343400955, ""rest_zero_point"": -4}",,130.9934587959997,2979686400,3303014400,1771532288,1773838336,,True,c1c06bd25d1a8a96d632b7afe619aa0fd7a24508,11.164010047912598,699.9656281471252,4921046016,5377097728,4732809216,187b6095ffe3135c7769d73a9caefcd03a5273d8,2a234af55fbe8b90c8829c1436ce80088c4b622b,49ccae72e75eec9877354ed72074827531f7fd79,27c7731bcb76,2026-10-09T15:49:10
train,j+1_p0_ogc_plain,1,1.8e-06,0,ogc_plain,fork,0,ok,,cuda,plain,ogc,url,1026508,115907,31950,878651,21.432653427124023,0.786130428314209,0.24034924805164337,,11613915,11.075892448425293,11.613915,11.853481175483878,36046,11.513125343541905,4096,"{""quantization"": {""compressed_bytes"": 67, ""uncompressed_bytes"": 129}, ""xyz"": {""compressed_bytes"": 4013367, ""uncompressed_bytes"": 5463734}, ""features_dc"": {""compressed_bytes"": 84272, ""uncompressed_bytes"": 108266}, ""features_dc_scale"": {""compressed_bytes"": 72, ""uncompressed_bytes"": 132}, ""features_dc_zero_point"": {""compressed_bytes"": 73, ""uncompressed_bytes"": 132}, ""features_rest"": {""compressed_bytes"": 1048360, ""uncompressed_bytes"": 1622198}, ""features_rest_scale"": {""compressed_bytes"": 72, ""uncompressed_bytes"": 132}, ""features_rest_zero_point"": {""compressed_bytes"": 73, ""uncompressed_bytes"": 132}, ""opacity"": {""compressed_bytes"": 789622, ""uncompressed_bytes"": 910729}, ""opacity_scale"": {""compressed_bytes"": 72, ""uncompressed_bytes"": 132}, ""opacity_zero_point"": {""compressed_bytes"": 73, ""uncompressed_bytes"": 132}, ""feature_indices"": {""compressed_bytes"": 1488551, ""uncompressed_bytes"": 3642532}, ""gaussian_indices"": {""compressed_bytes"": 1991832, ""uncompressed_bytes"": 3642532}, ""scaling"": {""compressed_bytes"": 600350, ""uncompressed_bytes"": 843839}, ""scaling_scale"": {""compressed_bytes"": 72, ""uncompressed_bytes"": 132}, ""scaling_zero_point"": {""compressed_bytes"": 73, ""uncompressed_bytes"": 132}, ""scaling_factor"": {""compressed_bytes"": 706943, ""uncompressed_bytes"": 910729}, ""scaling_factor_scale"": {""compressed_bytes"": 72, ""uncompressed_bytes"": 132}, ""scaling_factor_zero_point"": {""compressed_bytes"": 72, ""uncompressed_bytes"": 132}, ""rotation"": {""compressed_bytes"": 886716, ""uncompressed_bytes"": 1125076}, ""rotation_scale"": {""compressed_bytes"": 72, ""uncompressed_bytes"": 132}, ""rotation_zero_point"": {""compressed_bytes"": 73, ""uncompressed_bytes"": 132}}",20.9685347707648,0.7710982302301809,0.24121834769060738,"[24.53411293029785, 22.277503967285156, 25.149412155151367, 21.95594596862793, 23.299911499023438, 24.55891990661621, 22.332813262939453, 22.02723503112793, 23.040081024169922, 23.154441833496094, 22.35520362854004, 17.02261734008789, 17.912641525268555, 19.04194450378418, 18.572399139404297, 19.693782806396484, 18.253665924072266, 21.938217163085938, 19.543704986572266, 22.003541946411133, 18.66546058654785, 21.413652420043945, 22.24214744567871, 22.442384719848633, 17.870466232299805, 19.559080123901367, 21.9176025390625, 18.55835723876953, 18.371301651000977, 24.9956111907959, 23.080705642700195, 25.30328369140625, 23.95876121520996, 13.052868843078613, 18.83904266357422, 15.942910194396973, 21.13438606262207, 20.7882022857666]","[[980, 545]]",38,8.540384607000306,"{""-40"": 33.3601786964818, ""-20"": 32.26895899521677, ""-10"": 32.73560734799034, ""0"": 33.091391713995684, ""10"": 32.243571381819876, ""20"": 33.4479976955213, ""40"": 33.31756466313412}","{""-40"": 32.716095015734005, ""-20"": 31.862265073308613, ""-10"": 32.517914016258096, ""0"": 32.8636837198664, ""10"": 30.901652680689068, ""20"": 32.31917146901714, ""40"": 32.41040886976584}",2.8163462990014523,833181184,3454197760,25.42291650900006,"{""bits"": 8, ""dtype"": ""qint8"", ""step"": 0.0068830568343400955, ""dc"": {""scale"": 0.054016318172216415, ""zero_point"": -81, ""grid_min"": -2.5387669540941715, ""grid_max"": 11.235394179821014, ""codebook_min"": -2.0959110260009766, ""codebook_max"": 11.235394477844238, ""n_outside_grid"": 0, ""n_values"": 12288}, ""rest"": {""scale"": 0.0068830568343400955, ""zero_point"": -4, ""grid_min"": -0.8534990474581718, ""grid_max"": 0.9016804452985525, ""codebook_min"": -0.7691816091537476, ""codebook_max"": 0.7158378958702087, ""n_outside_grid"": 0, ""n_values"": 184320}}","{""dc_scale"": 0.054016318172216415, ""dc_zero_point"": -81, ""rest_scale"": 0.0068830568343400955, ""rest_zero_point"": -4}",,25.498545239999657,4434604032,4951375872,2253926400,4732801024,899738624,True,c1c06bd25d1a8a96d632b7afe619aa0fd7a24508,11.208693742752075,699.9656281471252,4921046016,5377097728,4732809216,187b6095ffe3135c7769d73a9caefcd03a5273d8,2a234af55fbe8b90c8829c1436ce80088c4b622b,49ccae72e75eec9877354ed72074827531f7fd79,27c7731bcb76,2026-10-09T15:49:10
train,j+1_p0_ogc_scalar,1,1.8e-06,0,ogc_scalar,fork,0,ok,,cuda,scalar,ogc,url,1026508,115907,31950,878651,21.48017120361328,0.788022518157959,0.23902428150177002,,11605878,11.068227767944336,11.605878,11.663368044439203,36046,11.316099212299335,4096,"{""quantization"": {""compressed_bytes"": 67, ""uncompressed_bytes"": 129}, ""xyz"": {""compressed_bytes"": 4013367, ""uncompressed_bytes"": 5463734}, ""features_dc"": {""compressed_bytes"": 83454, ""uncompressed_bytes"": 108266}, ""features_dc_scale"": {""compressed_bytes"": 72, ""uncompressed_bytes"": 132}, ""features_dc_zero_point"": {""compressed_bytes"": 73, ""uncompressed_bytes"": 132}, ""features_rest"": {""compressed_bytes"": 1049534, ""uncompressed_bytes"": 1622198}, ""features_rest_scale"": {""compressed_bytes"": 72, ""uncompressed_bytes"": 132}, ""features_rest_zero_point"": {""compressed_bytes"": 73, ""uncompressed_bytes"": 132}, ""opacity"": {""compressed_bytes"": 789622, ""uncompressed_bytes"": 910729}, ""opacity_scale"": {""compressed_bytes"": 72, ""uncompressed_bytes"": 132}, ""opacity_zero_point"": {""compressed_bytes"": 73, ""uncompressed_bytes"": 132}, ""feature_indices"": {""compressed_bytes"": 1480158, ""uncompressed_bytes"": 3642532}, ""gaussian_indices"": {""compressed_bytes"": 1991832, ""uncompressed_bytes"": 3642532}, ""scaling"": {""compressed_bytes"": 600350, ""uncompressed_bytes"": 843839}, ""scaling_scale"": {""compressed_bytes"": 72, ""uncompressed_bytes"": 132}, ""scaling_zero_point"": {""compressed_bytes"": 73, ""uncompressed_bytes"": 132}, ""scaling_factor"": {""compressed_bytes"": 706943, ""uncompressed_bytes"": 910729}, ""scaling_factor_scale"": {""compressed_bytes"": 72, ""uncompressed_bytes"": 132}, ""scaling_factor_zero_point"": {""compressed_bytes"": 72, ""uncompressed_bytes"": 132}, ""rotation"": {""compressed_bytes"": 886716, ""uncompressed_bytes"": 1125076}, ""rotation_scale"": {""compressed_bytes"": 72, ""uncompressed_bytes"": 132}, ""rotation_zero_point"": {""compressed_bytes"": 73, ""uncompressed_bytes"": 132}}",20.993750823171514,0.7724830672929162,0.24038947020706378,"[24.511072158813477, 22.290634155273438, 25.316442489624023, 21.998764038085938, 23.393930435180664, 24.648900985717773, 22.411314010620117, 22.04306411743164, 23.161827087402344, 23.278324127197266, 22.34430503845215, 17.058061599731445, 17.917877197265625, 18.73247718811035, 18.552108764648438, 19.698078155517578, 18.238380432128906, 21.962533950805664, 19.586200714111328, 22.00551414489746, 18.69759178161621, 21.42096710205078, 22.360937118530273, 22.576095581054688, 17.866003036499023, 19.53174591064453, 21.989408493041992, 18.57879638671875, 18.426179885864258, 25.016347885131836, 23.082012176513672, 25.423465728759766, 23.91061019897461, 13.041755676269531, 18.894451141357422, 15.933815002441406, 21.07986831665039, 20.782669067382812]","[[980, 545]]",38,8.339879699999074,"{""-40"": 33.780848151759095, ""-20"": 32.59402039176539, ""-10"": 33.07889381207918, ""0"": 33.4280871341103, ""10"": 32.48435296510395, ""20"": 33.50960440384714, ""40"": 33.65545383252596}","{""-40"": 32.7469853133323, ""-20"": 32.27297774835189, ""-10"": 32.84945930513439, ""0"": 33.17826983960537, ""10"": 31.160298680477286, ""20"": 32.600265289208, ""40"": 33.040351149882426}",2.7754079189999175,833200640,3454197760,25.871385947999443,"{""bits"": 8, ""dtype"": ""qint8"", ""step"": 0.0068830568343400955, ""dc"": {""scale"": 0.054016318172216415, ""zero_point"": -81, ""grid_min"": -2.5387669540941715, ""grid_max"": 11.235394179821014, ""codebook_min"": -2.186617374420166, ""codebook_max"": 8.095806121826172, ""n_outside_grid"": 0, ""n_values"": 12288}, ""rest"": {""scale"": 0.0068830568343400955, ""zero_point"": -4, ""grid_min"": -0.8534990474581718, ""grid_max"": 0.9016804452985525, ""codebook_min"": -0.8282772302627563, ""codebook_max"": 0.7527241110801697, ""n_outside_grid"": 0, ""n_values"": 184320}}","{""dc_scale"": 0.054016318172216415, ""dc_zero_point"": -81, ""rest_scale"": 0.0068830568343400955, ""rest_zero_point"": -4}",,25.948249016999398,4442675712,4953473024,2258513920,4732809216,899738624,True,c1c06bd25d1a8a96d632b7afe619aa0fd7a24508,11.171966552734375,699.9656281471252,4921046016,5377097728,4732809216,187b6095ffe3135c7769d73a9caefcd03a5273d8,2a234af55fbe8b90c8829c1436ce80088c4b622b,49ccae72e75eec9877354ed72074827531f7fd79,27c7731bcb76,2026-10-09T15:49:10
train,j+1_p0_ogc_gram,1,1.8e-06,0,ogc_gram,fork,0,ok,,cuda,gram,ogc,url,1026508,115907,31950,878651,21.614858627319336,0.7967429161071777,0.2278059422969818,,11846983,11.298163414001465,11.846983,11.980954573179957,36046,11.64523400035268,4096,"{""quantization"": {""compressed_bytes"": 67, ""uncompressed_bytes"": 129}, ""xyz"": {""compressed_bytes"": 4013367, ""uncompressed_bytes"": 5463734}, ""features_dc"": {""compressed_bytes"": 83735, ""uncompressed_bytes"": 108266}, ""features_dc_scale"": {""compressed_bytes"": 72, ""uncompressed_bytes"": 132}, ""features_dc_zero_point"": {""compressed_bytes"": 73, ""uncompressed_bytes"": 132}, ""features_rest"": {""compressed_bytes"": 1082417, ""uncompressed_bytes"": 1622198}, ""features_rest_scale"": {""compressed_bytes"": 72, ""uncompressed_bytes"": 132}, ""features_rest_zero_point"": {""compressed_bytes"": 73, ""uncompressed_bytes"": 132}, ""opacity"": {""compressed_bytes"": 789622, ""uncompressed_bytes"": 910729}, ""opacity_scale"": {""compressed_bytes"": 72, ""uncompressed_bytes"": 132}, ""opacity_zero_point"": {""compressed_bytes"": 73, ""uncompressed_bytes"": 132}, ""feature_indices"": {""compressed_bytes"": 1688099, ""uncompressed_bytes"": 3642532}, ""gaussian_indices"": {""compressed_bytes"": 1991832, ""uncompressed_bytes"": 3642532}, ""scaling"": {""compressed_bytes"": 600350, ""uncompressed_bytes"": 843839}, ""scaling_scale"": {""compressed_bytes"": 72, ""uncompressed_bytes"": 132}, ""scaling_zero_point"": {""compressed_bytes"": 73, ""uncompressed_bytes"": 132}, ""scaling_factor"": {""compressed_bytes"": 706943, ""uncompressed_bytes"": 910729}, ""scaling_factor_scale"": {""compressed_bytes"": 72, ""uncompressed_bytes"": 132}, ""scaling_factor_zero_point"": {""compressed_bytes"": 72, ""uncompressed_bytes"": 132}, ""rotation"": {""compressed_bytes"": 886716, ""uncompressed_bytes"": 1125076}, ""rotation_scale"": {""compressed_bytes"": 72, ""uncompressed_bytes"": 132}, ""rotation_zero_point"": {""compressed_bytes"": 73, ""uncompressed_bytes"": 132}}",21.131970731835615,0.7815456562920621,0.22896771485868253,"[24.691635131835938, 22.56938934326172, 25.527584075927734, 22.102508544921875, 23.56412696838379, 24.796232223510742, 22.507322311401367, 22.105703353881836, 23.304615020751953, 23.337839126586914, 22.363744735717773, 17.236114501953125, 17.928424835205078, 18.935001373291016, 18.679725646972656, 19.874608993530273, 18.317232131958008, 22.11284637451172, 19.66705894470215, 22.12112045288086, 18.778095245361328, 21.600732803344727, 22.703763961791992, 22.548030853271484, 18.11318588256836, 19.623558044433594, 22.265522003173828, 18.67620277404785, 18.540998458862305, 25.34365463256836, 23.228361129760742, 25.827360153198242, 24.039215087890625, 13.020167350769043, 18.949068069458008, 15.985284805297852, 21.16813850402832, 20.860713958740234]","[[980, 545]]",38,8.199507527000605,"{""-40"": 33.763954764918275, ""-20"": 33.43784422623484, ""-10"": 34.729123768053554, ""0"": 36.28736134579307, ""10"": 33.60137231726395, ""20"": 33.81398095582661, ""40"": 33.162796572635045}","{""-40"": 30.439257612337908, ""-20"": 31.779360784978135, ""-10"": 33.47821163306507, ""0"": 35.95761767538959, ""10"": 30.720656536089134, ""20"": 31.32237972901364, ""40"": 30.77034030721184}",2.7690028159995563,833220096,3454197760,26.370917559999725,"{""bits"": 8, ""dtype"": ""qint8"", ""step"": 0.0068830568343400955, ""dc"": {""scale"": 0.054016318172216415, ""zero_point"": -81, ""grid_min"": -2.5387669540941715, ""grid_max"": 11.235394179821014, ""codebook_min"": -2.395885467529297, ""codebook_max"": 7.8838911056518555, ""n_outside_grid"": 0, ""n_values"": 12288}, ""rest"": {""scale"": 0.0068830568343400955, ""zero_point"": -4, ""grid_min"": -0.8534990474581718, ""grid_max"": 0.9016804452985525, ""codebook_min"": -2.345776081085205, ""codebook_max"": 2.5225493907928467, ""n_outside_grid"": 189, ""n_values"": 184320}}","{""dc_scale"": 0.054016318172216415, ""dc_zero_point"": -81, ""rest_scale"": 0.0068830568343400955, ""rest_zero_point"": -4}",,26.44760310899983,4450079232,4953473024,2258518016,3833069568,0,True,c1c06bd25d1a8a96d632b7afe619aa0fd7a24508,11.273474931716919,699.9656281471252,4921046016,5377097728,4732809216,187b6095ffe3135c7769d73a9caefcd03a5273d8,2a234af55fbe8b90c8829c1436ce80088c4b622b,49ccae72e75eec9877354ed72074827531f7fd79,27c7731bcb76,2026-10-09T15:49:10
train,j+1_p0_ogc_gram_ours,1,1.8e-06,0,ogc_gram_ours,fork,0,ok,,cuda,gram,ogc_derived,url,1026508,115907,31950,878651,21.614858627319336,0.7967429161071777,0.2278059422969818,,11846983,11.298163414001465,11.846983,11.980954573179957,36046,11.64523400035268,4096,"{""quantization"": {""compressed_bytes"": 67, ""uncompressed_bytes"": 129}, ""xyz"": {""compressed_bytes"": 4013367, ""uncompressed_bytes"": 5463734}, ""features_dc"": {""compressed_bytes"": 83735, ""uncompressed_bytes"": 108266}, ""features_dc_scale"": {""compressed_bytes"": 72, ""uncompressed_bytes"": 132}, ""features_dc_zero_point"": {""compressed_bytes"": 73, ""uncompressed_bytes"": 132}, ""features_rest"": {""compressed_bytes"": 1082417, ""uncompressed_bytes"": 1622198}, ""features_rest_scale"": {""compressed_bytes"": 72, ""uncompressed_bytes"": 132}, ""features_rest_zero_point"": {""compressed_bytes"": 73, ""uncompressed_bytes"": 132}, ""opacity"": {""compressed_bytes"": 789622, ""uncompressed_bytes"": 910729}, ""opacity_scale"": {""compressed_bytes"": 72, ""uncompressed_bytes"": 132}, ""opacity_zero_point"": {""compressed_bytes"": 73, ""uncompressed_bytes"": 132}, ""feature_indices"": {""compressed_bytes"": 1688099, ""uncompressed_bytes"": 3642532}, ""gaussian_indices"": {""compressed_bytes"": 1991832, ""uncompressed_bytes"": 3642532}, ""scaling"": {""compressed_bytes"": 600350, ""uncompressed_bytes"": 843839}, ""scaling_scale"": {""compressed_bytes"": 72, ""uncompressed_bytes"": 132}, ""scaling_zero_point"": {""compressed_bytes"": 73, ""uncompressed_bytes"": 132}, ""scaling_factor"": {""compressed_bytes"": 706943, ""uncompressed_bytes"": 910729}, ""scaling_factor_scale"": {""compressed_bytes"": 72, ""uncompressed_bytes"": 132}, ""scaling_factor_zero_point"": {""compressed_bytes"": 72, ""uncompressed_bytes"": 132}, ""rotation"": {""compressed_bytes"": 886716, ""uncompressed_bytes"": 1125076}, ""rotation_scale"": {""compressed_bytes"": 72, ""uncompressed_bytes"": 132}, ""rotation_zero_point"": {""compressed_bytes"": 73, ""uncompressed_bytes"": 132}}",21.131970731835615,0.7815456562920621,0.22896771485868253,"[24.691635131835938, 22.56938934326172, 25.527584075927734, 22.102508544921875, 23.56412696838379, 24.796232223510742, 22.507322311401367, 22.105703353881836, 23.304615020751953, 23.337839126586914, 22.363744735717773, 17.236114501953125, 17.928424835205078, 18.935001373291016, 18.679725646972656, 19.874608993530273, 18.317232131958008, 22.11284637451172, 19.66705894470215, 22.12112045288086, 18.778095245361328, 21.600732803344727, 22.703763961791992, 22.548030853271484, 18.11318588256836, 19.623558044433594, 22.265522003173828, 18.67620277404785, 18.540998458862305, 25.34365463256836, 23.228361129760742, 25.827360153198242, 24.039215087890625, 13.020167350769043, 18.949068069458008, 15.985284805297852, 21.16813850402832, 20.860713958740234]","[[980, 545]]",38,8.464930172000095,"{""-40"": 33.763954764918275, ""-20"": 33.43784422623484, ""-10"": 34.729123768053554, ""0"": 36.28736134579307, ""10"": 33.60137231726395, ""20"": 33.81398095582661, ""40"": 33.162796572635045}","{""-40"": 30.439257612337908, ""-20"": 31.779360784978135, ""-10"": 33.47821163306507, ""0"": 35.95761767538959, ""10"": 30.720656536089134, ""20"": 31.32237972901364, ""40"": 30.77034030721184}",2.810774476000006,833239552,3454197760,25.76941046400134,"{""bits"": 8, ""dtype"": ""qint8"", ""step"": 0.0068830568343400955, ""dc"": {""scale"": 0.054016318172216415, ""zero_point"": -81, ""grid_min"": -2.5387669540941715, ""grid_max"": 11.235394179821014, ""codebook_min"": -2.395885467529297, ""codebook_max"": 7.8838911056518555, ""n_outside_grid"": 0, ""n_values"": 12288}, ""rest"": {""scale"": 0.0068830568343400955, ""zero_point"": -4, ""grid_min"": -0.8534990474581718, ""grid_max"": 0.9016804452985525, ""codebook_min"": -2.345776081085205, ""codebook_max"": 2.5225493907928467, ""n_outside_grid"": 189, ""n_values"": 184320}}","{""dc_scale"": 0.054016318172216415, ""dc_zero_point"": -81, ""rest_scale"": 0.0068830568343400955, ""rest_zero_point"": -4}",,25.857662307998908,4422724608,4953473024,2258522112,3833073664,0,True,c1c06bd25d1a8a96d632b7afe619aa0fd7a24508,11.256237268447876,699.9656281471252,4921046016,5377097728,4732809216,187b6095ffe3135c7769d73a9caefcd03a5273d8,2a234af55fbe8b90c8829c1436ce80088c4b622b,49ccae72e75eec9877354ed72074827531f7fd79,27c7731bcb76,2026-10-09T15:49:10
